2026-09-10 01:57:10.366 UTC postmaster[69699] LOG:  starting PostgreSQL 20devel on x86_64-pc-linux-gnu, compiled by gcc (GCC) 11.5.0 20240719 (Red Hat 11.5.0-5), 64-bit
2026-09-10 01:57:10.366 UTC postmaster[69699] LOG:  listening on Unix socket "/tmp/pg_regress-fAs0kC/.s.PGSQL.52544"
2026-09-10 01:57:10.370 UTC postmaster[69699] LOG:  database system was shut down at 2026-09-10 01:57:10 UTC
2026-09-10 01:57:10.395 UTC postmaster[69699] LOG:  could not fork new process for connection: Function not implemented
2026-09-10 01:57:10.445 UTC postmaster[69699] LOG:  could not fork new process for connection: Function not implemented
2026-09-10 01:57:10.495 UTC postmaster[69699] LOG:  could not fork new process for connection: Function not implemented
2026-09-10 01:57:10.545 UTC postmaster[69699] LOG:  could not fork new process for connection: Function not implemented
2026-09-10 01:57:10.595 UTC postmaster[69699] LOG:  could not fork new process for connection: Function not implemented
2026-09-10 01:57:10.645 UTC postmaster[69699] LOG:  could not fork new process for connection: Function not implemented
2026-09-10 01:57:10.696 UTC postmaster[69699] LOG:  could not fork new process for connection: Function not implemented
2026-09-10 01:57:10.746 UTC postmaster[69699] LOG:  could not fork new process for connection: Function not implemented
2026-09-10 01:57:10.796 UTC postmaster[69699] LOG:  could not fork new process for connection: Function not implemented
2026-09-10 01:57:10.846 UTC postmaster[69699] LOG:  could not fork new process for connection: Function not implemented
2026-09-10 01:57:10.896 UTC postmaster[69699] LOG:  could not fork new process for connection: Function not implemented
2026-09-10 01:57:10.946 UTC postmaster[69699] LOG:  could not fork new process for connection: Function not implemented
2026-09-10 01:57:10.996 UTC postmaster[69699] LOG:  could not fork new process for connection: Function not implemented
2026-09-10 01:57:11.047 UTC postmaster[69699] LOG:  could not fork new process for connection: Function not implemented
2026-09-10 01:57:11.097 UTC postmaster[69699] LOG:  could not fork new process for connection: Function not implemented
2026-09-10 01:57:11.147 UTC postmaster[69699] LOG:  could not fork new process for connection: Function not implemented
2026-09-10 01:57:11.197 UTC postmaster[69699] LOG:  could not fork new process for connection: Function not implemented
2026-09-10 01:57:11.247 UTC postmaster[69699] LOG:  could not fork new process for connection: Function not implemented
2026-09-10 01:57:11.297 UTC postmaster[69699] LOG:  could not fork new process for connection: Function not implemented
2026-09-10 01:57:11.347 UTC postmaster[69699] LOG:  could not fork new process for connection: Function not implemented
2026-09-10 01:57:11.398 UTC postmaster[69699] LOG:  could not fork new process for connection: Function not implemented
2026-09-10 01:57:11.448 UTC postmaster[69699] LOG:  could not fork new process for connection: Function not implemented
2026-09-10 01:57:11.498 UTC postmaster[69699] LOG:  could not fork new process for connection: Function not implemented
2026-09-10 01:57:11.548 UTC postmaster[69699] LOG:  could not fork new process for connection: Function not implemented
2026-09-10 01:57:11.598 UTC postmaster[69699] LOG:  could not fork new process for connection: Function not implemented
2026-09-10 01:57:11.648 UTC postmaster[69699] LOG:  could not fork new process for connection: Function not implemented
2026-09-10 01:57:11.698 UTC postmaster[69699] LOG:  could not fork new process for connection: Function not implemented
2026-09-10 01:57:11.749 UTC postmaster[69699] LOG:  could not fork new process for connection: Function not implemented
2026-09-10 01:57:11.799 UTC postmaster[69699] LOG:  could not fork new process for connection: Function not implemented
2026-09-10 01:57:11.849 UTC postmaster[69699] LOG:  could not fork new process for connection: Function not implemented
2026-09-10 01:57:11.899 UTC postmaster[69699] LOG:  could not fork new process for connection: Function not implemented
2026-09-10 01:57:11.949 UTC postmaster[69699] LOG:  could not fork new process for connection: Function not implemented
2026-09-10 01:57:11.999 UTC postmaster[69699] LOG:  could not fork new process for connection: Function not implemented
2026-09-10 01:57:12.049 UTC postmaster[69699] LOG:  could not fork new process for connection: Function not implemented
2026-09-10 01:57:12.100 UTC postmaster[69699] LOG:  could not fork new process for connection: Function not implemented
2026-09-10 01:57:12.150 UTC postmaster[69699] LOG:  could not fork new process for connection: Function not implemented
2026-09-10 01:57:12.200 UTC postmaster[69699] LOG:  could not fork new process for connection: Function not implemented
2026-09-10 01:57:12.250 UTC postmaster[69699] LOG:  could not fork new process for connection: Function not implemented
2026-09-10 01:57:12.300 UTC postmaster[69699] LOG:  could not fork new process for connection: Function not implemented
2026-09-10 01:57:12.350 UTC postmaster[69699] LOG:  could not fork new process for connection: Function not implemented
2026-09-10 01:57:12.400 UTC postmaster[69699] LOG:  could not fork new process for connection: Function not implemented
2026-09-10 01:57:12.450 UTC postmaster[69699] LOG:  could not fork new process for connection: Function not implemented
2026-09-10 01:57:12.501 UTC postmaster[69699] LOG:  could not fork new process for connection: Function not implemented
2026-09-10 01:57:12.551 UTC postmaster[69699] LOG:  could not fork new process for connection: Function not implemented
2026-09-10 01:57:12.601 UTC postmaster[69699] LOG:  could not fork new process for connection: Function not implemented
2026-09-10 01:57:12.651 UTC postmaster[69699] LOG:  could not fork new process for connection: Function not implemented
2026-09-10 01:57:12.701 UTC postmaster[69699] LOG:  could not fork new process for connection: Function not implemented
2026-09-10 01:57:12.751 UTC postmaster[69699] LOG:  could not fork new process for connection: Function not implemented
2026-09-10 01:57:12.801 UTC postmaster[69699] LOG:  could not fork new process for connection: Function not implemented
2026-09-10 01:57:12.852 UTC postmaster[69699] LOG:  could not fork new process for connection: Function not implemented
2026-09-10 01:57:12.902 UTC postmaster[69699] LOG:  could not fork new process for connection: Function not implemented
2026-09-10 01:57:12.952 UTC postmaster[69699] LOG:  could not fork new process for connection: Function not implemented
2026-09-10 01:57:13.002 UTC postmaster[69699] LOG:  could not fork new process for connection: Function not implemented
2026-09-10 01:57:13.052 UTC postmaster[69699] LOG:  could not fork new process for connection: Function not implemented
2026-09-10 01:57:13.102 UTC postmaster[69699] LOG:  could not fork new process for connection: Function not implemented
2026-09-10 01:57:13.152 UTC postmaster[69699] LOG:  could not fork new process for connection: Function not implemented
2026-09-10 01:57:13.203 UTC postmaster[69699] LOG:  could not fork new process for connection: Function not implemented
2026-09-10 01:57:13.253 UTC postmaster[69699] LOG:  could not fork new process for connection: Function not implemented
2026-09-10 01:57:13.303 UTC postmaster[69699] LOG:  could not fork new process for connection: Function not implemented
2026-09-10 01:57:13.353 UTC postmaster[69699] LOG:  could not fork new process for connection: Function not implemented
2026-09-10 01:57:13.403 UTC postmaster[69699] LOG:  could not fork new process for connection: Function not implemented
2026-09-10 01:57:13.453 UTC postmaster[69699] LOG:  could not fork new process for connection: Function not implemented
2026-09-10 01:57:13.503 UTC postmaster[69699] LOG:  could not fork new process for connection: Function not implemented
2026-09-10 01:57:13.554 UTC postmaster[69699] LOG:  could not fork new process for connection: Function not implemented
2026-09-10 01:57:13.604 UTC postmaster[69699] LOG:  could not fork new process for connection: Function not implemented
2026-09-10 01:57:13.654 UTC postmaster[69699] LOG:  could not fork new process for connection: Function not implemented
2026-09-10 01:57:13.704 UTC postmaster[69699] LOG:  could not fork new process for connection: Function not implemented
2026-09-10 01:57:13.754 UTC postmaster[69699] LOG:  could not fork new process for connection: Function not implemented
2026-09-10 01:57:13.804 UTC postmaster[69699] LOG:  could not fork new process for connection: Function not implemented
2026-09-10 01:57:13.854 UTC postmaster[69699] LOG:  could not fork new process for connection: Function not implemented
2026-09-10 01:57:13.905 UTC postmaster[69699] LOG:  could not fork new process for connection: Function not implemented
2026-09-10 01:57:13.955 UTC postmaster[69699] LOG:  could not fork new process for connection: Function not implemented
2026-09-10 01:57:14.005 UTC postmaster[69699] LOG:  could not fork new process for connection: Function not implemented
2026-09-10 01:57:14.055 UTC postmaster[69699] LOG:  could not fork new process for connection: Function not implemented
2026-09-10 01:57:14.105 UTC postmaster[69699] LOG:  could not fork new process for connection: Function not implemented
2026-09-10 01:57:14.155 UTC postmaster[69699] LOG:  could not fork new process for connection: Function not implemented
2026-09-10 01:57:14.206 UTC postmaster[69699] LOG:  could not fork new process for connection: Function not implemented
2026-09-10 01:57:14.256 UTC postmaster[69699] LOG:  could not fork new process for connection: Function not implemented
2026-09-10 01:57:14.306 UTC postmaster[69699] LOG:  could not fork new process for connection: Function not implemented
2026-09-10 01:57:14.356 UTC postmaster[69699] LOG:  could not fork new process for connection: Function not implemented
2026-09-10 01:57:14.406 UTC postmaster[69699] LOG:  could not fork new process for connection: Function not implemented
2026-09-10 01:57:14.456 UTC postmaster[69699] LOG:  could not fork new process for connection: Function not implemented
2026-09-10 01:57:14.506 UTC postmaster[69699] LOG:  could not fork new process for connection: Function not implemented
2026-09-10 01:57:14.556 UTC postmaster[69699] LOG:  could not fork new process for connection: Function not implemented
2026-09-10 01:57:14.607 UTC postmaster[69699] LOG:  could not fork new process for connection: Function not implemented
2026-09-10 01:57:14.657 UTC postmaster[69699] LOG:  could not fork new process for connection: Function not implemented
2026-09-10 01:57:14.707 UTC postmaster[69699] LOG:  could not fork new process for connection: Function not implemented
2026-09-10 01:57:14.757 UTC postmaster[69699] LOG:  could not fork new process for connection: Function not implemented
2026-09-10 01:57:14.807 UTC postmaster[69699] LOG:  could not fork new process for connection: Function not implemented
2026-09-10 01:57:14.857 UTC postmaster[69699] LOG:  could not fork new process for connection: Function not implemented
2026-09-10 01:57:14.907 UTC postmaster[69699] LOG:  could not fork new process for connection: Function not implemented
2026-09-10 01:57:14.958 UTC postmaster[69699] LOG:  could not fork new process for connection: Function not implemented
2026-09-10 01:57:15.008 UTC postmaster[69699] LOG:  could not fork new process for connection: Function not implemented
2026-09-10 01:57:15.058 UTC postmaster[69699] LOG:  could not fork new process for connection: Function not implemented
2026-09-10 01:57:15.108 UTC postmaster[69699] LOG:  could not fork new process for connection: Function not implemented
2026-09-10 01:57:15.158 UTC postmaster[69699] LOG:  could not fork new process for connection: Function not implemented
2026-09-10 01:57:15.208 UTC postmaster[69699] LOG:  could not fork new process for connection: Function not implemented
2026-09-10 01:57:15.258 UTC postmaster[69699] LOG:  could not fork new process for connection: Function not implemented
2026-09-10 01:57:15.309 UTC postmaster[69699] LOG:  could not fork new process for connection: Function not implemented
2026-09-10 01:57:15.359 UTC postmaster[69699] LOG:  could not fork new process for connection: Function not implemented
2026-09-10 01:57:15.379 UTC postmaster[69699] LOG:  database system is ready to accept connections
2026-09-10 01:57:15.382 UTC postmaster[69699] LOG:  xtc: carrier scheduler thread up (32 loops, 32 supervisors, thread-per-session backend pool)
2026-09-10 01:57:15.382 UTC postmaster[69699] LOG:  xtc: walwriter launched as xtc fiber (child_slot=285)
2026-09-10 01:57:15.382 UTC postmaster[69699] LOG:  xtc: autovacuum launcher launched as xtc fiber (child_slot=221)
xtc: spawned backend fiber pid=(loop=1,local=2,gen=1) migratable=0
2026-09-10 01:57:15.382 UTC postmaster[69699] LOG:  xtc: background worker launched as xtc fiber (child_slot=238)
xtc: spawned backend fiber pid=(loop=2,local=1,gen=1) migratable=0
xtc: spawned backend fiber pid=(loop=3,local=1,gen=1) migratable=0
2026-09-10 01:57:15.409 UTC postmaster[69699] LOG:  xtc: client backend launched as xtc fiber (child_slot=1)
xtc: spawned backend fiber pid=(loop=4,local=1,gen=1) migratable=1
xtc: backend fiber exiting pid=(loop=4,local=1,gen=1) code=0
xtc: supervisor observed normal backend fiber DOWN pid=(loop=4,local=1,gen=1)
2026-09-10 01:57:15.433 UTC postmaster[69699] LOG:  xtc: client backend launched as xtc fiber (child_slot=1)
xtc: spawned backend fiber pid=(loop=5,local=1,gen=1) migratable=1
xtc: backend fiber exiting pid=(loop=5,local=1,gen=1) code=0
xtc: supervisor observed normal backend fiber DOWN pid=(loop=5,local=1,gen=1)
2026-09-10 01:57:15.513 UTC postmaster[69699] LOG:  xtc: client backend launched as xtc fiber (child_slot=1)
xtc: spawned backend fiber pid=(loop=6,local=1,gen=1) migratable=1
xtc: backend fiber exiting pid=(loop=6,local=1,gen=1) code=0
xtc: supervisor observed normal backend fiber DOWN pid=(loop=6,local=1,gen=1)
2026-09-10 01:57:15.994 UTC postmaster[69699] LOG:  xtc: client backend launched as xtc fiber (child_slot=1)
xtc: spawned backend fiber pid=(loop=7,local=1,gen=1) migratable=1
2026-09-10 01:57:15.994 UTC postmaster[69699] LOG:  xtc: client backend launched as xtc fiber (child_slot=2)
2026-09-10 01:57:15.994 UTC postmaster[69699] LOG:  xtc: client backend launched as xtc fiber (child_slot=3)
xtc: spawned backend fiber pid=(loop=8,local=1,gen=1) migratable=1
xtc: spawned backend fiber pid=(loop=9,local=1,gen=1) migratable=1
2026-09-10 01:57:15.994 UTC postmaster[69699] LOG:  xtc: client backend launched as xtc fiber (child_slot=4)
xtc: spawned backend fiber pid=(loop=10,local=1,gen=1) migratable=1
2026-09-10 01:57:15.995 UTC postmaster[69699] LOG:  xtc: client backend launched as xtc fiber (child_slot=5)
xtc: spawned backend fiber pid=(loop=11,local=1,gen=1) migratable=1
2026-09-10 01:57:15.995 UTC postmaster[69699] LOG:  xtc: client backend launched as xtc fiber (child_slot=6)
xtc: spawned backend fiber pid=(loop=12,local=1,gen=1) migratable=1
2026-09-10 01:57:15.995 UTC postmaster[69699] LOG:  xtc: client backend launched as xtc fiber (child_slot=7)
xtc: spawned backend fiber pid=(loop=13,local=1,gen=1) migratable=1
2026-09-10 01:57:15.995 UTC postmaster[69699] LOG:  xtc: client backend launched as xtc fiber (child_slot=8)
xtc: spawned backend fiber pid=(loop=14,local=1,gen=1) migratable=1
2026-09-10 01:57:15.995 UTC postmaster[69699] LOG:  xtc: client backend launched as xtc fiber (child_slot=9)
xtc: spawned backend fiber pid=(loop=15,local=1,gen=1) migratable=1
2026-09-10 01:57:15.995 UTC postmaster[69699] LOG:  xtc: client backend launched as xtc fiber (child_slot=10)
xtc: spawned backend fiber pid=(loop=16,local=1,gen=1) migratable=1
2026-09-10 01:57:15.996 UTC postmaster[69699] LOG:  xtc: client backend launched as xtc fiber (child_slot=11)
xtc: spawned backend fiber pid=(loop=17,local=1,gen=1) migratable=1
2026-09-10 01:57:15.996 UTC postmaster[69699] LOG:  xtc: client backend launched as xtc fiber (child_slot=12)
xtc: spawned backend fiber pid=(loop=18,local=1,gen=1) migratable=1
2026-09-10 01:57:15.996 UTC postmaster[69699] LOG:  xtc: client backend launched as xtc fiber (child_slot=13)
xtc: spawned backend fiber pid=(loop=19,local=1,gen=1) migratable=1
2026-09-10 01:57:15.996 UTC postmaster[69699] LOG:  xtc: client backend launched as xtc fiber (child_slot=14)
xtc: spawned backend fiber pid=(loop=20,local=1,gen=1) migratable=1
2026-09-10 01:57:15.996 UTC postmaster[69699] LOG:  xtc: client backend launched as xtc fiber (child_slot=15)
xtc: spawned backend fiber pid=(loop=21,local=1,gen=1) migratable=1
2026-09-10 01:57:15.996 UTC postmaster[69699] LOG:  xtc: client backend launched as xtc fiber (child_slot=16)
xtc: spawned backend fiber pid=(loop=22,local=1,gen=1) migratable=1
2026-09-10 01:57:15.996 UTC postmaster[69699] LOG:  xtc: client backend launched as xtc fiber (child_slot=17)
xtc: spawned backend fiber pid=(loop=23,local=1,gen=1) migratable=1
2026-09-10 01:57:15.996 UTC postmaster[69699] LOG:  xtc: client backend launched as xtc fiber (child_slot=18)
xtc: spawned backend fiber pid=(loop=24,local=1,gen=1) migratable=1
2026-09-10 01:57:15.996 UTC postmaster[69699] LOG:  xtc: client backend launched as xtc fiber (child_slot=19)
xtc: spawned backend fiber pid=(loop=25,local=1,gen=1) migratable=1
2026-09-10 01:57:15.997 UTC postmaster[69699] LOG:  xtc: client backend launched as xtc fiber (child_slot=20)
xtc: spawned backend fiber pid=(loop=26,local=1,gen=1) migratable=1
2026-09-10 01:57:16.060 UTC postmaster[69699] pg_regress/boolean ERROR:  invalid input syntax for type boolean: "test" at character 13
2026-09-10 01:57:16.060 UTC postmaster[69699] pg_regress/boolean STATEMENT:  SELECT bool 'test' AS error;
2026-09-10 01:57:16.060 UTC postmaster[69699] pg_regress/boolean ERROR:  invalid input syntax for type boolean: "foo" at character 13
2026-09-10 01:57:16.060 UTC postmaster[69699] pg_regress/boolean STATEMENT:  SELECT bool 'foo' AS error;
2026-09-10 01:57:16.061 UTC postmaster[69699] pg_regress/boolean ERROR:  invalid input syntax for type boolean: "yeah" at character 13
2026-09-10 01:57:16.061 UTC postmaster[69699] pg_regress/boolean STATEMENT:  SELECT bool 'yeah' AS error;
2026-09-10 01:57:16.061 UTC postmaster[69699] pg_regress/int2 ERROR:  invalid input syntax for type smallint: "34.5" at character 34
2026-09-10 01:57:16.061 UTC postmaster[69699] pg_regress/int2 STATEMENT:  INSERT INTO INT2_TBL(f1) VALUES ('34.5');
2026-09-10 01:57:16.061 UTC postmaster[69699] pg_regress/int2 ERROR:  value "100000" is out of range for type smallint at character 34
2026-09-10 01:57:16.061 UTC postmaster[69699] pg_regress/int2 STATEMENT:  INSERT INTO INT2_TBL(f1) VALUES ('100000');
2026-09-10 01:57:16.061 UTC postmaster[69699] pg_regress/int2 ERROR:  invalid input syntax for type smallint: "asdf" at character 34
2026-09-10 01:57:16.061 UTC postmaster[69699] pg_regress/int2 STATEMENT:  INSERT INTO INT2_TBL(f1) VALUES ('asdf');
2026-09-10 01:57:16.061 UTC postmaster[69699] pg_regress/int2 ERROR:  invalid input syntax for type smallint: "    " at character 34
2026-09-10 01:57:16.061 UTC postmaster[69699] pg_regress/int2 STATEMENT:  INSERT INTO INT2_TBL(f1) VALUES ('    ');
2026-09-10 01:57:16.061 UTC postmaster[69699] pg_regress/int4 ERROR:  invalid input syntax for type integer: "34.5" at character 34
2026-09-10 01:57:16.061 UTC postmaster[69699] pg_regress/int4 STATEMENT:  INSERT INTO INT4_TBL(f1) VALUES ('34.5');
2026-09-10 01:57:16.062 UTC postmaster[69699] pg_regress/boolean ERROR:  invalid input syntax for type boolean: "nay" at character 13
2026-09-10 01:57:16.062 UTC postmaster[69699] pg_regress/boolean STATEMENT:  SELECT bool 'nay' AS error;
2026-09-10 01:57:16.062 UTC postmaster[69699] pg_regress/int2 ERROR:  invalid input syntax for type smallint: "- 1234" at character 34
2026-09-10 01:57:16.062 UTC postmaster[69699] pg_regress/int2 STATEMENT:  INSERT INTO INT2_TBL(f1) VALUES ('- 1234');
2026-09-10 01:57:16.062 UTC postmaster[69699] pg_regress/int4 ERROR:  value "1000000000000" is out of range for type integer at character 34
2026-09-10 01:57:16.062 UTC postmaster[69699] pg_regress/int4 STATEMENT:  INSERT INTO INT4_TBL(f1) VALUES ('1000000000000');
2026-09-10 01:57:16.062 UTC postmaster[69699] pg_regress/int2 ERROR:  invalid input syntax for type smallint: "4 444" at character 34
2026-09-10 01:57:16.062 UTC postmaster[69699] pg_regress/int2 STATEMENT:  INSERT INTO INT2_TBL(f1) VALUES ('4 444');
2026-09-10 01:57:16.062 UTC postmaster[69699] pg_regress/int2 ERROR:  invalid input syntax for type smallint: "123 dt" at character 34
2026-09-10 01:57:16.062 UTC postmaster[69699] pg_regress/int2 STATEMENT:  INSERT INTO INT2_TBL(f1) VALUES ('123 dt');
2026-09-10 01:57:16.062 UTC postmaster[69699] pg_regress/int4 ERROR:  invalid input syntax for type integer: "asdf" at character 34
2026-09-10 01:57:16.062 UTC postmaster[69699] pg_regress/int4 STATEMENT:  INSERT INTO INT4_TBL(f1) VALUES ('asdf');
2026-09-10 01:57:16.062 UTC postmaster[69699] pg_regress/int8 ERROR:  invalid input syntax for type bigint: "      " at character 34
2026-09-10 01:57:16.062 UTC postmaster[69699] pg_regress/int8 STATEMENT:  INSERT INTO INT8_TBL(q1) VALUES ('      ');
2026-09-10 01:57:16.062 UTC postmaster[69699] pg_regress/int2 ERROR:  invalid input syntax for type smallint: "" at character 34
2026-09-10 01:57:16.062 UTC postmaster[69699] pg_regress/int2 STATEMENT:  INSERT INTO INT2_TBL(f1) VALUES ('');
2026-09-10 01:57:16.062 UTC postmaster[69699] pg_regress/int8 ERROR:  invalid input syntax for type bigint: "xxx" at character 34
2026-09-10 01:57:16.062 UTC postmaster[69699] pg_regress/int8 STATEMENT:  INSERT INTO INT8_TBL(q1) VALUES ('xxx');
2026-09-10 01:57:16.062 UTC postmaster[69699] pg_regress/int4 ERROR:  invalid input syntax for type integer: "     " at character 34
2026-09-10 01:57:16.062 UTC postmaster[69699] pg_regress/int4 STATEMENT:  INSERT INTO INT4_TBL(f1) VALUES ('     ');
2026-09-10 01:57:16.062 UTC postmaster[69699] pg_regress/int4 ERROR:  invalid input syntax for type integer: "   asdf   " at character 34
2026-09-10 01:57:16.062 UTC postmaster[69699] pg_regress/int4 STATEMENT:  INSERT INTO INT4_TBL(f1) VALUES ('   asdf   ');
2026-09-10 01:57:16.062 UTC postmaster[69699] pg_regress/boolean ERROR:  invalid input syntax for type boolean: "o" at character 13
2026-09-10 01:57:16.062 UTC postmaster[69699] pg_regress/boolean STATEMENT:  SELECT bool 'o' AS error;
2026-09-10 01:57:16.063 UTC postmaster[69699] pg_regress/int4 ERROR:  invalid input syntax for type integer: "- 1234" at character 34
2026-09-10 01:57:16.063 UTC postmaster[69699] pg_regress/int4 STATEMENT:  INSERT INTO INT4_TBL(f1) VALUES ('- 1234');
2026-09-10 01:57:16.063 UTC postmaster[69699] pg_regress/boolean ERROR:  invalid input syntax for type boolean: "on_" at character 13
2026-09-10 01:57:16.063 UTC postmaster[69699] pg_regress/boolean STATEMENT:  SELECT bool 'on_' AS error;
2026-09-10 01:57:16.063 UTC postmaster[69699] pg_regress/int4 ERROR:  invalid input syntax for type integer: "123       5" at character 34
2026-09-10 01:57:16.063 UTC postmaster[69699] pg_regress/int4 STATEMENT:  INSERT INTO INT4_TBL(f1) VALUES ('123       5');
2026-09-10 01:57:16.063 UTC postmaster[69699] pg_regress/boolean ERROR:  invalid input syntax for type boolean: "off_" at character 13
2026-09-10 01:57:16.063 UTC postmaster[69699] pg_regress/boolean STATEMENT:  SELECT bool 'off_' AS error;
2026-09-10 01:57:16.063 UTC postmaster[69699] pg_regress/int4 ERROR:  invalid input syntax for type integer: "" at character 34
2026-09-10 01:57:16.063 UTC postmaster[69699] pg_regress/int4 STATEMENT:  INSERT INTO INT4_TBL(f1) VALUES ('');
2026-09-10 01:57:16.063 UTC postmaster[69699] pg_regress/int8 ERROR:  value "3908203590239580293850293850329485" is out of range for type bigint at character 34
2026-09-10 01:57:16.063 UTC postmaster[69699] pg_regress/int8 STATEMENT:  INSERT INTO INT8_TBL(q1) VALUES ('3908203590239580293850293850329485');
2026-09-10 01:57:16.063 UTC postmaster[69699] pg_regress/rangetypes ERROR:  malformed range literal: "" at character 8
2026-09-10 01:57:16.063 UTC postmaster[69699] pg_regress/rangetypes DETAIL:  Missing left parenthesis or bracket.
2026-09-10 01:57:16.063 UTC postmaster[69699] pg_regress/rangetypes STATEMENT:  select ''::textrange;
2026-09-10 01:57:16.063 UTC postmaster[69699] pg_regress/txid ERROR:  invalid input syntax for type pg_snapshot: "31:12:" at character 8
2026-09-10 01:57:16.063 UTC postmaster[69699] pg_regress/txid STATEMENT:  select '31:12:'::txid_snapshot;
2026-09-10 01:57:16.063 UTC postmaster[69699] pg_regress/rangetypes ERROR:  malformed range literal: "-[a,z)" at character 8
2026-09-10 01:57:16.063 UTC postmaster[69699] pg_regress/rangetypes DETAIL:  Missing left parenthesis or bracket.
2026-09-10 01:57:16.063 UTC postmaster[69699] pg_regress/rangetypes STATEMENT:  select '-[a,z)'::textrange;
2026-09-10 01:57:16.063 UTC postmaster[69699] pg_regress/boolean ERROR:  invalid input syntax for type boolean: "11" at character 13
2026-09-10 01:57:16.063 UTC postmaster[69699] pg_regress/boolean STATEMENT:  SELECT bool '11' AS error;
2026-09-10 01:57:16.063 UTC postmaster[69699] pg_regress/rangetypes ERROR:  malformed range literal: "[a,z) - " at character 8
2026-09-10 01:57:16.063 UTC postmaster[69699] pg_regress/rangetypes DETAIL:  Junk after right parenthesis or bracket.
2026-09-10 01:57:16.063 UTC postmaster[69699] pg_regress/rangetypes STATEMENT:  select '[a,z) - '::textrange;
2026-09-10 01:57:16.063 UTC postmaster[69699] pg_regress/txid ERROR:  invalid input syntax for type pg_snapshot: "0:1:" at character 8
2026-09-10 01:57:16.063 UTC postmaster[69699] pg_regress/txid STATEMENT:  select '0:1:'::txid_snapshot;
2026-09-10 01:57:16.063 UTC postmaster[69699] pg_regress/int8 ERROR:  value "-1204982019841029840928340329840934" is out of range for type bigint at character 34
2026-09-10 01:57:16.063 UTC postmaster[69699] pg_regress/int8 STATEMENT:  INSERT INTO INT8_TBL(q1) VALUES ('-1204982019841029840928340329840934');
2026-09-10 01:57:16.063 UTC postmaster[69699] pg_regress/rangetypes ERROR:  malformed range literal: "(",a)" at character 8
2026-09-10 01:57:16.063 UTC postmaster[69699] pg_regress/rangetypes DETAIL:  Unexpected end of input.
2026-09-10 01:57:16.063 UTC postmaster[69699] pg_regress/rangetypes STATEMENT:  select '(",a)'::textrange;
2026-09-10 01:57:16.064 UTC postmaster[69699] pg_regress/text ERROR:  function length(integer) does not exist at character 8
2026-09-10 01:57:16.064 UTC postmaster[69699] pg_regress/text DETAIL:  No function of that name accepts the given argument types.
2026-09-10 01:57:16.064 UTC postmaster[69699] pg_regress/text HINT:  You might need to add explicit type casts.
2026-09-10 01:57:16.064 UTC postmaster[69699] pg_regress/text STATEMENT:  select length(42);
2026-09-10 01:57:16.064 UTC postmaster[69699] pg_regress/txid ERROR:  invalid input syntax for type pg_snapshot: "12:13:0" at character 8
2026-09-10 01:57:16.064 UTC postmaster[69699] pg_regress/txid STATEMENT:  select '12:13:0'::txid_snapshot;
2026-09-10 01:57:16.064 UTC postmaster[69699] pg_regress/rangetypes ERROR:  malformed range literal: "(,,a)" at character 8
2026-09-10 01:57:16.064 UTC postmaster[69699] pg_regress/rangetypes DETAIL:  Too many commas.
2026-09-10 01:57:16.064 UTC postmaster[69699] pg_regress/rangetypes STATEMENT:  select '(,,a)'::textrange;
2026-09-10 01:57:16.064 UTC postmaster[69699] pg_regress/int8 ERROR:  invalid input syntax for type bigint: "- 123" at character 34
2026-09-10 01:57:16.064 UTC postmaster[69699] pg_regress/int8 STATEMENT:  INSERT INTO INT8_TBL(q1) VALUES ('- 123');
2026-09-10 01:57:16.064 UTC postmaster[69699] pg_regress/rangetypes ERROR:  malformed range literal: "(),a)" at character 8
2026-09-10 01:57:16.064 UTC postmaster[69699] pg_regress/rangetypes DETAIL:  Missing comma after lower bound.
2026-09-10 01:57:16.064 UTC postmaster[69699] pg_regress/rangetypes STATEMENT:  select '(),a)'::textrange;
2026-09-10 01:57:16.064 UTC postmaster[69699] pg_regress/txid ERROR:  invalid input syntax for type pg_snapshot: "12:16:14,13" at character 8
2026-09-10 01:57:16.064 UTC postmaster[69699] pg_regress/txid STATEMENT:  select '12:16:14,13'::txid_snapshot;
2026-09-10 01:57:16.064 UTC postmaster[69699] pg_regress/boolean ERROR:  invalid input syntax for type boolean: "000" at character 13
2026-09-10 01:57:16.064 UTC postmaster[69699] pg_regress/boolean STATEMENT:  SELECT bool '000' AS error;
2026-09-10 01:57:16.064 UTC postmaster[69699] pg_regress/rangetypes ERROR:  malformed range literal: "(a,))" at character 8
2026-09-10 01:57:16.064 UTC postmaster[69699] pg_regress/rangetypes DETAIL:  Junk after right parenthesis or bracket.
2026-09-10 01:57:16.064 UTC postmaster[69699] pg_regress/rangetypes STATEMENT:  select '(a,))'::textrange;
2026-09-10 01:57:16.064 UTC postmaster[69699] pg_regress/boolean ERROR:  invalid input syntax for type boolean: "" at character 13
2026-09-10 01:57:16.064 UTC postmaster[69699] pg_regress/boolean STATEMENT:  SELECT bool '' AS error;
2026-09-10 01:57:16.064 UTC postmaster[69699] pg_regress/rangetypes ERROR:  malformed range literal: "(],a)" at character 8
2026-09-10 01:57:16.064 UTC postmaster[69699] pg_regress/rangetypes DETAIL:  Missing comma after lower bound.
2026-09-10 01:57:16.064 UTC postmaster[69699] pg_regress/rangetypes STATEMENT:  select '(],a)'::textrange;
2026-09-10 01:57:16.064 UTC postmaster[69699] pg_regress/rangetypes ERROR:  malformed range literal: "(a,])" at character 8
2026-09-10 01:57:16.064 UTC postmaster[69699] pg_regress/rangetypes DETAIL:  Junk after right parenthesis or bracket.
2026-09-10 01:57:16.064 UTC postmaster[69699] pg_regress/rangetypes STATEMENT:  select '(a,])'::textrange;
2026-09-10 01:57:16.064 UTC postmaster[69699] pg_regress/int8 ERROR:  invalid input syntax for type bigint: "  345     5" at character 34
2026-09-10 01:57:16.064 UTC postmaster[69699] pg_regress/int8 STATEMENT:  INSERT INTO INT8_TBL(q1) VALUES ('  345     5');
2026-09-10 01:57:16.064 UTC postmaster[69699] pg_regress/rangetypes ERROR:  range lower bound must be less than or equal to range upper bound at character 8
2026-09-10 01:57:16.064 UTC postmaster[69699] pg_regress/rangetypes STATEMENT:  select '[z,a]'::textrange;
2026-09-10 01:57:16.065 UTC postmaster[69699] pg_regress/int8 ERROR:  invalid input syntax for type bigint: "" at character 34
2026-09-10 01:57:16.065 UTC postmaster[69699] pg_regress/int8 STATEMENT:  INSERT INTO INT8_TBL(q1) VALUES ('');
2026-09-10 01:57:16.065 UTC postmaster[69699] pg_regress/float8 ERROR:  "10e400" is out of range for type double precision at character 8
2026-09-10 01:57:16.065 UTC postmaster[69699] pg_regress/float8 STATEMENT:  SELECT '10e400'::float8;
2026-09-10 01:57:16.066 UTC postmaster[69699] pg_regress/float8 ERROR:  "-10e400" is out of range for type double precision at character 8
2026-09-10 01:57:16.066 UTC postmaster[69699] pg_regress/float8 STATEMENT:  SELECT '-10e400'::float8;
2026-09-10 01:57:16.066 UTC postmaster[69699] pg_regress/int2 ERROR:  table "f" has 1 columns available but 2 columns specified
2026-09-10 01:57:16.066 UTC postmaster[69699] pg_regress/int2 STATEMENT:  SELECT * FROM INT2_TBL AS f(a, b);
2026-09-10 01:57:16.066 UTC postmaster[69699] pg_regress/bit ERROR:  bit string length 2 does not match type bit(11)
2026-09-10 01:57:16.066 UTC postmaster[69699] pg_regress/bit STATEMENT:  INSERT INTO BIT_TABLE VALUES (B'10');
2026-09-10 01:57:16.066 UTC postmaster[69699] pg_regress/float8 ERROR:  "10e-400" is out of range for type double precision at character 8
2026-09-10 01:57:16.066 UTC postmaster[69699] pg_regress/float8 STATEMENT:  SELECT '10e-400'::float8;
2026-09-10 01:57:16.066 UTC postmaster[69699] pg_regress/int2 ERROR:  table "s" has 1 columns available but 2 columns specified
2026-09-10 01:57:16.066 UTC postmaster[69699] pg_regress/int2 STATEMENT:  SELECT * FROM (TABLE int2_tbl) AS s (a, b);
2026-09-10 01:57:16.066 UTC postmaster[69699] pg_regress/char ERROR:  value too long for type character(1)
2026-09-10 01:57:16.066 UTC postmaster[69699] pg_regress/char STATEMENT:  INSERT INTO CHAR_TBL (f1) VALUES ('cd');
2026-09-10 01:57:16.066 UTC postmaster[69699] pg_regress/float8 ERROR:  "-10e-400" is out of range for type double precision at character 8
2026-09-10 01:57:16.066 UTC postmaster[69699] pg_regress/float8 STATEMENT:  SELECT '-10e-400'::float8;
2026-09-10 01:57:16.066 UTC postmaster[69699] pg_regress/varchar ERROR:  value too long for type character varying(1)
2026-09-10 01:57:16.066 UTC postmaster[69699] pg_regress/varchar STATEMENT:  INSERT INTO VARCHAR_TBL (f1) VALUES ('cd');
2026-09-10 01:57:16.066 UTC postmaster[69699] pg_regress/text ERROR:  operator does not exist: integer || numeric at character 10
2026-09-10 01:57:16.066 UTC postmaster[69699] pg_regress/text DETAIL:  No operator of that name accepts the given argument types.
2026-09-10 01:57:16.066 UTC postmaster[69699] pg_regress/text HINT:  You might need to add explicit type casts.
2026-09-10 01:57:16.066 UTC postmaster[69699] pg_regress/text STATEMENT:  select 3 || 4.0;
2026-09-10 01:57:16.067 UTC postmaster[69699] pg_regress/float8 ERROR:  invalid input syntax for type double precision: "" at character 36
2026-09-10 01:57:16.067 UTC postmaster[69699] pg_regress/float8 STATEMENT:  INSERT INTO FLOAT8_TBL(f1) VALUES ('');
2026-09-10 01:57:16.067 UTC postmaster[69699] pg_regress/float8 ERROR:  invalid input syntax for type double precision: "     " at character 36
2026-09-10 01:57:16.067 UTC postmaster[69699] pg_regress/float8 STATEMENT:  INSERT INTO FLOAT8_TBL(f1) VALUES ('     ');
2026-09-10 01:57:16.067 UTC postmaster[69699] pg_regress/pg_lsn ERROR:  invalid input syntax for type pg_lsn: "G/0" at character 32
2026-09-10 01:57:16.067 UTC postmaster[69699] pg_regress/pg_lsn STATEMENT:  INSERT INTO PG_LSN_TBL VALUES ('G/0');
2026-09-10 01:57:16.067 UTC postmaster[69699] pg_regress/float8 ERROR:  invalid input syntax for type double precision: "xyz" at character 36
2026-09-10 01:57:16.067 UTC postmaster[69699] pg_regress/float8 STATEMENT:  INSERT INTO FLOAT8_TBL(f1) VALUES ('xyz');
2026-09-10 01:57:16.067 UTC postmaster[69699] pg_regress/float4 ERROR:  "10e70" is out of range for type real at character 36
2026-09-10 01:57:16.067 UTC postmaster[69699] pg_regress/float4 STATEMENT:  INSERT INTO FLOAT4_TBL(f1) VALUES ('10e70');
2026-09-10 01:57:16.067 UTC postmaster[69699] pg_regress/bit ERROR:  bit string length 12 does not match type bit(11)
2026-09-10 01:57:16.067 UTC postmaster[69699] pg_regress/bit STATEMENT:  INSERT INTO BIT_TABLE VALUES (B'101011111010');
2026-09-10 01:57:16.067 UTC postmaster[69699] pg_regress/oid ERROR:  invalid input syntax for type oid: "" at character 33
2026-09-10 01:57:16.067 UTC postmaster[69699] pg_regress/oid STATEMENT:  INSERT INTO OID_TBL(f1) VALUES ('');
2026-09-10 01:57:16.067 UTC postmaster[69699] pg_regress/pg_lsn ERROR:  invalid input syntax for type pg_lsn: "-1/0" at character 32
2026-09-10 01:57:16.067 UTC postmaster[69699] pg_regress/pg_lsn STATEMENT:  INSERT INTO PG_LSN_TBL VALUES ('-1/0');
2026-09-10 01:57:16.067 UTC postmaster[69699] pg_regress/float8 ERROR:  invalid input syntax for type double precision: "5.0.0" at character 36
2026-09-10 01:57:16.067 UTC postmaster[69699] pg_regress/float8 STATEMENT:  INSERT INTO FLOAT8_TBL(f1) VALUES ('5.0.0');
2026-09-10 01:57:16.067 UTC postmaster[69699] pg_regress/oid ERROR:  invalid input syntax for type oid: "    " at character 33
2026-09-10 01:57:16.067 UTC postmaster[69699] pg_regress/oid STATEMENT:  INSERT INTO OID_TBL(f1) VALUES ('    ');
2026-09-10 01:57:16.067 UTC postmaster[69699] pg_regress/float4 ERROR:  "-10e70" is out of range for type real at character 36
2026-09-10 01:57:16.067 UTC postmaster[69699] pg_regress/float4 STATEMENT:  INSERT INTO FLOAT4_TBL(f1) VALUES ('-10e70');
2026-09-10 01:57:16.067 UTC postmaster[69699] pg_regress/pg_lsn ERROR:  invalid input syntax for type pg_lsn: " 0/12345678" at character 32
2026-09-10 01:57:16.067 UTC postmaster[69699] pg_regress/pg_lsn STATEMENT:  INSERT INTO PG_LSN_TBL VALUES (' 0/12345678');
2026-09-10 01:57:16.067 UTC postmaster[69699] pg_regress/float8 ERROR:  invalid input syntax for type double precision: "5 . 0" at character 36
2026-09-10 01:57:16.067 UTC postmaster[69699] pg_regress/float8 STATEMENT:  INSERT INTO FLOAT8_TBL(f1) VALUES ('5 . 0');
2026-09-10 01:57:16.067 UTC postmaster[69699] pg_regress/oid ERROR:  invalid input syntax for type oid: "asdfasd" at character 33
2026-09-10 01:57:16.067 UTC postmaster[69699] pg_regress/oid STATEMENT:  INSERT INTO OID_TBL(f1) VALUES ('asdfasd');
2026-09-10 01:57:16.067 UTC postmaster[69699] pg_regress/float4 ERROR:  "10e-70" is out of range for type real at character 36
2026-09-10 01:57:16.067 UTC postmaster[69699] pg_regress/float4 STATEMENT:  INSERT INTO FLOAT4_TBL(f1) VALUES ('10e-70');
2026-09-10 01:57:16.067 UTC postmaster[69699] pg_regress/pg_lsn ERROR:  invalid input syntax for type pg_lsn: "ABCD/" at character 32
2026-09-10 01:57:16.067 UTC postmaster[69699] pg_regress/pg_lsn STATEMENT:  INSERT INTO PG_LSN_TBL VALUES ('ABCD/');
2026-09-10 01:57:16.067 UTC postmaster[69699] pg_regress/oid ERROR:  invalid input syntax for type oid: "99asdfasd" at character 33
2026-09-10 01:57:16.067 UTC postmaster[69699] pg_regress/oid STATEMENT:  INSERT INTO OID_TBL(f1) VALUES ('99asdfasd');
2026-09-10 01:57:16.067 UTC postmaster[69699] pg_regress/pg_lsn ERROR:  invalid input syntax for type pg_lsn: "/ABCD" at character 32
2026-09-10 01:57:16.067 UTC postmaster[69699] pg_regress/pg_lsn STATEMENT:  INSERT INTO PG_LSN_TBL VALUES ('/ABCD');
2026-09-10 01:57:16.067 UTC postmaster[69699] pg_regress/float4 ERROR:  "-10e-70" is out of range for type real at character 36
2026-09-10 01:57:16.067 UTC postmaster[69699] pg_regress/float4 STATEMENT:  INSERT INTO FLOAT4_TBL(f1) VALUES ('-10e-70');
2026-09-10 01:57:16.068 UTC postmaster[69699] pg_regress/oid ERROR:  invalid input syntax for type oid: "5    d" at character 33
2026-09-10 01:57:16.068 UTC postmaster[69699] pg_regress/oid STATEMENT:  INSERT INTO OID_TBL(f1) VALUES ('5    d');
2026-09-10 01:57:16.068 UTC postmaster[69699] pg_regress/float8 ERROR:  invalid input syntax for type double precision: "5.   0" at character 36
2026-09-10 01:57:16.068 UTC postmaster[69699] pg_regress/float8 STATEMENT:  INSERT INTO FLOAT8_TBL(f1) VALUES ('5.   0');
2026-09-10 01:57:16.068 UTC postmaster[69699] pg_regress/oid ERROR:  invalid input syntax for type oid: "    5d" at character 33
2026-09-10 01:57:16.068 UTC postmaster[69699] pg_regress/oid STATEMENT:  INSERT INTO OID_TBL(f1) VALUES ('    5d');
2026-09-10 01:57:16.068 UTC postmaster[69699] pg_regress/oid ERROR:  invalid input syntax for type oid: "5    5" at character 33
2026-09-10 01:57:16.068 UTC postmaster[69699] pg_regress/oid STATEMENT:  INSERT INTO OID_TBL(f1) VALUES ('5    5');
2026-09-10 01:57:16.068 UTC postmaster[69699] pg_regress/oid ERROR:  invalid input syntax for type oid: " - 500" at character 33
2026-09-10 01:57:16.068 UTC postmaster[69699] pg_regress/oid STATEMENT:  INSERT INTO OID_TBL(f1) VALUES (' - 500');
2026-09-10 01:57:16.068 UTC postmaster[69699] pg_regress/oid ERROR:  value "32958209582039852935" is out of range for type oid at character 33
2026-09-10 01:57:16.068 UTC postmaster[69699] pg_regress/oid STATEMENT:  INSERT INTO OID_TBL(f1) VALUES ('32958209582039852935');
2026-09-10 01:57:16.068 UTC postmaster[69699] pg_regress/float8 ERROR:  invalid input syntax for type double precision: "    - 3" at character 36
2026-09-10 01:57:16.068 UTC postmaster[69699] pg_regress/float8 STATEMENT:  INSERT INTO FLOAT8_TBL(f1) VALUES ('    - 3');
2026-09-10 01:57:16.068 UTC postmaster[69699] pg_regress/oid ERROR:  value "-23582358720398502385" is out of range for type oid at character 33
2026-09-10 01:57:16.068 UTC postmaster[69699] pg_regress/oid STATEMENT:  INSERT INTO OID_TBL(f1) VALUES ('-23582358720398502385');
2026-09-10 01:57:16.069 UTC postmaster[69699] pg_regress/enum ERROR:  invalid input value for enum rainbow: "mauve" at character 8
2026-09-10 01:57:16.069 UTC postmaster[69699] pg_regress/enum STATEMENT:  SELECT 'mauve'::rainbow;
2026-09-10 01:57:16.069 UTC postmaster[69699] pg_regress/float8 ERROR:  invalid input syntax for type double precision: "123           5" at character 36
2026-09-10 01:57:16.069 UTC postmaster[69699] pg_regress/float8 STATEMENT:  INSERT INTO FLOAT8_TBL(f1) VALUES ('123           5');
2026-09-10 01:57:16.070 UTC postmaster[69699] pg_regress/enum ERROR:  enum label "foo" used more than once
2026-09-10 01:57:16.070 UTC postmaster[69699] pg_regress/enum STATEMENT:  CREATE TYPE dup_enum AS ENUM ('foo','bar','foo');
2026-09-10 01:57:16.071 UTC postmaster[69699] pg_regress/boolean ERROR:  invalid input syntax for type boolean: "  tru e "
2026-09-10 01:57:16.071 UTC postmaster[69699] pg_regress/boolean STATEMENT:  SELECT '  tru e '::text::boolean AS invalid;
2026-09-10 01:57:16.071 UTC postmaster[69699] pg_regress/boolean ERROR:  invalid input syntax for type boolean: ""
2026-09-10 01:57:16.071 UTC postmaster[69699] pg_regress/boolean STATEMENT:  SELECT ''::text::boolean AS invalid;
2026-09-10 01:57:16.071 UTC postmaster[69699] pg_regress/bit ERROR:  bit string too long for type bit varying(11)
2026-09-10 01:57:16.071 UTC postmaster[69699] pg_regress/bit STATEMENT:  INSERT INTO VARBIT_TABLE VALUES (B'101011111010');
2026-09-10 01:57:16.071 UTC postmaster[69699] pg_regress/int4 ERROR:  integer out of range
2026-09-10 01:57:16.071 UTC postmaster[69699] pg_regress/int4 STATEMENT:  SELECT i.f1, i.f1 * int2 '2' AS x FROM INT4_TBL i;
2026-09-10 01:57:16.072 UTC postmaster[69699] pg_regress/bit ERROR:  " " is not a valid binary digit at character 8
2026-09-10 01:57:16.072 UTC postmaster[69699] pg_regress/bit STATEMENT:  SELECT b' 0';
2026-09-10 01:57:16.072 UTC postmaster[69699] pg_regress/bit ERROR:  " " is not a valid binary digit at character 8
2026-09-10 01:57:16.072 UTC postmaster[69699] pg_regress/bit STATEMENT:  SELECT b'0 ';
2026-09-10 01:57:16.072 UTC postmaster[69699] pg_regress/int4 ERROR:  integer out of range
2026-09-10 01:57:16.072 UTC postmaster[69699] pg_regress/int4 STATEMENT:  SELECT i.f1, i.f1 * int4 '2' AS x FROM INT4_TBL i;
2026-09-10 01:57:16.072 UTC postmaster[69699] pg_regress/bit ERROR:  " " is not a valid hexadecimal digit at character 8
2026-09-10 01:57:16.072 UTC postmaster[69699] pg_regress/bit STATEMENT:  SELECT x' 0';
2026-09-10 01:57:16.072 UTC postmaster[69699] pg_regress/char ERROR:  value too long for type character(4)
2026-09-10 01:57:16.072 UTC postmaster[69699] pg_regress/char STATEMENT:  INSERT INTO CHAR_TBL (f1) VALUES ('abcde');
2026-09-10 01:57:16.072 UTC postmaster[69699] pg_regress/bit ERROR:  " " is not a valid hexadecimal digit at character 8
2026-09-10 01:57:16.072 UTC postmaster[69699] pg_regress/bit STATEMENT:  SELECT x'0 ';
2026-09-10 01:57:16.073 UTC postmaster[69699] pg_regress/int4 ERROR:  integer out of range
2026-09-10 01:57:16.073 UTC postmaster[69699] pg_regress/int4 STATEMENT:  SELECT i.f1, i.f1 + int2 '2' AS x FROM INT4_TBL i;
2026-09-10 01:57:16.073 UTC postmaster[69699] pg_regress/int2 ERROR:  smallint out of range
2026-09-10 01:57:16.073 UTC postmaster[69699] pg_regress/int2 STATEMENT:  SELECT i.f1, i.f1 * int2 '2' AS x FROM INT2_TBL i;
2026-09-10 01:57:16.073 UTC postmaster[69699] pg_regress/float4 ERROR:  value out of range: overflow
2026-09-10 01:57:16.073 UTC postmaster[69699] pg_regress/float4 STATEMENT:  INSERT INTO FLOAT4_TBL(f1) VALUES ('10e70'::float8);
2026-09-10 01:57:16.074 UTC postmaster[69699] pg_regress/float4 ERROR:  value out of range: overflow
2026-09-10 01:57:16.074 UTC postmaster[69699] pg_regress/float4 STATEMENT:  INSERT INTO FLOAT4_TBL(f1) VALUES ('-10e70'::float8);
2026-09-10 01:57:16.074 UTC postmaster[69699] pg_regress/float8 ERROR:  invalid input syntax for type double precision: "N A N" at character 8
2026-09-10 01:57:16.074 UTC postmaster[69699] pg_regress/float8 STATEMENT:  SELECT 'N A N'::float8;
2026-09-10 01:57:16.074 UTC postmaster[69699] pg_regress/float8 ERROR:  invalid input syntax for type double precision: "NaN x" at character 8
2026-09-10 01:57:16.074 UTC postmaster[69699] pg_regress/float8 STATEMENT:  SELECT 'NaN x'::float8;
2026-09-10 01:57:16.074 UTC postmaster[69699] pg_regress/int2 ERROR:  smallint out of range
2026-09-10 01:57:16.074 UTC postmaster[69699] pg_regress/int2 STATEMENT:  SELECT i.f1, i.f1 + int2 '2' AS x FROM INT2_TBL i;
2026-09-10 01:57:16.074 UTC postmaster[69699] pg_regress/int4 ERROR:  integer out of range
2026-09-10 01:57:16.074 UTC postmaster[69699] pg_regress/int4 STATEMENT:  SELECT i.f1, i.f1 + int4 '2' AS x FROM INT4_TBL i;
2026-09-10 01:57:16.075 UTC postmaster[69699] pg_regress/float8 ERROR:  invalid input syntax for type double precision: " INFINITY    x" at character 8
2026-09-10 01:57:16.075 UTC postmaster[69699] pg_regress/float8 STATEMENT:  SELECT ' INFINITY    x'::float8;
2026-09-10 01:57:16.075 UTC postmaster[69699] pg_regress/int4 ERROR:  integer out of range
2026-09-10 01:57:16.075 UTC postmaster[69699] pg_regress/int4 STATEMENT:  SELECT i.f1, i.f1 - int2 '2' AS x FROM INT4_TBL i;
2026-09-10 01:57:16.075 UTC postmaster[69699] pg_regress/pg_lsn ERROR:  pg_lsn out of range
2026-09-10 01:57:16.075 UTC postmaster[69699] pg_regress/pg_lsn STATEMENT:  SELECT 'FFFFFFFF/FFFFFFFE'::pg_lsn + 2::numeric;
2026-09-10 01:57:16.076 UTC postmaster[69699] pg_regress/pg_lsn ERROR:  pg_lsn out of range
2026-09-10 01:57:16.076 UTC postmaster[69699] pg_regress/pg_lsn STATEMENT:  SELECT '0/1'::pg_lsn - 2::numeric;
2026-09-10 01:57:16.076 UTC postmaster[69699] pg_regress/int2 ERROR:  smallint out of range
2026-09-10 01:57:16.076 UTC postmaster[69699] pg_regress/int2 STATEMENT:  SELECT i.f1, i.f1 - int2 '2' AS x FROM INT2_TBL i;
2026-09-10 01:57:16.076 UTC postmaster[69699] pg_regress/enum ERROR:  invalid enum label "plutoplutoplutoplutoplutoplutoplutoplutoplutoplutoplutoplutoplutopluto"
2026-09-10 01:57:16.076 UTC postmaster[69699] pg_regress/enum DETAIL:  Labels must be 63 bytes or less.
2026-09-10 01:57:16.076 UTC postmaster[69699] pg_regress/enum STATEMENT:  ALTER TYPE planets ADD VALUE
	  'plutoplutoplutoplutoplutoplutoplutoplutoplutoplutoplutoplutoplutopluto';
2026-09-10 01:57:16.076 UTC postmaster[69699] pg_regress/enum ERROR:  "zeus" is not an existing enum label
2026-09-10 01:57:16.076 UTC postmaster[69699] pg_regress/enum STATEMENT:  ALTER TYPE planets ADD VALUE 'pluto' AFTER 'zeus';
2026-09-10 01:57:16.076 UTC postmaster[69699] pg_regress/enum ERROR:  enum label "mercury" already exists
2026-09-10 01:57:16.076 UTC postmaster[69699] pg_regress/enum STATEMENT:  ALTER TYPE planets ADD VALUE 'mercury';
2026-09-10 01:57:16.076 UTC postmaster[69699] pg_regress/int4 ERROR:  integer out of range
2026-09-10 01:57:16.076 UTC postmaster[69699] pg_regress/int4 STATEMENT:  SELECT i.f1, i.f1 - int4 '2' AS x FROM INT4_TBL i;
2026-09-10 01:57:16.076 UTC postmaster[69699] pg_regress/pg_lsn ERROR:  cannot add NaN to pg_lsn
2026-09-10 01:57:16.076 UTC postmaster[69699] pg_regress/pg_lsn STATEMENT:  SELECT '0/16AE7F7'::pg_lsn + 'NaN'::numeric;
2026-09-10 01:57:16.076 UTC postmaster[69699] pg_regress/pg_lsn ERROR:  cannot subtract NaN from pg_lsn
2026-09-10 01:57:16.076 UTC postmaster[69699] pg_regress/pg_lsn STATEMENT:  SELECT '0/16AE7F7'::pg_lsn - 'NaN'::numeric;
xtc: backend fiber exiting pid=(loop=8,local=1,gen=1) code=0
xtc: supervisor observed normal backend fiber DOWN pid=(loop=8,local=1,gen=1)
2026-09-10 01:57:16.077 UTC postmaster[69699] pg_regress/varchar ERROR:  value too long for type character varying(4)
2026-09-10 01:57:16.077 UTC postmaster[69699] pg_regress/varchar STATEMENT:  INSERT INTO VARCHAR_TBL (f1) VALUES ('abcde');
2026-09-10 01:57:16.079 UTC postmaster[69699] pg_regress/bit ERROR:  negative substring length not allowed
2026-09-10 01:57:16.079 UTC postmaster[69699] pg_regress/bit STATEMENT:  SELECT SUBSTRING('01010101'::bit(8) FROM -10 FOR -2147483646) AS "error";
2026-09-10 01:57:16.080 UTC postmaster[69699] pg_regress/bit ERROR:  negative substring length not allowed
2026-09-10 01:57:16.080 UTC postmaster[69699] pg_regress/bit STATEMENT:  SELECT SUBSTRING('01010101'::varbit FROM -10 FOR -2147483646) AS "error";
2026-09-10 01:57:16.080 UTC postmaster[69699] pg_regress/txid ERROR:  invalid input syntax for type pg_snapshot: "1:9223372036854775808:3" at character 22
2026-09-10 01:57:16.080 UTC postmaster[69699] pg_regress/txid STATEMENT:  SELECT txid_snapshot '1:9223372036854775808:3';
2026-09-10 01:57:16.080 UTC postmaster[69699] pg_regress/float4 ERROR:  value out of range: underflow
2026-09-10 01:57:16.080 UTC postmaster[69699] pg_regress/float4 STATEMENT:  INSERT INTO FLOAT4_TBL(f1) VALUES ('10e-70'::float8);
xtc: backend fiber exiting pid=(loop=14,local=1,gen=1) code=0
xtc: supervisor observed normal backend fiber DOWN pid=(loop=14,local=1,gen=1)
xtc: backend fiber exiting pid=(loop=12,local=1,gen=1) code=0
xtc: supervisor observed normal backend fiber DOWN pid=(loop=12,local=1,gen=1)
2026-09-10 01:57:16.081 UTC postmaster[69699] pg_regress/float4 ERROR:  value out of range: underflow
2026-09-10 01:57:16.081 UTC postmaster[69699] pg_regress/float4 STATEMENT:  INSERT INTO FLOAT4_TBL(f1) VALUES ('-10e-70'::float8);
2026-09-10 01:57:16.081 UTC postmaster[69699] pg_regress/text ERROR:  VARIADIC argument must be an array at character 32
2026-09-10 01:57:16.081 UTC postmaster[69699] pg_regress/text STATEMENT:  select concat_ws(',', variadic 10);
2026-09-10 01:57:16.081 UTC postmaster[69699] pg_regress/float4 ERROR:  "10e400" is out of range for type real at character 36
2026-09-10 01:57:16.081 UTC postmaster[69699] pg_regress/float4 STATEMENT:  INSERT INTO FLOAT4_TBL(f1) VALUES ('10e400');
xtc: backend fiber exiting pid=(loop=25,local=1,gen=1) code=0
xtc: supervisor observed normal backend fiber DOWN pid=(loop=25,local=1,gen=1)
2026-09-10 01:57:16.082 UTC postmaster[69699] pg_regress/uuid ERROR:  invalid input syntax for type uuid: "11111111-1111-1111-1111-111111111111F" at character 38
2026-09-10 01:57:16.082 UTC postmaster[69699] pg_regress/uuid STATEMENT:  INSERT INTO guid1(guid_field) VALUES('11111111-1111-1111-1111-111111111111F');
2026-09-10 01:57:16.082 UTC postmaster[69699] pg_regress/uuid ERROR:  invalid input syntax for type uuid: "{11111111-1111-1111-1111-11111111111}" at character 38
2026-09-10 01:57:16.082 UTC postmaster[69699] pg_regress/uuid STATEMENT:  INSERT INTO guid1(guid_field) VALUES('{11111111-1111-1111-1111-11111111111}');
2026-09-10 01:57:16.082 UTC postmaster[69699] pg_regress/money ERROR:  value "123456789012345678" is out of range for type money at character 8
2026-09-10 01:57:16.082 UTC postmaster[69699] pg_regress/money STATEMENT:  SELECT '123456789012345678'::money;
2026-09-10 01:57:16.082 UTC postmaster[69699] pg_regress/float4 ERROR:  "-10e400" is out of range for type real at character 36
2026-09-10 01:57:16.082 UTC postmaster[69699] pg_regress/float4 STATEMENT:  INSERT INTO FLOAT4_TBL(f1) VALUES ('-10e400');
2026-09-10 01:57:16.082 UTC postmaster[69699] pg_regress/uuid ERROR:  invalid input syntax for type uuid: "111-11111-1111-1111-1111-111111111111" at character 38
2026-09-10 01:57:16.082 UTC postmaster[69699] pg_regress/uuid STATEMENT:  INSERT INTO guid1(guid_field) VALUES('111-11111-1111-1111-1111-111111111111');
2026-09-10 01:57:16.082 UTC postmaster[69699] pg_regress/money ERROR:  value "9223372036854775807" is out of range for type money at character 8
2026-09-10 01:57:16.082 UTC postmaster[69699] pg_regress/money STATEMENT:  SELECT '9223372036854775807'::money;
2026-09-10 01:57:16.082 UTC postmaster[69699] pg_regress/uuid ERROR:  invalid input syntax for type uuid: "{22222222-2222-2222-2222-222222222222 " at character 38
2026-09-10 01:57:16.082 UTC postmaster[69699] pg_regress/uuid STATEMENT:  INSERT INTO guid1(guid_field) VALUES('{22222222-2222-2222-2222-222222222222 ');
2026-09-10 01:57:16.082 UTC postmaster[69699] pg_regress/int2 ERROR:  smallint out of range
2026-09-10 01:57:16.082 UTC postmaster[69699] pg_regress/int2 STATEMENT:  SELECT (-32768)::int2 * (-1)::int2;
2026-09-10 01:57:16.082 UTC postmaster[69699] pg_regress/uuid ERROR:  invalid input syntax for type uuid: "11111111-1111-1111-G111-111111111111" at character 38
2026-09-10 01:57:16.082 UTC postmaster[69699] pg_regress/uuid STATEMENT:  INSERT INTO guid1(guid_field) VALUES('11111111-1111-1111-G111-111111111111');
2026-09-10 01:57:16.082 UTC postmaster[69699] pg_regress/int2 ERROR:  smallint out of range
2026-09-10 01:57:16.082 UTC postmaster[69699] pg_regress/int2 STATEMENT:  SELECT (-32768)::int2 / (-1)::int2;
2026-09-10 01:57:16.082 UTC postmaster[69699] pg_regress/float4 ERROR:  "10e-400" is out of range for type real at character 36
2026-09-10 01:57:16.082 UTC postmaster[69699] pg_regress/float4 STATEMENT:  INSERT INTO FLOAT4_TBL(f1) VALUES ('10e-400');
2026-09-10 01:57:16.083 UTC postmaster[69699] pg_regress/uuid ERROR:  invalid input syntax for type uuid: "11+11111-1111-1111-1111-111111111111" at character 38
2026-09-10 01:57:16.083 UTC postmaster[69699] pg_regress/uuid STATEMENT:  INSERT INTO guid1(guid_field) VALUES('11+11111-1111-1111-1111-111111111111');
2026-09-10 01:57:16.083 UTC postmaster[69699] pg_regress/boolean ERROR:  invalid input syntax for type boolean: "XXX" at character 43
2026-09-10 01:57:16.083 UTC postmaster[69699] pg_regress/boolean STATEMENT:  INSERT INTO BOOLTBL2 (f1)
	   VALUES (bool 'XXX');
2026-09-10 01:57:16.083 UTC postmaster[69699] pg_regress/money ERROR:  value "-123456789012345678" is out of range for type money at character 8
2026-09-10 01:57:16.083 UTC postmaster[69699] pg_regress/money STATEMENT:  SELECT '-123456789012345678'::money;
2026-09-10 01:57:16.083 UTC postmaster[69699] pg_regress/float4 ERROR:  "-10e-400" is out of range for type real at character 36
2026-09-10 01:57:16.083 UTC postmaster[69699] pg_regress/float4 STATEMENT:  INSERT INTO FLOAT4_TBL(f1) VALUES ('-10e-400');
2026-09-10 01:57:16.083 UTC postmaster[69699] pg_regress/money ERROR:  value "-9223372036854775808" is out of range for type money at character 8
2026-09-10 01:57:16.083 UTC postmaster[69699] pg_regress/money STATEMENT:  SELECT '-9223372036854775808'::money;
2026-09-10 01:57:16.084 UTC postmaster[69699] pg_regress/text ERROR:  too few arguments for format()
2026-09-10 01:57:16.084 UTC postmaster[69699] pg_regress/text STATEMENT:  select format('Hello %s %s', 'World');
2026-09-10 01:57:16.084 UTC postmaster[69699] pg_regress/int4 ERROR:  integer out of range
2026-09-10 01:57:16.084 UTC postmaster[69699] pg_regress/int4 STATEMENT:  SELECT (-2147483648)::int4 * (-1)::int4;
2026-09-10 01:57:16.084 UTC postmaster[69699] pg_regress/float4 ERROR:  invalid input syntax for type real: "" at character 36
2026-09-10 01:57:16.084 UTC postmaster[69699] pg_regress/float4 STATEMENT:  INSERT INTO FLOAT4_TBL(f1) VALUES ('');
2026-09-10 01:57:16.084 UTC postmaster[69699] pg_regress/int2 ERROR:  invalid input syntax for type smallint: "0b" at character 13
2026-09-10 01:57:16.084 UTC postmaster[69699] pg_regress/int2 STATEMENT:  SELECT int2 '0b';
2026-09-10 01:57:16.084 UTC postmaster[69699] pg_regress/int4 ERROR:  integer out of range
2026-09-10 01:57:16.084 UTC postmaster[69699] pg_regress/int4 STATEMENT:  SELECT (-2147483648)::int4 / (-1)::int4;
2026-09-10 01:57:16.084 UTC postmaster[69699] pg_regress/int2 ERROR:  invalid input syntax for type smallint: "0o" at character 13
2026-09-10 01:57:16.084 UTC postmaster[69699] pg_regress/int2 STATEMENT:  SELECT int2 '0o';
2026-09-10 01:57:16.084 UTC postmaster[69699] pg_regress/int2 ERROR:  invalid input syntax for type smallint: "0x" at character 13
2026-09-10 01:57:16.084 UTC postmaster[69699] pg_regress/int2 STATEMENT:  SELECT int2 '0x';
2026-09-10 01:57:16.084 UTC postmaster[69699] pg_regress/text ERROR:  too few arguments for format()
2026-09-10 01:57:16.084 UTC postmaster[69699] pg_regress/text STATEMENT:  select format('Hello %s');
2026-09-10 01:57:16.084 UTC postmaster[69699] pg_regress/int2 ERROR:  value "0b1000000000000000" is out of range for type smallint at character 13
2026-09-10 01:57:16.084 UTC postmaster[69699] pg_regress/int2 STATEMENT:  SELECT int2 '0b1000000000000000';
2026-09-10 01:57:16.084 UTC postmaster[69699] pg_regress/int4 ERROR:  integer out of range
2026-09-10 01:57:16.084 UTC postmaster[69699] pg_regress/int4 STATEMENT:  SELECT (-2147483648)::int4 * (-1)::int2;
2026-09-10 01:57:16.084 UTC postmaster[69699] pg_regress/float4 ERROR:  invalid input syntax for type real: "       " at character 36
2026-09-10 01:57:16.084 UTC postmaster[69699] pg_regress/float4 STATEMENT:  INSERT INTO FLOAT4_TBL(f1) VALUES ('       ');
2026-09-10 01:57:16.084 UTC postmaster[69699] pg_regress/int2 ERROR:  value "0o100000" is out of range for type smallint at character 13
2026-09-10 01:57:16.084 UTC postmaster[69699] pg_regress/int2 STATEMENT:  SELECT int2 '0o100000';
2026-09-10 01:57:16.085 UTC postmaster[69699] pg_regress/text ERROR:  unrecognized format() type specifier "x"
2026-09-10 01:57:16.085 UTC postmaster[69699] pg_regress/text HINT:  For a single "%" use "%%".
2026-09-10 01:57:16.085 UTC postmaster[69699] pg_regress/text STATEMENT:  select format('Hello %x', 20);
2026-09-10 01:57:16.085 UTC postmaster[69699] pg_regress/int2 ERROR:  value "0x8000" is out of range for type smallint at character 13
2026-09-10 01:57:16.085 UTC postmaster[69699] pg_regress/int2 STATEMENT:  SELECT int2 '0x8000';
2026-09-10 01:57:16.085 UTC postmaster[69699] pg_regress/money ERROR:  value "-92233720368547758.09" is out of range for type money at character 8
2026-09-10 01:57:16.085 UTC postmaster[69699] pg_regress/money STATEMENT:  SELECT '-92233720368547758.09'::money;
2026-09-10 01:57:16.085 UTC postmaster[69699] pg_regress/float4 ERROR:  invalid input syntax for type real: "xyz" at character 36
2026-09-10 01:57:16.085 UTC postmaster[69699] pg_regress/float4 STATEMENT:  INSERT INTO FLOAT4_TBL(f1) VALUES ('xyz');
2026-09-10 01:57:16.085 UTC postmaster[69699] pg_regress/int2 ERROR:  value "-0b1000000000000001" is out of range for type smallint at character 13
2026-09-10 01:57:16.085 UTC postmaster[69699] pg_regress/int2 STATEMENT:  SELECT int2 '-0b1000000000000001';
2026-09-10 01:57:16.085 UTC postmaster[69699] pg_regress/int4 ERROR:  integer out of range
2026-09-10 01:57:16.085 UTC postmaster[69699] pg_regress/int4 STATEMENT:  SELECT (-2147483648)::int4 / (-1)::int2;
2026-09-10 01:57:16.085 UTC postmaster[69699] pg_regress/money ERROR:  value "92233720368547758.08" is out of range for type money at character 8
2026-09-10 01:57:16.085 UTC postmaster[69699] pg_regress/money STATEMENT:  SELECT '92233720368547758.08'::money;
2026-09-10 01:57:16.085 UTC postmaster[69699] pg_regress/money ERROR:  value "-92233720368547758.085" is out of range for type money at character 8
2026-09-10 01:57:16.085 UTC postmaster[69699] pg_regress/money STATEMENT:  SELECT '-92233720368547758.085'::money;
2026-09-10 01:57:16.085 UTC postmaster[69699] pg_regress/int2 ERROR:  value "-0o100001" is out of range for type smallint at character 13
2026-09-10 01:57:16.085 UTC postmaster[69699] pg_regress/int2 STATEMENT:  SELECT int2 '-0o100001';
2026-09-10 01:57:16.085 UTC postmaster[69699] pg_regress/money ERROR:  value "92233720368547758.075" is out of range for type money at character 8
2026-09-10 01:57:16.085 UTC postmaster[69699] pg_regress/money STATEMENT:  SELECT '92233720368547758.075'::money;
2026-09-10 01:57:16.085 UTC postmaster[69699] pg_regress/int2 ERROR:  value "-0x8001" is out of range for type smallint at character 13
2026-09-10 01:57:16.085 UTC postmaster[69699] pg_regress/int2 STATEMENT:  SELECT int2 '-0x8001';
2026-09-10 01:57:16.085 UTC postmaster[69699] pg_regress/float4 ERROR:  invalid input syntax for type real: "5.0.0" at character 36
2026-09-10 01:57:16.085 UTC postmaster[69699] pg_regress/float4 STATEMENT:  INSERT INTO FLOAT4_TBL(f1) VALUES ('5.0.0');
2026-09-10 01:57:16.086 UTC postmaster[69699] pg_regress/int2 ERROR:  invalid input syntax for type smallint: "_100" at character 13
2026-09-10 01:57:16.086 UTC postmaster[69699] pg_regress/int2 STATEMENT:  SELECT int2 '_100';
2026-09-10 01:57:16.086 UTC postmaster[69699] pg_regress/int2 ERROR:  invalid input syntax for type smallint: "100_" at character 13
2026-09-10 01:57:16.086 UTC postmaster[69699] pg_regress/int2 STATEMENT:  SELECT int2 '100_';
2026-09-10 01:57:16.086 UTC postmaster[69699] pg_regress/int2 ERROR:  invalid input syntax for type smallint: "10__000" at character 13
2026-09-10 01:57:16.086 UTC postmaster[69699] pg_regress/int2 STATEMENT:  SELECT int2 '10__000';
2026-09-10 01:57:16.086 UTC postmaster[69699] pg_regress/float4 ERROR:  invalid input syntax for type real: "5 . 0" at character 36
2026-09-10 01:57:16.086 UTC postmaster[69699] pg_regress/float4 STATEMENT:  INSERT INTO FLOAT4_TBL(f1) VALUES ('5 . 0');
2026-09-10 01:57:16.086 UTC postmaster[69699] pg_regress/text ERROR:  null values cannot be formatted as an SQL identifier
2026-09-10 01:57:16.086 UTC postmaster[69699] pg_regress/text STATEMENT:  select format('INSERT INTO %I VALUES(%L,%L)', NULL, 10, 'Hello');
2026-09-10 01:57:16.087 UTC postmaster[69699] pg_regress/int8 ERROR:  bigint out of range
2026-09-10 01:57:16.087 UTC postmaster[69699] pg_regress/int8 STATEMENT:  SELECT q1, q2, q1 * q2 AS multiply FROM INT8_TBL;
2026-09-10 01:57:16.087 UTC postmaster[69699] pg_regress/float4 ERROR:  invalid input syntax for type real: "5.   0" at character 36
2026-09-10 01:57:16.087 UTC postmaster[69699] pg_regress/float4 STATEMENT:  INSERT INTO FLOAT4_TBL(f1) VALUES ('5.   0');
xtc: backend fiber exiting pid=(loop=11,local=1,gen=1) code=0
xtc: supervisor observed normal backend fiber DOWN pid=(loop=11,local=1,gen=1)
2026-09-10 01:57:16.087 UTC postmaster[69699] pg_regress/float4 ERROR:  invalid input syntax for type real: "     - 3.0" at character 36
2026-09-10 01:57:16.087 UTC postmaster[69699] pg_regress/float4 STATEMENT:  INSERT INTO FLOAT4_TBL(f1) VALUES ('     - 3.0');
2026-09-10 01:57:16.088 UTC postmaster[69699] pg_regress/float4 ERROR:  invalid input syntax for type real: "123            5" at character 36
2026-09-10 01:57:16.088 UTC postmaster[69699] pg_regress/float4 STATEMENT:  INSERT INTO FLOAT4_TBL(f1) VALUES ('123            5');
2026-09-10 01:57:16.088 UTC postmaster[69699] pg_regress/regproc ERROR:  constant of the type regrole cannot be used here
2026-09-10 01:57:16.088 UTC postmaster[69699] pg_regress/regproc STATEMENT:  CREATE TABLE regrole_test (rolid OID DEFAULT 'regress_regrole_test'::regrole);
2026-09-10 01:57:16.088 UTC postmaster[69699] pg_regress/int4 ERROR:  integer out of range
2026-09-10 01:57:16.088 UTC postmaster[69699] pg_regress/int4 STATEMENT:  SELECT gcd((-2147483648)::int4, 0::int4);
2026-09-10 01:57:16.088 UTC postmaster[69699] pg_regress/name ERROR:  string is not a valid identifier: "foo.boo[]"
2026-09-10 01:57:16.088 UTC postmaster[69699] pg_regress/name STATEMENT:  SELECT parse_ident('foo.boo[]');
2026-09-10 01:57:16.088 UTC postmaster[69699] pg_regress/text ERROR:  too few arguments for format()
2026-09-10 01:57:16.088 UTC postmaster[69699] pg_regress/text STATEMENT:  select format('%1$s %4$s', 1, 2, 3);
2026-09-10 01:57:16.089 UTC postmaster[69699] pg_regress/int4 ERROR:  integer out of range
2026-09-10 01:57:16.089 UTC postmaster[69699] pg_regress/int4 STATEMENT:  SELECT gcd((-2147483648)::int4, (-2147483648)::int4);
2026-09-10 01:57:16.089 UTC postmaster[69699] pg_regress/text ERROR:  too few arguments for format()
2026-09-10 01:57:16.089 UTC postmaster[69699] pg_regress/text STATEMENT:  select format('%1$s %13$s', 1, 2, 3, 4, 5, 6, 7, 8, 9, 10, 11, 12);
2026-09-10 01:57:16.089 UTC postmaster[69699] pg_regress/regproc ERROR:  constant of the type regdatabase cannot be used here
2026-09-10 01:57:16.089 UTC postmaster[69699] pg_regress/regproc STATEMENT:  CREATE TABLE regdatabase_test (datid OID DEFAULT 'template1'::regdatabase);
2026-09-10 01:57:16.090 UTC postmaster[69699] pg_regress/int4 ERROR:  integer out of range
2026-09-10 01:57:16.090 UTC postmaster[69699] pg_regress/int4 STATEMENT:  SELECT lcm((-2147483648)::int4, 1::int4);
2026-09-10 01:57:16.090 UTC postmaster[69699] pg_regress/money ERROR:  money out of range
2026-09-10 01:57:16.090 UTC postmaster[69699] pg_regress/money STATEMENT:  SELECT '92233720368547758.07'::money + '0.01'::money;
2026-09-10 01:57:16.090 UTC postmaster[69699] pg_regress/money ERROR:  money out of range
2026-09-10 01:57:16.090 UTC postmaster[69699] pg_regress/money STATEMENT:  SELECT '-92233720368547758.08'::money - '0.01'::money;
2026-09-10 01:57:16.090 UTC postmaster[69699] pg_regress/money ERROR:  money out of range
2026-09-10 01:57:16.090 UTC postmaster[69699] pg_regress/money STATEMENT:  SELECT '92233720368547758.07'::money * 2::float8;
2026-09-10 01:57:16.090 UTC postmaster[69699] pg_regress/int4 ERROR:  integer out of range
2026-09-10 01:57:16.090 UTC postmaster[69699] pg_regress/int4 STATEMENT:  SELECT lcm(2147483647::int4, 2147483646::int4);
2026-09-10 01:57:16.090 UTC postmaster[69699] pg_regress/money ERROR:  money out of range
2026-09-10 01:57:16.090 UTC postmaster[69699] pg_regress/money STATEMENT:  SELECT '-1'::money / 1.175494e-38::float4;
2026-09-10 01:57:16.090 UTC postmaster[69699] pg_regress/text ERROR:  format specifies argument 0, but arguments are numbered from 1
2026-09-10 01:57:16.090 UTC postmaster[69699] pg_regress/text STATEMENT:  select format('%0$s', 'Hello');
2026-09-10 01:57:16.090 UTC postmaster[69699] pg_regress/money ERROR:  money out of range
2026-09-10 01:57:16.090 UTC postmaster[69699] pg_regress/money STATEMENT:  SELECT '92233720368547758.07'::money * 2::int4;
2026-09-10 01:57:16.090 UTC postmaster[69699] pg_regress/text ERROR:  format specifies argument 0, but arguments are numbered from 1
2026-09-10 01:57:16.090 UTC postmaster[69699] pg_regress/text STATEMENT:  select format('%*0$s', 'Hello');
2026-09-10 01:57:16.091 UTC postmaster[69699] pg_regress/money ERROR:  money out of range
2026-09-10 01:57:16.091 UTC postmaster[69699] pg_regress/money STATEMENT:  SELECT '-92233720368547758.08'::money * -1::int8;
2026-09-10 01:57:16.091 UTC postmaster[69699] pg_regress/text ERROR:  unterminated format() type specifier
2026-09-10 01:57:16.091 UTC postmaster[69699] pg_regress/text HINT:  For a single "%" use "%%".
2026-09-10 01:57:16.091 UTC postmaster[69699] pg_regress/text STATEMENT:  select format('%1$', 1);
2026-09-10 01:57:16.091 UTC postmaster[69699] pg_regress/money ERROR:  money out of range
2026-09-10 01:57:16.091 UTC postmaster[69699] pg_regress/money STATEMENT:  SELECT '-92233720368547758.08'::money / -1::int8;
2026-09-10 01:57:16.091 UTC postmaster[69699] pg_regress/text ERROR:  unterminated format() type specifier
2026-09-10 01:57:16.091 UTC postmaster[69699] pg_regress/text HINT:  For a single "%" use "%%".
2026-09-10 01:57:16.091 UTC postmaster[69699] pg_regress/text STATEMENT:  select format('%1$1', 1);
2026-09-10 01:57:16.091 UTC postmaster[69699] pg_regress/bit ERROR:  cannot AND bit strings of different sizes
2026-09-10 01:57:16.091 UTC postmaster[69699] pg_regress/bit STATEMENT:  select B'001' & B'10';
2026-09-10 01:57:16.091 UTC postmaster[69699] pg_regress/money ERROR:  money out of range
2026-09-10 01:57:16.091 UTC postmaster[69699] pg_regress/money STATEMENT:  SELECT '-92233720368547758.08'::money / -1::int4;
2026-09-10 01:57:16.091 UTC postmaster[69699] pg_regress/money ERROR:  money out of range
2026-09-10 01:57:16.091 UTC postmaster[69699] pg_regress/money STATEMENT:  SELECT '-92233720368547758.08'::money / -1::int2;
2026-09-10 01:57:16.091 UTC postmaster[69699] pg_regress/bit ERROR:  cannot OR bit strings of different sizes
2026-09-10 01:57:16.091 UTC postmaster[69699] pg_regress/bit STATEMENT:  select B'0111' | B'011';
2026-09-10 01:57:16.091 UTC postmaster[69699] pg_regress/money ERROR:  division by zero
2026-09-10 01:57:16.091 UTC postmaster[69699] pg_regress/money STATEMENT:  SELECT '1'::money / 0::int2;
2026-09-10 01:57:16.091 UTC postmaster[69699] pg_regress/money ERROR:  money out of range
2026-09-10 01:57:16.091 UTC postmaster[69699] pg_regress/money STATEMENT:  SELECT '42'::money * 'inf'::float8;
2026-09-10 01:57:16.091 UTC postmaster[69699] pg_regress/money ERROR:  money out of range
2026-09-10 01:57:16.091 UTC postmaster[69699] pg_regress/money STATEMENT:  SELECT '42'::money * '-inf'::float8;
xtc: backend fiber exiting pid=(loop=21,local=1,gen=1) code=0
xtc: supervisor observed normal backend fiber DOWN pid=(loop=21,local=1,gen=1)
2026-09-10 01:57:16.092 UTC postmaster[69699] pg_regress/money ERROR:  money out of range
2026-09-10 01:57:16.092 UTC postmaster[69699] pg_regress/money STATEMENT:  SELECT '42'::money * 'nan'::float4;
2026-09-10 01:57:16.092 UTC postmaster[69699] pg_regress/regproc ERROR:  operator does not exist: ||// at character 16
2026-09-10 01:57:16.092 UTC postmaster[69699] pg_regress/regproc STATEMENT:  SELECT regoper('||//');
2026-09-10 01:57:16.092 UTC postmaster[69699] pg_regress/name ERROR:  string is not a valid identifier: " "
2026-09-10 01:57:16.092 UTC postmaster[69699] pg_regress/name STATEMENT:  SELECT parse_ident(' ');
2026-09-10 01:57:16.092 UTC postmaster[69699] pg_regress/int4 ERROR:  invalid input syntax for type integer: "0b" at character 13
2026-09-10 01:57:16.092 UTC postmaster[69699] pg_regress/int4 STATEMENT:  SELECT int4 '0b';
2026-09-10 01:57:16.092 UTC postmaster[69699] pg_regress/int4 ERROR:  invalid input syntax for type integer: "0o" at character 13
2026-09-10 01:57:16.092 UTC postmaster[69699] pg_regress/int4 STATEMENT:  SELECT int4 '0o';
2026-09-10 01:57:16.092 UTC postmaster[69699] pg_regress/int4 ERROR:  invalid input syntax for type integer: "0x" at character 13
2026-09-10 01:57:16.092 UTC postmaster[69699] pg_regress/int4 STATEMENT:  SELECT int4 '0x';
2026-09-10 01:57:16.092 UTC postmaster[69699] pg_regress/bit ERROR:  cannot XOR bit strings of different sizes
2026-09-10 01:57:16.092 UTC postmaster[69699] pg_regress/bit STATEMENT:  select B'0010' # B'011101';
2026-09-10 01:57:16.092 UTC postmaster[69699] pg_regress/regproc ERROR:  operator does not exist: ++(int4,int4) at character 20
2026-09-10 01:57:16.092 UTC postmaster[69699] pg_regress/regproc STATEMENT:  SELECT regoperator('++(int4,int4)');
2026-09-10 01:57:16.092 UTC postmaster[69699] pg_regress/int4 ERROR:  value "0b10000000000000000000000000000000" is out of range for type integer at character 13
2026-09-10 01:57:16.092 UTC postmaster[69699] pg_regress/int4 STATEMENT:  SELECT int4 '0b10000000000000000000000000000000';
2026-09-10 01:57:16.092 UTC postmaster[69699] pg_regress/name ERROR:  string is not a valid identifier: " .aaa"
2026-09-10 01:57:16.092 UTC postmaster[69699] pg_regress/name DETAIL:  No valid identifier before ".".
2026-09-10 01:57:16.092 UTC postmaster[69699] pg_regress/name STATEMENT:  SELECT parse_ident(' .aaa');
xtc: backend fiber exiting pid=(loop=23,local=1,gen=1) code=0
xtc: supervisor observed normal backend fiber DOWN pid=(loop=23,local=1,gen=1)
2026-09-10 01:57:16.092 UTC postmaster[69699] pg_regress/int4 ERROR:  value "0o20000000000" is out of range for type integer at character 13
2026-09-10 01:57:16.092 UTC postmaster[69699] pg_regress/int4 STATEMENT:  SELECT int4 '0o20000000000';
2026-09-10 01:57:16.093 UTC postmaster[69699] pg_regress/regproc ERROR:  function "know" does not exist at character 16
2026-09-10 01:57:16.093 UTC postmaster[69699] pg_regress/regproc STATEMENT:  SELECT regproc('know');
2026-09-10 01:57:16.093 UTC postmaster[69699] pg_regress/int4 ERROR:  value "0x80000000" is out of range for type integer at character 13
2026-09-10 01:57:16.093 UTC postmaster[69699] pg_regress/int4 STATEMENT:  SELECT int4 '0x80000000';
2026-09-10 01:57:16.093 UTC postmaster[69699] pg_regress/float4 ERROR:  invalid input syntax for type real: "N A N" at character 8
2026-09-10 01:57:16.093 UTC postmaster[69699] pg_regress/float4 STATEMENT:  SELECT 'N A N'::float4;
2026-09-10 01:57:16.093 UTC postmaster[69699] pg_regress/int4 ERROR:  value "-0b10000000000000000000000000000001" is out of range for type integer at character 13
2026-09-10 01:57:16.093 UTC postmaster[69699] pg_regress/int4 STATEMENT:  SELECT int4 '-0b10000000000000000000000000000001';
2026-09-10 01:57:16.093 UTC postmaster[69699] pg_regress/regproc ERROR:  function "absinthe(numeric)" does not exist at character 21
2026-09-10 01:57:16.093 UTC postmaster[69699] pg_regress/regproc STATEMENT:  SELECT regprocedure('absinthe(numeric)');
2026-09-10 01:57:16.093 UTC postmaster[69699] pg_regress/int4 ERROR:  value "-0o20000000001" is out of range for type integer at character 13
2026-09-10 01:57:16.093 UTC postmaster[69699] pg_regress/int4 STATEMENT:  SELECT int4 '-0o20000000001';
2026-09-10 01:57:16.093 UTC postmaster[69699] pg_regress/float4 ERROR:  invalid input syntax for type real: "NaN x" at character 8
2026-09-10 01:57:16.093 UTC postmaster[69699] pg_regress/float4 STATEMENT:  SELECT 'NaN x'::float4;
2026-09-10 01:57:16.093 UTC postmaster[69699] pg_regress/name ERROR:  string is not a valid identifier: " aaa . "
2026-09-10 01:57:16.093 UTC postmaster[69699] pg_regress/name DETAIL:  No valid identifier after ".".
2026-09-10 01:57:16.093 UTC postmaster[69699] pg_regress/name STATEMENT:  SELECT parse_ident(' aaa . ');
2026-09-10 01:57:16.093 UTC postmaster[69699] pg_regress/int4 ERROR:  value "-0x80000001" is out of range for type integer at character 13
2026-09-10 01:57:16.093 UTC postmaster[69699] pg_regress/int4 STATEMENT:  SELECT int4 '-0x80000001';
2026-09-10 01:57:16.093 UTC postmaster[69699] pg_regress/regproc ERROR:  relation "pg_classes" does not exist at character 17
2026-09-10 01:57:16.093 UTC postmaster[69699] pg_regress/regproc STATEMENT:  SELECT regclass('pg_classes');
2026-09-10 01:57:16.093 UTC postmaster[69699] pg_regress/float4 ERROR:  invalid input syntax for type real: " INFINITY    x" at character 8
2026-09-10 01:57:16.093 UTC postmaster[69699] pg_regress/float4 STATEMENT:  SELECT ' INFINITY    x'::float4;
2026-09-10 01:57:16.093 UTC postmaster[69699] pg_regress/regproc ERROR:  type "int3" does not exist at character 16
2026-09-10 01:57:16.093 UTC postmaster[69699] pg_regress/regproc STATEMENT:  SELECT regtype('int3');
2026-09-10 01:57:16.094 UTC postmaster[69699] pg_regress/int4 ERROR:  invalid input syntax for type integer: "_100" at character 13
2026-09-10 01:57:16.094 UTC postmaster[69699] pg_regress/int4 STATEMENT:  SELECT int4 '_100';
2026-09-10 01:57:16.094 UTC postmaster[69699] pg_regress/int4 ERROR:  invalid input syntax for type integer: "100_" at character 13
2026-09-10 01:57:16.094 UTC postmaster[69699] pg_regress/int4 STATEMENT:  SELECT int4 '100_';
2026-09-10 01:57:16.094 UTC postmaster[69699] pg_regress/int4 ERROR:  invalid input syntax for type integer: "100__000" at character 13
2026-09-10 01:57:16.094 UTC postmaster[69699] pg_regress/int4 STATEMENT:  SELECT int4 '100__000';
xtc: backend fiber exiting pid=(loop=13,local=1,gen=1) code=0
xtc: supervisor observed normal backend fiber DOWN pid=(loop=13,local=1,gen=1)
2026-09-10 01:57:16.095 UTC postmaster[69699] pg_regress/name ERROR:  string is not a valid identifier: "aaa.a%b"
2026-09-10 01:57:16.095 UTC postmaster[69699] pg_regress/name STATEMENT:  SELECT parse_ident('aaa.a%b');
2026-09-10 01:57:16.095 UTC postmaster[69699] pg_regress/regproc ERROR:  operator does not exist: ng_catalog.||/ at character 16
2026-09-10 01:57:16.095 UTC postmaster[69699] pg_regress/regproc STATEMENT:  SELECT regoper('ng_catalog.||/');
2026-09-10 01:57:16.095 UTC postmaster[69699] pg_regress/regproc ERROR:  operator does not exist: ng_catalog.+(int4,int4) at character 20
2026-09-10 01:57:16.095 UTC postmaster[69699] pg_regress/regproc STATEMENT:  SELECT regoperator('ng_catalog.+(int4,int4)');
2026-09-10 01:57:16.095 UTC postmaster[69699] pg_regress/regproc ERROR:  function "ng_catalog.now" does not exist at character 16
2026-09-10 01:57:16.095 UTC postmaster[69699] pg_regress/regproc STATEMENT:  SELECT regproc('ng_catalog.now');
2026-09-10 01:57:16.095 UTC postmaster[69699] pg_regress/rangetypes ERROR:  range lower bound must be less than or equal to range upper bound
2026-09-10 01:57:16.095 UTC postmaster[69699] pg_regress/rangetypes STATEMENT:  select numrange(2.0, 1.0);
2026-09-10 01:57:16.096 UTC postmaster[69699] pg_regress/regproc ERROR:  function "ng_catalog.abs(numeric)" does not exist at character 21
2026-09-10 01:57:16.096 UTC postmaster[69699] pg_regress/regproc STATEMENT:  SELECT regprocedure('ng_catalog.abs(numeric)');
2026-09-10 01:57:16.096 UTC postmaster[69699] pg_regress/regproc ERROR:  relation "ng_catalog.pg_class" does not exist at character 17
2026-09-10 01:57:16.096 UTC postmaster[69699] pg_regress/regproc STATEMENT:  SELECT regclass('ng_catalog.pg_class');
2026-09-10 01:57:16.096 UTC postmaster[69699] pg_regress/name ERROR:  string is not a valid identifier: "XXXXXXXXXXXXXXXXXXXXXXXXXXXXXXXXXXXXXXXXXXXXXXXXXXX"
2026-09-10 01:57:16.096 UTC postmaster[69699] pg_regress/name STATEMENT:  SELECT parse_ident(E'X\rXXXXXXXXXXXXXXXXXXXXXXXXXXXXXXXXXXXXXXXXXXXXXXXXXX');
2026-09-10 01:57:16.096 UTC postmaster[69699] pg_regress/regproc ERROR:  schema "ng_catalog" does not exist at character 16
2026-09-10 01:57:16.096 UTC postmaster[69699] pg_regress/regproc STATEMENT:  SELECT regtype('ng_catalog.int4');
2026-09-10 01:57:16.097 UTC postmaster[69699] pg_regress/regproc ERROR:  collation "ng_catalog.POSIX" for encoding "UTF8" does not exist at character 21
2026-09-10 01:57:16.097 UTC postmaster[69699] pg_regress/regproc STATEMENT:  SELECT regcollation('ng_catalog."POSIX"');
2026-09-10 01:57:16.098 UTC postmaster[69699] pg_regress/regproc ERROR:  role "regress_regrole_test" does not exist at character 16
2026-09-10 01:57:16.098 UTC postmaster[69699] pg_regress/regproc STATEMENT:  SELECT regrole('regress_regrole_test');
2026-09-10 01:57:16.098 UTC postmaster[69699] pg_regress/regproc ERROR:  role "regress_regrole_test" does not exist at character 16
2026-09-10 01:57:16.098 UTC postmaster[69699] pg_regress/regproc STATEMENT:  SELECT regrole('"regress_regrole_test"');
2026-09-10 01:57:16.099 UTC postmaster[69699] pg_regress/regproc ERROR:  role "nonexistent" does not exist at character 16
2026-09-10 01:57:16.099 UTC postmaster[69699] pg_regress/regproc STATEMENT:  SELECT regrole('Nonexistent');
2026-09-10 01:57:16.099 UTC postmaster[69699] pg_regress/regproc ERROR:  role "Nonexistent" does not exist at character 16
2026-09-10 01:57:16.099 UTC postmaster[69699] pg_regress/regproc STATEMENT:  SELECT regrole('"Nonexistent"');
2026-09-10 01:57:16.099 UTC postmaster[69699] pg_regress/regproc ERROR:  invalid name syntax at character 16
2026-09-10 01:57:16.099 UTC postmaster[69699] pg_regress/regproc STATEMENT:  SELECT regrole('foo.bar');
2026-09-10 01:57:16.100 UTC postmaster[69699] pg_regress/regproc ERROR:  schema "nonexistent" does not exist at character 21
2026-09-10 01:57:16.100 UTC postmaster[69699] pg_regress/regproc STATEMENT:  SELECT regnamespace('Nonexistent');
2026-09-10 01:57:16.100 UTC postmaster[69699] pg_regress/name ERROR:  string is not a valid identifier: ""c".X XXXXXXXXXX"
2026-09-10 01:57:16.100 UTC postmaster[69699] pg_regress/name STATEMENT:  SELECT parse_ident(E'"c".X XXXX\002XXXXXX');
2026-09-10 01:57:16.100 UTC postmaster[69699] pg_regress/regproc ERROR:  schema "Nonexistent" does not exist at character 21
2026-09-10 01:57:16.100 UTC postmaster[69699] pg_regress/regproc STATEMENT:  SELECT regnamespace('"Nonexistent"');
2026-09-10 01:57:16.100 UTC postmaster[69699] pg_regress/uuid ERROR:  duplicate key value violates unique constraint "guid1_unique_btree"
2026-09-10 01:57:16.100 UTC postmaster[69699] pg_regress/uuid DETAIL:  Key (guid_field)=(11111111-1111-1111-1111-111111111111) already exists.
2026-09-10 01:57:16.100 UTC postmaster[69699] pg_regress/uuid STATEMENT:  INSERT INTO guid1(guid_field) VALUES('11111111-1111-1111-1111-111111111111');
2026-09-10 01:57:16.101 UTC postmaster[69699] pg_regress/name ERROR:  string is not a valid identifier: "1020"
2026-09-10 01:57:16.101 UTC postmaster[69699] pg_regress/name STATEMENT:  SELECT parse_ident('1020');
2026-09-10 01:57:16.101 UTC postmaster[69699] pg_regress/regproc ERROR:  invalid name syntax at character 21
2026-09-10 01:57:16.101 UTC postmaster[69699] pg_regress/regproc STATEMENT:  SELECT regnamespace('foo.bar');
2026-09-10 01:57:16.101 UTC postmaster[69699] pg_regress/regproc ERROR:  database "nonexistent" does not exist at character 20
2026-09-10 01:57:16.101 UTC postmaster[69699] pg_regress/regproc STATEMENT:  SELECT regdatabase('Nonexistent');
2026-09-10 01:57:16.101 UTC postmaster[69699] pg_regress/regproc ERROR:  database "Nonexistent" does not exist at character 20
2026-09-10 01:57:16.101 UTC postmaster[69699] pg_regress/regproc STATEMENT:  SELECT regdatabase('"Nonexistent"');
2026-09-10 01:57:16.102 UTC postmaster[69699] pg_regress/float8 ERROR:  zero raised to a negative power is undefined
2026-09-10 01:57:16.102 UTC postmaster[69699] pg_regress/float8 STATEMENT:  SELECT power(float8 '0', float8 '-inf');
2026-09-10 01:57:16.102 UTC postmaster[69699] pg_regress/float4 ERROR:  division by zero
2026-09-10 01:57:16.102 UTC postmaster[69699] pg_regress/float4 STATEMENT:  SELECT f.f1 / '0.0' from FLOAT4_TBL f;
2026-09-10 01:57:16.102 UTC postmaster[69699] pg_regress/regproc ERROR:  invalid name syntax at character 20
2026-09-10 01:57:16.102 UTC postmaster[69699] pg_regress/regproc STATEMENT:  SELECT regdatabase('foo.bar');
2026-09-10 01:57:16.102 UTC postmaster[69699] pg_regress/name ERROR:  string is not a valid identifier: "10.20"
2026-09-10 01:57:16.102 UTC postmaster[69699] pg_regress/name STATEMENT:  SELECT parse_ident('10.20');
2026-09-10 01:57:16.102 UTC postmaster[69699] pg_regress/name ERROR:  string is not a valid identifier: "."
2026-09-10 01:57:16.102 UTC postmaster[69699] pg_regress/name DETAIL:  No valid identifier before ".".
2026-09-10 01:57:16.102 UTC postmaster[69699] pg_regress/name STATEMENT:  SELECT parse_ident('.');
2026-09-10 01:57:16.103 UTC postmaster[69699] pg_regress/name ERROR:  string is not a valid identifier: ".1020"
2026-09-10 01:57:16.103 UTC postmaster[69699] pg_regress/name DETAIL:  No valid identifier before ".".
2026-09-10 01:57:16.103 UTC postmaster[69699] pg_regress/name STATEMENT:  SELECT parse_ident('.1020');
2026-09-10 01:57:16.103 UTC postmaster[69699] pg_regress/rangetypes ERROR:  result of range union would not be contiguous
2026-09-10 01:57:16.103 UTC postmaster[69699] pg_regress/rangetypes STATEMENT:  select numrange(1.0, 2.0) + numrange(2.5, 3.0);
2026-09-10 01:57:16.103 UTC postmaster[69699] pg_regress/name ERROR:  string is not a valid identifier: "xxx.1020"
2026-09-10 01:57:16.103 UTC postmaster[69699] pg_regress/name DETAIL:  No valid identifier after ".".
2026-09-10 01:57:16.103 UTC postmaster[69699] pg_regress/name STATEMENT:  SELECT parse_ident('xxx.1020');
xtc: backend fiber exiting pid=(loop=9,local=1,gen=1) code=0
xtc: supervisor observed normal backend fiber DOWN pid=(loop=9,local=1,gen=1)
xtc: backend fiber exiting pid=(loop=7,local=1,gen=1) code=0
2026-09-10 01:57:16.105 UTC postmaster[69699] pg_regress/float4 ERROR:  smallint out of range
2026-09-10 01:57:16.105 UTC postmaster[69699] pg_regress/float4 STATEMENT:  SELECT '32767.6'::float4::int2;
xtc: supervisor observed normal backend fiber DOWN pid=(loop=7,local=1,gen=1)
2026-09-10 01:57:16.106 UTC postmaster[69699] pg_regress/float4 ERROR:  smallint out of range
2026-09-10 01:57:16.106 UTC postmaster[69699] pg_regress/float4 STATEMENT:  SELECT '-32768.6'::float4::int2;
2026-09-10 01:57:16.107 UTC postmaster[69699] pg_regress/float4 ERROR:  integer out of range
2026-09-10 01:57:16.107 UTC postmaster[69699] pg_regress/float4 STATEMENT:  SELECT '2147483647'::float4::int4;
2026-09-10 01:57:16.107 UTC postmaster[69699] pg_regress/float4 ERROR:  integer out of range
2026-09-10 01:57:16.107 UTC postmaster[69699] pg_regress/float4 STATEMENT:  SELECT '-2147483900'::float4::int4;
2026-09-10 01:57:16.108 UTC postmaster[69699] pg_regress/float4 ERROR:  bigint out of range
2026-09-10 01:57:16.108 UTC postmaster[69699] pg_regress/float4 STATEMENT:  SELECT '9223372036854775807'::float4::int8;
2026-09-10 01:57:16.109 UTC postmaster[69699] pg_regress/float4 ERROR:  bigint out of range
2026-09-10 01:57:16.109 UTC postmaster[69699] pg_regress/float4 STATEMENT:  SELECT '-9223380000000000000'::float4::int8;
2026-09-10 01:57:16.110 UTC postmaster[69699] pg_regress/int8 ERROR:  value "-9223372036854775809" is out of range for type bigint at character 8
2026-09-10 01:57:16.110 UTC postmaster[69699] pg_regress/int8 STATEMENT:  select '-9223372036854775809'::int8;
2026-09-10 01:57:16.110 UTC postmaster[69699] pg_regress/int8 ERROR:  value "9223372036854775808" is out of range for type bigint at character 8
2026-09-10 01:57:16.110 UTC postmaster[69699] pg_regress/int8 STATEMENT:  select '9223372036854775808'::int8;
xtc: backend fiber exiting pid=(loop=10,local=1,gen=1) code=0
xtc: supervisor observed normal backend fiber DOWN pid=(loop=10,local=1,gen=1)
2026-09-10 01:57:16.111 UTC postmaster[69699] pg_regress/int8 ERROR:  bigint out of range
2026-09-10 01:57:16.111 UTC postmaster[69699] pg_regress/int8 STATEMENT:  select -('-9223372036854775808'::int8);
2026-09-10 01:57:16.111 UTC postmaster[69699] pg_regress/int8 ERROR:  bigint out of range
2026-09-10 01:57:16.111 UTC postmaster[69699] pg_regress/int8 STATEMENT:  select 0::int8 - '-9223372036854775808'::int8;
2026-09-10 01:57:16.111 UTC postmaster[69699] pg_regress/int8 ERROR:  bigint out of range
2026-09-10 01:57:16.111 UTC postmaster[69699] pg_regress/int8 STATEMENT:  select '9223372036854775800'::int8 + '9223372036854775800'::int8;
2026-09-10 01:57:16.111 UTC postmaster[69699] pg_regress/int8 ERROR:  bigint out of range
2026-09-10 01:57:16.111 UTC postmaster[69699] pg_regress/int8 STATEMENT:  select '-9223372036854775800'::int8 + '-9223372036854775800'::int8;
2026-09-10 01:57:16.111 UTC postmaster[69699] pg_regress/int8 ERROR:  bigint out of range
2026-09-10 01:57:16.111 UTC postmaster[69699] pg_regress/int8 STATEMENT:  select '9223372036854775800'::int8 - '-9223372036854775800'::int8;
2026-09-10 01:57:16.112 UTC postmaster[69699] pg_regress/int8 ERROR:  bigint out of range
2026-09-10 01:57:16.112 UTC postmaster[69699] pg_regress/int8 STATEMENT:  select '-9223372036854775800'::int8 - '9223372036854775800'::int8;
2026-09-10 01:57:16.112 UTC postmaster[69699] pg_regress/int8 ERROR:  bigint out of range
2026-09-10 01:57:16.112 UTC postmaster[69699] pg_regress/int8 STATEMENT:  select '9223372036854775800'::int8 * '9223372036854775800'::int8;
2026-09-10 01:57:16.112 UTC postmaster[69699] pg_regress/int8 ERROR:  division by zero
2026-09-10 01:57:16.112 UTC postmaster[69699] pg_regress/int8 STATEMENT:  select '9223372036854775800'::int8 / '0'::int8;
2026-09-10 01:57:16.112 UTC postmaster[69699] pg_regress/int8 ERROR:  division by zero
2026-09-10 01:57:16.112 UTC postmaster[69699] pg_regress/int8 STATEMENT:  select '9223372036854775800'::int8 % '0'::int8;
2026-09-10 01:57:16.112 UTC postmaster[69699] pg_regress/int8 ERROR:  bigint out of range
2026-09-10 01:57:16.112 UTC postmaster[69699] pg_regress/int8 STATEMENT:  select abs('-9223372036854775808'::int8);
2026-09-10 01:57:16.113 UTC postmaster[69699] pg_regress/int8 ERROR:  bigint out of range
2026-09-10 01:57:16.113 UTC postmaster[69699] pg_regress/int8 STATEMENT:  select '9223372036854775800'::int8 + '100'::int4;
2026-09-10 01:57:16.113 UTC postmaster[69699] pg_regress/int8 ERROR:  bigint out of range
2026-09-10 01:57:16.113 UTC postmaster[69699] pg_regress/int8 STATEMENT:  select '-9223372036854775800'::int8 - '100'::int4;
2026-09-10 01:57:16.113 UTC postmaster[69699] pg_regress/int8 ERROR:  bigint out of range
2026-09-10 01:57:16.113 UTC postmaster[69699] pg_regress/int8 STATEMENT:  select '9223372036854775800'::int8 * '100'::int4;
2026-09-10 01:57:16.113 UTC postmaster[69699] pg_regress/int8 ERROR:  bigint out of range
2026-09-10 01:57:16.113 UTC postmaster[69699] pg_regress/int8 STATEMENT:  select '100'::int4 + '9223372036854775800'::int8;
2026-09-10 01:57:16.114 UTC postmaster[69699] pg_regress/int8 ERROR:  bigint out of range
2026-09-10 01:57:16.114 UTC postmaster[69699] pg_regress/int8 STATEMENT:  select '-100'::int4 - '9223372036854775800'::int8;
2026-09-10 01:57:16.114 UTC postmaster[69699] pg_regress/int8 ERROR:  bigint out of range
2026-09-10 01:57:16.114 UTC postmaster[69699] pg_regress/int8 STATEMENT:  select '100'::int4 * '9223372036854775800'::int8;
2026-09-10 01:57:16.114 UTC postmaster[69699] pg_regress/int8 ERROR:  bigint out of range
2026-09-10 01:57:16.114 UTC postmaster[69699] pg_regress/int8 STATEMENT:  select '9223372036854775800'::int8 + '100'::int2;
2026-09-10 01:57:16.114 UTC postmaster[69699] pg_regress/int8 ERROR:  bigint out of range
2026-09-10 01:57:16.114 UTC postmaster[69699] pg_regress/int8 STATEMENT:  select '-9223372036854775800'::int8 - '100'::int2;
2026-09-10 01:57:16.114 UTC postmaster[69699] pg_regress/int8 ERROR:  bigint out of range
2026-09-10 01:57:16.114 UTC postmaster[69699] pg_regress/int8 STATEMENT:  select '9223372036854775800'::int8 * '100'::int2;
2026-09-10 01:57:16.115 UTC postmaster[69699] pg_regress/int8 ERROR:  division by zero
2026-09-10 01:57:16.115 UTC postmaster[69699] pg_regress/int8 STATEMENT:  select '-9223372036854775808'::int8 / '0'::int2;
2026-09-10 01:57:16.115 UTC postmaster[69699] pg_regress/int8 ERROR:  bigint out of range
2026-09-10 01:57:16.115 UTC postmaster[69699] pg_regress/int8 STATEMENT:  select '100'::int2 + '9223372036854775800'::int8;
2026-09-10 01:57:16.115 UTC postmaster[69699] pg_regress/int8 ERROR:  bigint out of range
2026-09-10 01:57:16.115 UTC postmaster[69699] pg_regress/int8 STATEMENT:  select '-100'::int2 - '9223372036854775800'::int8;
2026-09-10 01:57:16.115 UTC postmaster[69699] pg_regress/int8 ERROR:  bigint out of range
2026-09-10 01:57:16.115 UTC postmaster[69699] pg_regress/int8 STATEMENT:  select '100'::int2 * '9223372036854775800'::int8;
2026-09-10 01:57:16.115 UTC postmaster[69699] pg_regress/bit ERROR:  bit index 16 out of valid range (0..15)
2026-09-10 01:57:16.115 UTC postmaster[69699] pg_regress/bit STATEMENT:  SELECT set_bit(B'0101011000100100', 16, 1);
2026-09-10 01:57:16.115 UTC postmaster[69699] pg_regress/int8 ERROR:  division by zero
2026-09-10 01:57:16.115 UTC postmaster[69699] pg_regress/int8 STATEMENT:  select '100'::int2 / '0'::int8;
2026-09-10 01:57:16.116 UTC postmaster[69699] pg_regress/int8 ERROR:  integer out of range
2026-09-10 01:57:16.116 UTC postmaster[69699] pg_regress/int8 STATEMENT:  SELECT CAST(q1 AS int4) FROM int8_tbl WHERE q2 <> 456;
2026-09-10 01:57:16.117 UTC postmaster[69699] pg_regress/float8 ERROR:  a negative number raised to a non-integer power yields a complex result
2026-09-10 01:57:16.117 UTC postmaster[69699] pg_regress/float8 STATEMENT:  SELECT power(float8 '-inf', float8 '3.5');
2026-09-10 01:57:16.117 UTC postmaster[69699] pg_regress/int8 ERROR:  smallint out of range
2026-09-10 01:57:16.117 UTC postmaster[69699] pg_regress/int8 STATEMENT:  SELECT CAST(q1 AS int2) FROM int8_tbl WHERE q2 <> 456;
2026-09-10 01:57:16.118 UTC postmaster[69699] pg_regress/int8 ERROR:  bigint out of range
2026-09-10 01:57:16.118 UTC postmaster[69699] pg_regress/int8 STATEMENT:  SELECT CAST('922337203685477580700.0'::float8 AS int8);
2026-09-10 01:57:16.119 UTC postmaster[69699] pg_regress/int8 ERROR:  OID out of range
2026-09-10 01:57:16.119 UTC postmaster[69699] pg_regress/int8 STATEMENT:  SELECT CAST(q1 AS oid) FROM INT8_TBL;
2026-09-10 01:57:16.122 UTC postmaster[69699] pg_regress/int8 ERROR:  step size cannot equal zero
2026-09-10 01:57:16.122 UTC postmaster[69699] pg_regress/int8 STATEMENT:  SELECT * FROM generate_series('+4567890123456789'::int8, '+4567890123456799'::int8, 0);
2026-09-10 01:57:16.123 UTC postmaster[69699] pg_regress/int8 ERROR:  bigint out of range
2026-09-10 01:57:16.123 UTC postmaster[69699] pg_regress/int8 STATEMENT:  SELECT (-9223372036854775808)::int8 * (-1)::int8;
2026-09-10 01:57:16.124 UTC postmaster[69699] pg_regress/int8 ERROR:  bigint out of range
2026-09-10 01:57:16.124 UTC postmaster[69699] pg_regress/int8 STATEMENT:  SELECT (-9223372036854775808)::int8 / (-1)::int8;
2026-09-10 01:57:16.125 UTC postmaster[69699] pg_regress/float8 ERROR:  value out of range: overflow
2026-09-10 01:57:16.125 UTC postmaster[69699] pg_regress/float8 STATEMENT:  SELECT f.f1 * '1e200' from FLOAT8_TBL f;
2026-09-10 01:57:16.125 UTC postmaster[69699] pg_regress/float8 ERROR:  value out of range: overflow
2026-09-10 01:57:16.125 UTC postmaster[69699] pg_regress/float8 STATEMENT:  SELECT f.f1 ^ '1e200' from FLOAT8_TBL f;
2026-09-10 01:57:16.126 UTC postmaster[69699] pg_regress/int8 ERROR:  bigint out of range
2026-09-10 01:57:16.126 UTC postmaster[69699] pg_regress/int8 STATEMENT:  SELECT (-9223372036854775808)::int8 * (-1)::int4;
2026-09-10 01:57:16.126 UTC postmaster[69699] pg_regress/float8 ERROR:  cannot take logarithm of zero
2026-09-10 01:57:16.126 UTC postmaster[69699] pg_regress/float8 STATEMENT:  SELECT ln(f.f1) from FLOAT8_TBL f where f.f1 = '0.0' ;
2026-09-10 01:57:16.126 UTC postmaster[69699] pg_regress/float8 ERROR:  cannot take logarithm of a negative number
2026-09-10 01:57:16.126 UTC postmaster[69699] pg_regress/float8 STATEMENT:  SELECT ln(f.f1) from FLOAT8_TBL f where f.f1 < '0.0' ;
2026-09-10 01:57:16.126 UTC postmaster[69699] pg_regress/int8 ERROR:  bigint out of range
2026-09-10 01:57:16.126 UTC postmaster[69699] pg_regress/int8 STATEMENT:  SELECT (-9223372036854775808)::int8 / (-1)::int4;
2026-09-10 01:57:16.127 UTC postmaster[69699] pg_regress/float8 ERROR:  value out of range: underflow
2026-09-10 01:57:16.127 UTC postmaster[69699] pg_regress/float8 STATEMENT:  SELECT exp(f.f1) from FLOAT8_TBL f;
2026-09-10 01:57:16.127 UTC postmaster[69699] pg_regress/regproc ERROR:  syntax error at or near "type" at character 11
2026-09-10 01:57:16.127 UTC postmaster[69699] pg_regress/regproc CONTEXT:  invalid type name "incorrect type name syntax"
2026-09-10 01:57:16.127 UTC postmaster[69699] pg_regress/regproc STATEMENT:  SELECT * FROM pg_input_error_info('incorrect type name syntax', 'regtype');
2026-09-10 01:57:16.127 UTC postmaster[69699] pg_regress/float8 ERROR:  division by zero
2026-09-10 01:57:16.127 UTC postmaster[69699] pg_regress/float8 STATEMENT:  SELECT f.f1 / '0.0' from FLOAT8_TBL f;
2026-09-10 01:57:16.128 UTC postmaster[69699] pg_regress/regproc ERROR:  invalid NUMERIC type modifier
2026-09-10 01:57:16.128 UTC postmaster[69699] pg_regress/regproc STATEMENT:  SELECT * FROM pg_input_error_info('numeric(1,2,3)', 'regtype');
xtc: backend fiber exiting pid=(loop=15,local=1,gen=1) code=0
2026-09-10 01:57:16.129 UTC postmaster[69699] pg_regress/int8 ERROR:  bigint out of range
2026-09-10 01:57:16.129 UTC postmaster[69699] pg_regress/int8 STATEMENT:  SELECT (-9223372036854775808)::int8 * (-1)::int2;
xtc: supervisor observed normal backend fiber DOWN pid=(loop=15,local=1,gen=1)
2026-09-10 01:57:16.129 UTC postmaster[69699] pg_regress/regproc ERROR:  improper qualified name (too many dotted names): way.too.many.names
2026-09-10 01:57:16.129 UTC postmaster[69699] pg_regress/regproc STATEMENT:  SELECT * FROM pg_input_error_info('way.too.many.names', 'regtype');
2026-09-10 01:57:16.129 UTC postmaster[69699] pg_regress/enum ERROR:  value for domain rgb violates check constraint "rgb_check"
2026-09-10 01:57:16.129 UTC postmaster[69699] pg_regress/enum STATEMENT:  SELECT 'purple'::rgb;
2026-09-10 01:57:16.129 UTC postmaster[69699] pg_regress/regproc ERROR:  cross-database references are not implemented: no_such_catalog.schema.name
2026-09-10 01:57:16.129 UTC postmaster[69699] pg_regress/regproc STATEMENT:  SELECT * FROM pg_input_error_info('no_such_catalog.schema.name', 'regtype');
2026-09-10 01:57:16.130 UTC postmaster[69699] pg_regress/int8 ERROR:  bigint out of range
2026-09-10 01:57:16.130 UTC postmaster[69699] pg_regress/int8 STATEMENT:  SELECT (-9223372036854775808)::int8 / (-1)::int2;
2026-09-10 01:57:16.130 UTC postmaster[69699] pg_regress/enum ERROR:  value for domain rgb violates check constraint "rgb_check"
2026-09-10 01:57:16.130 UTC postmaster[69699] pg_regress/enum STATEMENT:  SELECT 'purple'::rainbow::rgb;
xtc: backend fiber exiting pid=(loop=26,local=1,gen=1) code=0
xtc: supervisor observed normal backend fiber DOWN pid=(loop=26,local=1,gen=1)
2026-09-10 01:57:16.134 UTC postmaster[69699] pg_regress/int8 ERROR:  bigint out of range
2026-09-10 01:57:16.134 UTC postmaster[69699] pg_regress/int8 STATEMENT:  SELECT gcd((-9223372036854775808)::int8, 0::int8);
2026-09-10 01:57:16.134 UTC postmaster[69699] pg_regress/float8 ERROR:  input is out of range
2026-09-10 01:57:16.134 UTC postmaster[69699] pg_regress/float8 STATEMENT:  SELECT acosh(float8 '-infinity');
2026-09-10 01:57:16.134 UTC postmaster[69699] pg_regress/int8 ERROR:  bigint out of range
2026-09-10 01:57:16.134 UTC postmaster[69699] pg_regress/int8 STATEMENT:  SELECT gcd((-9223372036854775808)::int8, (-9223372036854775808)::int8);
2026-09-10 01:57:16.135 UTC postmaster[69699] pg_regress/float8 ERROR:  input is out of range
2026-09-10 01:57:16.135 UTC postmaster[69699] pg_regress/float8 STATEMENT:  SELECT atanh(float8 'infinity');
2026-09-10 01:57:16.135 UTC postmaster[69699] pg_regress/float8 ERROR:  input is out of range
2026-09-10 01:57:16.135 UTC postmaster[69699] pg_regress/float8 STATEMENT:  SELECT atanh(float8 '-infinity');
2026-09-10 01:57:16.136 UTC postmaster[69699] pg_regress/int8 ERROR:  bigint out of range
2026-09-10 01:57:16.136 UTC postmaster[69699] pg_regress/int8 STATEMENT:  SELECT lcm((-9223372036854775808)::int8, 1::int8);
2026-09-10 01:57:16.136 UTC postmaster[69699] pg_regress/int8 ERROR:  bigint out of range
2026-09-10 01:57:16.136 UTC postmaster[69699] pg_regress/int8 STATEMENT:  SELECT lcm(9223372036854775807::int8, 9223372036854775806::int8);
2026-09-10 01:57:16.138 UTC postmaster[69699] pg_regress/float8 ERROR:  value out of range: overflow
2026-09-10 01:57:16.138 UTC postmaster[69699] pg_regress/float8 STATEMENT:  SELECT gamma(float8 '-infinity');
2026-09-10 01:57:16.138 UTC postmaster[69699] pg_regress/float8 ERROR:  value out of range: underflow
2026-09-10 01:57:16.138 UTC postmaster[69699] pg_regress/float8 STATEMENT:  SELECT gamma(float8 '-1000.5');
2026-09-10 01:57:16.139 UTC postmaster[69699] pg_regress/float8 ERROR:  value out of range: overflow
2026-09-10 01:57:16.139 UTC postmaster[69699] pg_regress/float8 STATEMENT:  SELECT gamma(float8 '-1');
2026-09-10 01:57:16.139 UTC postmaster[69699] pg_regress/int8 ERROR:  invalid input syntax for type bigint: "0b" at character 13
2026-09-10 01:57:16.139 UTC postmaster[69699] pg_regress/int8 STATEMENT:  SELECT int8 '0b';
2026-09-10 01:57:16.139 UTC postmaster[69699] pg_regress/float8 ERROR:  value out of range: overflow
2026-09-10 01:57:16.139 UTC postmaster[69699] pg_regress/float8 STATEMENT:  SELECT lgamma(float8 '-1');
2026-09-10 01:57:16.139 UTC postmaster[69699] pg_regress/float8 ERROR:  value out of range: overflow
2026-09-10 01:57:16.139 UTC postmaster[69699] pg_regress/float8 STATEMENT:  SELECT gamma(float8 '0');
2026-09-10 01:57:16.139 UTC postmaster[69699] pg_regress/int8 ERROR:  invalid input syntax for type bigint: "0o" at character 13
2026-09-10 01:57:16.139 UTC postmaster[69699] pg_regress/int8 STATEMENT:  SELECT int8 '0o';
2026-09-10 01:57:16.139 UTC postmaster[69699] pg_regress/float8 ERROR:  value out of range: overflow
2026-09-10 01:57:16.139 UTC postmaster[69699] pg_regress/float8 STATEMENT:  SELECT lgamma(float8 '0');
2026-09-10 01:57:16.139 UTC postmaster[69699] pg_regress/float8 ERROR:  value out of range: overflow
2026-09-10 01:57:16.139 UTC postmaster[69699] pg_regress/float8 STATEMENT:  SELECT gamma(float8 '1000');
2026-09-10 01:57:16.140 UTC postmaster[69699] pg_regress/int8 ERROR:  invalid input syntax for type bigint: "0x" at character 13
2026-09-10 01:57:16.140 UTC postmaster[69699] pg_regress/int8 STATEMENT:  SELECT int8 '0x';
2026-09-10 01:57:16.140 UTC postmaster[69699] pg_regress/float8 ERROR:  value out of range: overflow
2026-09-10 01:57:16.140 UTC postmaster[69699] pg_regress/float8 STATEMENT:  SELECT lgamma(float8 '1e308');
2026-09-10 01:57:16.140 UTC postmaster[69699] pg_regress/float8 ERROR:  "10e400" is out of range for type double precision at character 36
2026-09-10 01:57:16.140 UTC postmaster[69699] pg_regress/float8 STATEMENT:  INSERT INTO FLOAT8_TBL(f1) VALUES ('10e400');
xtc: backend fiber exiting pid=(loop=18,local=1,gen=1) code=0
xtc: supervisor observed normal backend fiber DOWN pid=(loop=18,local=1,gen=1)
2026-09-10 01:57:16.141 UTC postmaster[69699] pg_regress/float8 ERROR:  "-10e400" is out of range for type double precision at character 36
2026-09-10 01:57:16.141 UTC postmaster[69699] pg_regress/float8 STATEMENT:  INSERT INTO FLOAT8_TBL(f1) VALUES ('-10e400');
2026-09-10 01:57:16.141 UTC postmaster[69699] pg_regress/float8 ERROR:  "10e-400" is out of range for type double precision at character 36
2026-09-10 01:57:16.141 UTC postmaster[69699] pg_regress/float8 STATEMENT:  INSERT INTO FLOAT8_TBL(f1) VALUES ('10e-400');
2026-09-10 01:57:16.141 UTC postmaster[69699] pg_regress/float8 ERROR:  "-10e-400" is out of range for type double precision at character 36
2026-09-10 01:57:16.141 UTC postmaster[69699] pg_regress/float8 STATEMENT:  INSERT INTO FLOAT8_TBL(f1) VALUES ('-10e-400');
2026-09-10 01:57:16.142 UTC postmaster[69699] pg_regress/int8 ERROR:  value "0b1000000000000000000000000000000000000000000000000000000000000000" is out of range for type bigint at character 13
2026-09-10 01:57:16.142 UTC postmaster[69699] pg_regress/int8 STATEMENT:  SELECT int8 '0b1000000000000000000000000000000000000000000000000000000000000000';
2026-09-10 01:57:16.144 UTC postmaster[69699] pg_regress/int8 ERROR:  value "0o1000000000000000000000" is out of range for type bigint at character 13
2026-09-10 01:57:16.144 UTC postmaster[69699] pg_regress/int8 STATEMENT:  SELECT int8 '0o1000000000000000000000';
2026-09-10 01:57:16.144 UTC postmaster[69699] pg_regress/float8 ERROR:  smallint out of range
2026-09-10 01:57:16.144 UTC postmaster[69699] pg_regress/float8 STATEMENT:  SELECT '32767.6'::float8::int2;
2026-09-10 01:57:16.145 UTC postmaster[69699] pg_regress/float8 ERROR:  smallint out of range
2026-09-10 01:57:16.145 UTC postmaster[69699] pg_regress/float8 STATEMENT:  SELECT '-32768.6'::float8::int2;
2026-09-10 01:57:16.145 UTC postmaster[69699] pg_regress/int8 ERROR:  value "0x8000000000000000" is out of range for type bigint at character 13
2026-09-10 01:57:16.145 UTC postmaster[69699] pg_regress/int8 STATEMENT:  SELECT int8 '0x8000000000000000';
2026-09-10 01:57:16.146 UTC postmaster[69699] pg_regress/float8 ERROR:  integer out of range
2026-09-10 01:57:16.146 UTC postmaster[69699] pg_regress/float8 STATEMENT:  SELECT '2147483647.6'::float8::int4;
2026-09-10 01:57:16.146 UTC postmaster[69699] pg_regress/float8 ERROR:  integer out of range
2026-09-10 01:57:16.146 UTC postmaster[69699] pg_regress/float8 STATEMENT:  SELECT '-2147483648.6'::float8::int4;
2026-09-10 01:57:16.147 UTC postmaster[69699] pg_regress/float8 ERROR:  bigint out of range
2026-09-10 01:57:16.147 UTC postmaster[69699] pg_regress/float8 STATEMENT:  SELECT '9223372036854775807'::float8::int8;
2026-09-10 01:57:16.147 UTC postmaster[69699] pg_regress/int8 ERROR:  value "-0b1000000000000000000000000000000000000000000000000000000000000001" is out of range for type bigint at character 13
2026-09-10 01:57:16.147 UTC postmaster[69699] pg_regress/int8 STATEMENT:  SELECT int8 '-0b1000000000000000000000000000000000000000000000000000000000000001';
2026-09-10 01:57:16.147 UTC postmaster[69699] pg_regress/float8 ERROR:  bigint out of range
2026-09-10 01:57:16.147 UTC postmaster[69699] pg_regress/float8 STATEMENT:  SELECT '-9223372036854780000'::float8::int8;
2026-09-10 01:57:16.148 UTC postmaster[69699] pg_regress/int8 ERROR:  value "-0o1000000000000000000001" is out of range for type bigint at character 13
2026-09-10 01:57:16.148 UTC postmaster[69699] pg_regress/int8 STATEMENT:  SELECT int8 '-0o1000000000000000000001';
2026-09-10 01:57:16.149 UTC postmaster[69699] pg_regress/int8 ERROR:  value "-0x8000000000000001" is out of range for type bigint at character 13
2026-09-10 01:57:16.149 UTC postmaster[69699] pg_regress/int8 STATEMENT:  SELECT int8 '-0x8000000000000001';
2026-09-10 01:57:16.155 UTC postmaster[69699] pg_regress/enum ERROR:  insert or update on table "enumtest_child" violates foreign key constraint "enumtest_child_parent_fkey"
2026-09-10 01:57:16.155 UTC postmaster[69699] pg_regress/enum DETAIL:  Key (parent)=(blue) is not present in table "enumtest_parent".
2026-09-10 01:57:16.155 UTC postmaster[69699] pg_regress/enum STATEMENT:  INSERT INTO enumtest_child VALUES ('blue');
2026-09-10 01:57:16.156 UTC postmaster[69699] pg_regress/int8 ERROR:  invalid input syntax for type bigint: "_100" at character 13
2026-09-10 01:57:16.156 UTC postmaster[69699] pg_regress/int8 STATEMENT:  SELECT int8 '_100';
2026-09-10 01:57:16.156 UTC postmaster[69699] pg_regress/enum ERROR:  update or delete on table "enumtest_parent" violates foreign key constraint "enumtest_child_parent_fkey" on table "enumtest_child"
2026-09-10 01:57:16.156 UTC postmaster[69699] pg_regress/enum DETAIL:  Key (id)=(red) is still referenced from table "enumtest_child".
2026-09-10 01:57:16.156 UTC postmaster[69699] pg_regress/enum STATEMENT:  DELETE FROM enumtest_parent;
2026-09-10 01:57:16.156 UTC postmaster[69699] pg_regress/int8 ERROR:  invalid input syntax for type bigint: "100_" at character 13
2026-09-10 01:57:16.156 UTC postmaster[69699] pg_regress/int8 STATEMENT:  SELECT int8 '100_';
2026-09-10 01:57:16.157 UTC postmaster[69699] pg_regress/float8 ERROR:  type "no_such_type" does not exist at character 69
2026-09-10 01:57:16.157 UTC postmaster[69699] pg_regress/float8 STATEMENT:  create type xfloat8 (input = xfloat8in, output = xfloat8out, like = no_such_type);
2026-09-10 01:57:16.157 UTC postmaster[69699] pg_regress/int8 ERROR:  invalid input syntax for type bigint: "100__000" at character 13
2026-09-10 01:57:16.157 UTC postmaster[69699] pg_regress/int8 STATEMENT:  SELECT int8 '100__000';
2026-09-10 01:57:16.158 UTC postmaster[69699] pg_regress/enum ERROR:  foreign key constraint "enumtest_bogus_child_parent_fkey" cannot be implemented
2026-09-10 01:57:16.158 UTC postmaster[69699] pg_regress/enum DETAIL:  Key columns "parent" of the referencing table and "id" of the referenced table are of incompatible types: bogus and rainbow.
2026-09-10 01:57:16.158 UTC postmaster[69699] pg_regress/enum STATEMENT:  CREATE TABLE enumtest_bogus_child(parent bogus REFERENCES enumtest_parent);
xtc: backend fiber exiting pid=(loop=17,local=1,gen=1) code=0
xtc: supervisor observed normal backend fiber DOWN pid=(loop=17,local=1,gen=1)
2026-09-10 01:57:16.161 UTC postmaster[69699] pg_regress/enum ERROR:  "red" is not an existing enum label
2026-09-10 01:57:16.161 UTC postmaster[69699] pg_regress/enum STATEMENT:  ALTER TYPE rainbow RENAME VALUE 'red' TO 'crimson';
2026-09-10 01:57:16.161 UTC postmaster[69699] pg_regress/enum ERROR:  enum label "green" already exists
2026-09-10 01:57:16.161 UTC postmaster[69699] pg_regress/enum STATEMENT:  ALTER TYPE rainbow RENAME VALUE 'blue' TO 'green';
2026-09-10 01:57:16.163 UTC postmaster[69699] pg_regress/enum ERROR:  unsafe use of new value "new" of enum type bogus at character 8
2026-09-10 01:57:16.163 UTC postmaster[69699] pg_regress/enum HINT:  New enum values must be committed before they can be used.
2026-09-10 01:57:16.163 UTC postmaster[69699] pg_regress/enum STATEMENT:  SELECT 'new'::bogus;
2026-09-10 01:57:16.164 UTC postmaster[69699] pg_regress/enum ERROR:  unsafe use of new value "new" of enum type bogus
2026-09-10 01:57:16.164 UTC postmaster[69699] pg_regress/enum HINT:  New enum values must be committed before they can be used.
2026-09-10 01:57:16.164 UTC postmaster[69699] pg_regress/enum STATEMENT:  SELECT enum_last(null::bogus);
2026-09-10 01:57:16.165 UTC postmaster[69699] pg_regress/enum ERROR:  unsafe use of new value "new" of enum type bogus
2026-09-10 01:57:16.165 UTC postmaster[69699] pg_regress/enum HINT:  New enum values must be committed before they can be used.
2026-09-10 01:57:16.165 UTC postmaster[69699] pg_regress/enum STATEMENT:  SELECT enum_range(null::bogus);
2026-09-10 01:57:16.165 UTC postmaster[69699] pg_regress/uuid ERROR:  interval out of range for UUID version 7
2026-09-10 01:57:16.165 UTC postmaster[69699] pg_regress/uuid DETAIL:  UUID version 7 does not support infinite intervals.
2026-09-10 01:57:16.165 UTC postmaster[69699] pg_regress/uuid STATEMENT:  SELECT uuidv7('infinity'::interval);
2026-09-10 01:57:16.165 UTC postmaster[69699] pg_regress/uuid ERROR:  interval out of range for UUID version 7
2026-09-10 01:57:16.165 UTC postmaster[69699] pg_regress/uuid DETAIL:  UUID version 7 does not support infinite intervals.
2026-09-10 01:57:16.165 UTC postmaster[69699] pg_regress/uuid STATEMENT:  SELECT uuidv7('-infinity'::interval);
2026-09-10 01:57:16.165 UTC postmaster[69699] pg_regress/uuid ERROR:  timestamp out of range for UUID version 7
2026-09-10 01:57:16.165 UTC postmaster[69699] pg_regress/uuid DETAIL:  UUID version 7 supports timestamps from 1970-01-01 to approximately year 10889.
2026-09-10 01:57:16.165 UTC postmaster[69699] pg_regress/uuid STATEMENT:  SELECT uuidv7('-1000 years'::interval);
2026-09-10 01:57:16.165 UTC postmaster[69699] pg_regress/uuid ERROR:  timestamp out of range for UUID version 7
2026-09-10 01:57:16.165 UTC postmaster[69699] pg_regress/uuid DETAIL:  UUID version 7 supports timestamps from 1970-01-01 to approximately year 10889.
2026-09-10 01:57:16.165 UTC postmaster[69699] pg_regress/uuid STATEMENT:  SELECT uuidv7('9000 years'::interval);
2026-09-10 01:57:16.167 UTC postmaster[69699] pg_regress/enum ERROR:  unsafe use of new value "bad" of enum type bogon at character 8
2026-09-10 01:57:16.167 UTC postmaster[69699] pg_regress/enum HINT:  New enum values must be committed before they can be used.
2026-09-10 01:57:16.167 UTC postmaster[69699] pg_regress/enum STATEMENT:  SELECT 'bad'::bogon;
2026-09-10 01:57:16.168 UTC postmaster[69699] pg_regress/uuid ERROR:  invalid input length for type uuid
2026-09-10 01:57:16.168 UTC postmaster[69699] pg_regress/uuid DETAIL:  Expected 16 bytes, got 8.
2026-09-10 01:57:16.168 UTC postmaster[69699] pg_regress/uuid STATEMENT:  SELECT '\x1234567890abcdef'::bytea::uuid;
xtc: backend fiber exiting pid=(loop=16,local=1,gen=1) code=0
xtc: supervisor observed normal backend fiber DOWN pid=(loop=16,local=1,gen=1)
xtc: backend fiber exiting pid=(loop=20,local=1,gen=1) code=0
xtc: supervisor observed normal backend fiber DOWN pid=(loop=20,local=1,gen=1)
xtc: backend fiber exiting pid=(loop=22,local=1,gen=1) code=0
xtc: supervisor observed normal backend fiber DOWN pid=(loop=22,local=1,gen=1)
2026-09-10 01:57:16.206 UTC postmaster[69699] pg_regress/numeric ERROR:  division by zero
2026-09-10 01:57:16.206 UTC postmaster[69699] pg_regress/numeric STATEMENT:  SELECT 'inf'::numeric / '0';
2026-09-10 01:57:16.207 UTC postmaster[69699] pg_regress/numeric ERROR:  division by zero
2026-09-10 01:57:16.207 UTC postmaster[69699] pg_regress/numeric STATEMENT:  SELECT '-inf'::numeric / '0';
2026-09-10 01:57:16.207 UTC postmaster[69699] pg_regress/numeric ERROR:  division by zero
2026-09-10 01:57:16.207 UTC postmaster[69699] pg_regress/numeric STATEMENT:  SELECT '0'::numeric / '0';
2026-09-10 01:57:16.207 UTC postmaster[69699] pg_regress/numeric ERROR:  division by zero
2026-09-10 01:57:16.207 UTC postmaster[69699] pg_regress/numeric STATEMENT:  SELECT 'inf'::numeric % '0';
2026-09-10 01:57:16.207 UTC postmaster[69699] pg_regress/numeric ERROR:  division by zero
2026-09-10 01:57:16.207 UTC postmaster[69699] pg_regress/numeric STATEMENT:  SELECT '-inf'::numeric % '0';
2026-09-10 01:57:16.207 UTC postmaster[69699] pg_regress/numeric ERROR:  division by zero
2026-09-10 01:57:16.207 UTC postmaster[69699] pg_regress/numeric STATEMENT:  SELECT '0'::numeric % '0';
2026-09-10 01:57:16.207 UTC postmaster[69699] pg_regress/numeric ERROR:  division by zero
2026-09-10 01:57:16.207 UTC postmaster[69699] pg_regress/numeric STATEMENT:  SELECT div('inf'::numeric, '0');
2026-09-10 01:57:16.207 UTC postmaster[69699] pg_regress/numeric ERROR:  division by zero
2026-09-10 01:57:16.207 UTC postmaster[69699] pg_regress/numeric STATEMENT:  SELECT div('-inf'::numeric, '0');
2026-09-10 01:57:16.207 UTC postmaster[69699] pg_regress/numeric ERROR:  division by zero
2026-09-10 01:57:16.207 UTC postmaster[69699] pg_regress/numeric STATEMENT:  SELECT div('0'::numeric, '0');
2026-09-10 01:57:16.209 UTC postmaster[69699] pg_regress/numeric ERROR:  cannot take square root of a negative number
2026-09-10 01:57:16.209 UTC postmaster[69699] pg_regress/numeric STATEMENT:  SELECT sqrt('-1'::numeric);
2026-09-10 01:57:16.209 UTC postmaster[69699] pg_regress/numeric ERROR:  cannot take square root of a negative number
2026-09-10 01:57:16.209 UTC postmaster[69699] pg_regress/numeric STATEMENT:  SELECT sqrt('-inf'::numeric);
2026-09-10 01:57:16.210 UTC postmaster[69699] pg_regress/numeric ERROR:  cannot take logarithm of zero
2026-09-10 01:57:16.210 UTC postmaster[69699] pg_regress/numeric STATEMENT:  SELECT ln('0'::numeric);
2026-09-10 01:57:16.210 UTC postmaster[69699] pg_regress/numeric ERROR:  cannot take logarithm of a negative number
2026-09-10 01:57:16.210 UTC postmaster[69699] pg_regress/numeric STATEMENT:  SELECT ln('-1'::numeric);
2026-09-10 01:57:16.210 UTC postmaster[69699] pg_regress/numeric ERROR:  cannot take logarithm of a negative number
2026-09-10 01:57:16.210 UTC postmaster[69699] pg_regress/numeric STATEMENT:  SELECT ln('-inf'::numeric);
2026-09-10 01:57:16.210 UTC postmaster[69699] pg_regress/numeric ERROR:  cannot take logarithm of zero
2026-09-10 01:57:16.210 UTC postmaster[69699] pg_regress/numeric STATEMENT:  SELECT log('0'::numeric, '10');
2026-09-10 01:57:16.211 UTC postmaster[69699] pg_regress/numeric ERROR:  cannot take logarithm of zero
2026-09-10 01:57:16.211 UTC postmaster[69699] pg_regress/numeric STATEMENT:  SELECT log('10'::numeric, '0');
2026-09-10 01:57:16.211 UTC postmaster[69699] pg_regress/numeric ERROR:  cannot take logarithm of a negative number
2026-09-10 01:57:16.211 UTC postmaster[69699] pg_regress/numeric STATEMENT:  SELECT log('-inf'::numeric, '10');
2026-09-10 01:57:16.211 UTC postmaster[69699] pg_regress/numeric ERROR:  cannot take logarithm of a negative number
2026-09-10 01:57:16.211 UTC postmaster[69699] pg_regress/numeric STATEMENT:  SELECT log('10'::numeric, '-inf');
2026-09-10 01:57:16.211 UTC postmaster[69699] pg_regress/numeric ERROR:  cannot take logarithm of zero
2026-09-10 01:57:16.211 UTC postmaster[69699] pg_regress/numeric STATEMENT:  SELECT log('inf'::numeric, '0');
2026-09-10 01:57:16.211 UTC postmaster[69699] pg_regress/numeric ERROR:  cannot take logarithm of a negative number
2026-09-10 01:57:16.211 UTC postmaster[69699] pg_regress/numeric STATEMENT:  SELECT log('inf'::numeric, '-inf');
2026-09-10 01:57:16.211 UTC postmaster[69699] pg_regress/numeric ERROR:  cannot take logarithm of a negative number
2026-09-10 01:57:16.211 UTC postmaster[69699] pg_regress/numeric STATEMENT:  SELECT log('-inf'::numeric, 'inf');
2026-09-10 01:57:16.212 UTC postmaster[69699] pg_regress/numeric ERROR:  zero raised to a negative power is undefined
2026-09-10 01:57:16.212 UTC postmaster[69699] pg_regress/numeric STATEMENT:  SELECT power('0'::numeric, '-1');
2026-09-10 01:57:16.212 UTC postmaster[69699] pg_regress/numeric ERROR:  zero raised to a negative power is undefined
2026-09-10 01:57:16.212 UTC postmaster[69699] pg_regress/numeric STATEMENT:  SELECT power('0'::numeric, '-inf');
2026-09-10 01:57:16.212 UTC postmaster[69699] pg_regress/numeric ERROR:  a negative number raised to a non-integer power yields a complex result
2026-09-10 01:57:16.212 UTC postmaster[69699] pg_regress/numeric STATEMENT:  SELECT power('-2'::numeric, '3.3');
2026-09-10 01:57:16.212 UTC postmaster[69699] pg_regress/numeric ERROR:  a negative number raised to a non-integer power yields a complex result
2026-09-10 01:57:16.212 UTC postmaster[69699] pg_regress/numeric STATEMENT:  SELECT power('-2'::numeric, '-1.5');
2026-09-10 01:57:16.213 UTC postmaster[69699] pg_regress/numeric ERROR:  a negative number raised to a non-integer power yields a complex result
2026-09-10 01:57:16.213 UTC postmaster[69699] pg_regress/numeric STATEMENT:  SELECT power('-inf'::numeric, '4.5');
2026-09-10 01:57:16.217 UTC postmaster[69699] pg_regress/numeric ERROR:  numeric field overflow
2026-09-10 01:57:16.217 UTC postmaster[69699] pg_regress/numeric DETAIL:  A field with precision 4, scale 4 must round to an absolute value less than 1.
2026-09-10 01:57:16.217 UTC postmaster[69699] pg_regress/numeric STATEMENT:  INSERT INTO fract_only VALUES (3, '1.0');
2026-09-10 01:57:16.218 UTC postmaster[69699] pg_regress/numeric ERROR:  numeric field overflow
2026-09-10 01:57:16.218 UTC postmaster[69699] pg_regress/numeric DETAIL:  A field with precision 4, scale 4 must round to an absolute value less than 1.
2026-09-10 01:57:16.218 UTC postmaster[69699] pg_regress/numeric STATEMENT:  INSERT INTO fract_only VALUES (6, '0.99995');
2026-09-10 01:57:16.218 UTC postmaster[69699] pg_regress/numeric ERROR:  numeric field overflow
2026-09-10 01:57:16.218 UTC postmaster[69699] pg_regress/numeric DETAIL:  A field with precision 4, scale 4 cannot hold an infinite value.
2026-09-10 01:57:16.218 UTC postmaster[69699] pg_regress/numeric STATEMENT:  INSERT INTO fract_only VALUES (10, 'Inf');
2026-09-10 01:57:16.218 UTC postmaster[69699] pg_regress/numeric ERROR:  numeric field overflow
2026-09-10 01:57:16.218 UTC postmaster[69699] pg_regress/numeric DETAIL:  A field with precision 4, scale 4 cannot hold an infinite value.
2026-09-10 01:57:16.218 UTC postmaster[69699] pg_regress/numeric STATEMENT:  INSERT INTO fract_only VALUES (11, '-Inf');
2026-09-10 01:57:16.220 UTC postmaster[69699] pg_regress/numeric ERROR:  bigint out of range
2026-09-10 01:57:16.220 UTC postmaster[69699] pg_regress/numeric STATEMENT:  SELECT (-9223372036854775808.5)::int8;
2026-09-10 01:57:16.220 UTC postmaster[69699] pg_regress/numeric ERROR:  bigint out of range
2026-09-10 01:57:16.220 UTC postmaster[69699] pg_regress/numeric STATEMENT:  SELECT 9223372036854775807.5::int8;
2026-09-10 01:57:16.220 UTC postmaster[69699] pg_regress/numeric ERROR:  integer out of range
2026-09-10 01:57:16.220 UTC postmaster[69699] pg_regress/numeric STATEMENT:  SELECT (-2147483648.5)::int4;
2026-09-10 01:57:16.221 UTC postmaster[69699] pg_regress/numeric ERROR:  integer out of range
2026-09-10 01:57:16.221 UTC postmaster[69699] pg_regress/numeric STATEMENT:  SELECT 2147483647.5::int4;
2026-09-10 01:57:16.221 UTC postmaster[69699] pg_regress/numeric ERROR:  smallint out of range
2026-09-10 01:57:16.221 UTC postmaster[69699] pg_regress/numeric STATEMENT:  SELECT (-32768.5)::int2;
2026-09-10 01:57:16.221 UTC postmaster[69699] pg_regress/numeric ERROR:  smallint out of range
2026-09-10 01:57:16.221 UTC postmaster[69699] pg_regress/numeric STATEMENT:  SELECT 32767.5::int2;
2026-09-10 01:57:16.223 UTC postmaster[69699] pg_regress/numeric ERROR:  cannot convert NaN to smallint
2026-09-10 01:57:16.223 UTC postmaster[69699] pg_regress/numeric STATEMENT:  SELECT 'NaN'::numeric::int2;
2026-09-10 01:57:16.223 UTC postmaster[69699] pg_regress/numeric ERROR:  cannot convert infinity to smallint
2026-09-10 01:57:16.223 UTC postmaster[69699] pg_regress/numeric STATEMENT:  SELECT 'Infinity'::numeric::int2;
2026-09-10 01:57:16.223 UTC postmaster[69699] pg_regress/numeric ERROR:  cannot convert infinity to smallint
2026-09-10 01:57:16.223 UTC postmaster[69699] pg_regress/numeric STATEMENT:  SELECT '-Infinity'::numeric::int2;
2026-09-10 01:57:16.223 UTC postmaster[69699] pg_regress/numeric ERROR:  cannot convert NaN to integer
2026-09-10 01:57:16.223 UTC postmaster[69699] pg_regress/numeric STATEMENT:  SELECT 'NaN'::numeric::int4;
2026-09-10 01:57:16.223 UTC postmaster[69699] pg_regress/numeric ERROR:  cannot convert infinity to integer
2026-09-10 01:57:16.223 UTC postmaster[69699] pg_regress/numeric STATEMENT:  SELECT 'Infinity'::numeric::int4;
2026-09-10 01:57:16.223 UTC postmaster[69699] pg_regress/numeric ERROR:  cannot convert infinity to integer
2026-09-10 01:57:16.223 UTC postmaster[69699] pg_regress/numeric STATEMENT:  SELECT '-Infinity'::numeric::int4;
2026-09-10 01:57:16.223 UTC postmaster[69699] pg_regress/numeric ERROR:  cannot convert NaN to bigint
2026-09-10 01:57:16.223 UTC postmaster[69699] pg_regress/numeric STATEMENT:  SELECT 'NaN'::numeric::int8;
2026-09-10 01:57:16.224 UTC postmaster[69699] pg_regress/numeric ERROR:  cannot convert infinity to bigint
2026-09-10 01:57:16.224 UTC postmaster[69699] pg_regress/numeric STATEMENT:  SELECT 'Infinity'::numeric::int8;
2026-09-10 01:57:16.224 UTC postmaster[69699] pg_regress/numeric ERROR:  cannot convert infinity to bigint
2026-09-10 01:57:16.224 UTC postmaster[69699] pg_regress/numeric STATEMENT:  SELECT '-Infinity'::numeric::int8;
2026-09-10 01:57:16.230 UTC postmaster[69699] pg_regress/numeric ERROR:  value overflows numeric format
2026-09-10 01:57:16.230 UTC postmaster[69699] pg_regress/numeric STATEMENT:  SELECT round(5.5e131071, -131072);
2026-09-10 01:57:16.232 UTC postmaster[69699] pg_regress/numeric ERROR:  count must be greater than zero
2026-09-10 01:57:16.232 UTC postmaster[69699] pg_regress/numeric STATEMENT:  SELECT width_bucket(5.0, 3.0, 4.0, 0);
2026-09-10 01:57:16.232 UTC postmaster[69699] pg_regress/numeric ERROR:  count must be greater than zero
2026-09-10 01:57:16.232 UTC postmaster[69699] pg_regress/numeric STATEMENT:  SELECT width_bucket(5.0, 3.0, 4.0, -5);
2026-09-10 01:57:16.232 UTC postmaster[69699] pg_regress/numeric ERROR:  lower bound cannot equal upper bound
2026-09-10 01:57:16.232 UTC postmaster[69699] pg_regress/numeric STATEMENT:  SELECT width_bucket(3.5, 3.0, 3.0, 888);
2026-09-10 01:57:16.233 UTC postmaster[69699] pg_regress/numeric ERROR:  count must be greater than zero
2026-09-10 01:57:16.233 UTC postmaster[69699] pg_regress/numeric STATEMENT:  SELECT width_bucket(5.0::float8, 3.0::float8, 4.0::float8, 0);
2026-09-10 01:57:16.233 UTC postmaster[69699] pg_regress/numeric ERROR:  count must be greater than zero
2026-09-10 01:57:16.233 UTC postmaster[69699] pg_regress/numeric STATEMENT:  SELECT width_bucket(5.0::float8, 3.0::float8, 4.0::float8, -5);
2026-09-10 01:57:16.233 UTC postmaster[69699] pg_regress/numeric ERROR:  lower bound cannot equal upper bound
2026-09-10 01:57:16.233 UTC postmaster[69699] pg_regress/numeric STATEMENT:  SELECT width_bucket(3.5::float8, 3.0::float8, 3.0::float8, 888);
2026-09-10 01:57:16.233 UTC postmaster[69699] pg_regress/numeric ERROR:  lower and upper bounds cannot be NaN
2026-09-10 01:57:16.233 UTC postmaster[69699] pg_regress/numeric STATEMENT:  SELECT width_bucket(0, 'NaN', 4.0, 888);
2026-09-10 01:57:16.233 UTC postmaster[69699] pg_regress/numeric ERROR:  lower and upper bounds cannot be NaN
2026-09-10 01:57:16.233 UTC postmaster[69699] pg_regress/numeric STATEMENT:  SELECT width_bucket(0::float8, 'NaN', 4.0::float8, 888);
2026-09-10 01:57:16.233 UTC postmaster[69699] pg_regress/numeric ERROR:  lower and upper bounds must be finite
2026-09-10 01:57:16.233 UTC postmaster[69699] pg_regress/numeric STATEMENT:  SELECT width_bucket(2.0, 3.0, '-inf', 888);
2026-09-10 01:57:16.233 UTC postmaster[69699] pg_regress/numeric ERROR:  lower and upper bounds must be finite
2026-09-10 01:57:16.233 UTC postmaster[69699] pg_regress/numeric STATEMENT:  SELECT width_bucket(0::float8, '-inf', 4.0::float8, 888);
2026-09-10 01:57:16.237 UTC postmaster[69699] pg_regress/numeric ERROR:  lower and upper bounds must be finite
2026-09-10 01:57:16.237 UTC postmaster[69699] pg_regress/numeric STATEMENT:  SELECT width_bucket(0.0::numeric, 'Infinity'::numeric, 5, 10);
2026-09-10 01:57:16.237 UTC postmaster[69699] pg_regress/numeric ERROR:  lower and upper bounds must be finite
2026-09-10 01:57:16.237 UTC postmaster[69699] pg_regress/numeric STATEMENT:  SELECT width_bucket(0.0::numeric, 5, '-Infinity'::numeric, 20);
2026-09-10 01:57:16.237 UTC postmaster[69699] pg_regress/numeric ERROR:  lower and upper bounds must be finite
2026-09-10 01:57:16.237 UTC postmaster[69699] pg_regress/numeric STATEMENT:  SELECT width_bucket(0.0::float8, 'Infinity'::float8, 5, 10);
2026-09-10 01:57:16.238 UTC postmaster[69699] pg_regress/numeric ERROR:  lower and upper bounds must be finite
2026-09-10 01:57:16.238 UTC postmaster[69699] pg_regress/numeric STATEMENT:  SELECT width_bucket(0.0::float8, 5, '-Infinity'::float8, 20);
2026-09-10 01:57:16.241 UTC postmaster[69699] pg_regress/numeric ERROR:  integer out of range
2026-09-10 01:57:16.241 UTC postmaster[69699] pg_regress/numeric STATEMENT:  SELECT width_bucket(1::float8, 0, 1, 2147483647);
2026-09-10 01:57:16.241 UTC postmaster[69699] pg_regress/numeric ERROR:  integer out of range
2026-09-10 01:57:16.241 UTC postmaster[69699] pg_regress/numeric STATEMENT:  SELECT width_bucket(0::float8, 1, 0, 2147483647);
2026-09-10 01:57:16.266 UTC postmaster[69699] pg_regress/numeric ERROR:  invalid Roman numeral
2026-09-10 01:57:16.266 UTC postmaster[69699] pg_regress/numeric STATEMENT:  SELECT to_number('viv', 'RN');
2026-09-10 01:57:16.266 UTC postmaster[69699] pg_regress/numeric ERROR:  invalid Roman numeral
2026-09-10 01:57:16.266 UTC postmaster[69699] pg_regress/numeric STATEMENT:  SELECT to_number('DCCCD', 'RN');
2026-09-10 01:57:16.266 UTC postmaster[69699] pg_regress/numeric ERROR:  invalid Roman numeral
2026-09-10 01:57:16.266 UTC postmaster[69699] pg_regress/numeric STATEMENT:  SELECT to_number('XIXL', 'RN');
2026-09-10 01:57:16.266 UTC postmaster[69699] pg_regress/numeric ERROR:  invalid Roman numeral
2026-09-10 01:57:16.266 UTC postmaster[69699] pg_regress/numeric STATEMENT:  SELECT to_number('MCCM', 'RN');
2026-09-10 01:57:16.266 UTC postmaster[69699] pg_regress/numeric ERROR:  invalid Roman numeral
2026-09-10 01:57:16.266 UTC postmaster[69699] pg_regress/numeric STATEMENT:  SELECT to_number('MMMM', 'RN');
2026-09-10 01:57:16.266 UTC postmaster[69699] pg_regress/numeric ERROR:  invalid Roman numeral
2026-09-10 01:57:16.266 UTC postmaster[69699] pg_regress/numeric STATEMENT:  SELECT to_number('VV', 'RN');
2026-09-10 01:57:16.266 UTC postmaster[69699] pg_regress/numeric ERROR:  invalid Roman numeral
2026-09-10 01:57:16.266 UTC postmaster[69699] pg_regress/numeric STATEMENT:  SELECT to_number('IL', 'RN');
2026-09-10 01:57:16.266 UTC postmaster[69699] pg_regress/numeric ERROR:  invalid Roman numeral
2026-09-10 01:57:16.266 UTC postmaster[69699] pg_regress/numeric STATEMENT:  SELECT to_number('VIX', 'RN');
2026-09-10 01:57:16.266 UTC postmaster[69699] pg_regress/numeric ERROR:  invalid Roman numeral
2026-09-10 01:57:16.266 UTC postmaster[69699] pg_regress/numeric STATEMENT:  SELECT to_number('LXC', 'RN');
2026-09-10 01:57:16.266 UTC postmaster[69699] pg_regress/numeric ERROR:  invalid Roman numeral
2026-09-10 01:57:16.266 UTC postmaster[69699] pg_regress/numeric STATEMENT:  SELECT to_number('DCM', 'RN');
2026-09-10 01:57:16.266 UTC postmaster[69699] pg_regress/numeric ERROR:  invalid Roman numeral
2026-09-10 01:57:16.266 UTC postmaster[69699] pg_regress/numeric STATEMENT:  SELECT to_number('MMMDCM', 'RN');
2026-09-10 01:57:16.266 UTC postmaster[69699] pg_regress/numeric ERROR:  invalid Roman numeral
2026-09-10 01:57:16.266 UTC postmaster[69699] pg_regress/numeric STATEMENT:  SELECT to_number('CLXC', 'RN');
2026-09-10 01:57:16.266 UTC postmaster[69699] pg_regress/numeric ERROR:  "RN" is incompatible with other formats
2026-09-10 01:57:16.266 UTC postmaster[69699] pg_regress/numeric DETAIL:  "RN" may only be used together with "FM".
2026-09-10 01:57:16.266 UTC postmaster[69699] pg_regress/numeric STATEMENT:  SELECT to_number('CM', 'MIRN');
2026-09-10 01:57:16.267 UTC postmaster[69699] pg_regress/numeric ERROR:  cannot use "RN" twice
2026-09-10 01:57:16.267 UTC postmaster[69699] pg_regress/numeric STATEMENT:  SELECT to_number('CM', 'RNRN');
2026-09-10 01:57:16.267 UTC postmaster[69699] pg_regress/numeric ERROR:  invalid Roman numeral
2026-09-10 01:57:16.267 UTC postmaster[69699] pg_regress/numeric STATEMENT:  SELECT to_number('qiv', 'RN');
2026-09-10 01:57:16.267 UTC postmaster[69699] pg_regress/numeric ERROR:  invalid input syntax for type numeric: " "
2026-09-10 01:57:16.267 UTC postmaster[69699] pg_regress/numeric STATEMENT:  SELECT to_number('', 'RN');
2026-09-10 01:57:16.267 UTC postmaster[69699] pg_regress/numeric ERROR:  invalid Roman numeral
2026-09-10 01:57:16.267 UTC postmaster[69699] pg_regress/numeric STATEMENT:  SELECT to_number(' ', 'RN');
2026-09-10 01:57:16.273 UTC postmaster[69699] pg_regress/numeric ERROR:  invalid input syntax for type numeric: "     " at character 40
2026-09-10 01:57:16.273 UTC postmaster[69699] pg_regress/numeric STATEMENT:  INSERT INTO num_input_test(n1) VALUES ('     ');
2026-09-10 01:57:16.273 UTC postmaster[69699] pg_regress/numeric ERROR:  invalid input syntax for type numeric: "   1234   %" at character 40
2026-09-10 01:57:16.273 UTC postmaster[69699] pg_regress/numeric STATEMENT:  INSERT INTO num_input_test(n1) VALUES ('   1234   %');
2026-09-10 01:57:16.273 UTC postmaster[69699] pg_regress/numeric ERROR:  invalid input syntax for type numeric: "xyz" at character 40
2026-09-10 01:57:16.273 UTC postmaster[69699] pg_regress/numeric STATEMENT:  INSERT INTO num_input_test(n1) VALUES ('xyz');
2026-09-10 01:57:16.273 UTC postmaster[69699] pg_regress/numeric ERROR:  invalid input syntax for type numeric: "- 1234" at character 40
2026-09-10 01:57:16.273 UTC postmaster[69699] pg_regress/numeric STATEMENT:  INSERT INTO num_input_test(n1) VALUES ('- 1234');
2026-09-10 01:57:16.273 UTC postmaster[69699] pg_regress/numeric ERROR:  invalid input syntax for type numeric: "5 . 0" at character 40
2026-09-10 01:57:16.273 UTC postmaster[69699] pg_regress/numeric STATEMENT:  INSERT INTO num_input_test(n1) VALUES ('5 . 0');
2026-09-10 01:57:16.274 UTC postmaster[69699] pg_regress/numeric ERROR:  invalid input syntax for type numeric: "5. 0   " at character 40
2026-09-10 01:57:16.274 UTC postmaster[69699] pg_regress/numeric STATEMENT:  INSERT INTO num_input_test(n1) VALUES ('5. 0   ');
2026-09-10 01:57:16.274 UTC postmaster[69699] pg_regress/numeric ERROR:  invalid input syntax for type numeric: "" at character 40
2026-09-10 01:57:16.274 UTC postmaster[69699] pg_regress/numeric STATEMENT:  INSERT INTO num_input_test(n1) VALUES ('');
2026-09-10 01:57:16.274 UTC postmaster[69699] pg_regress/numeric ERROR:  invalid input syntax for type numeric: " N aN " at character 40
2026-09-10 01:57:16.274 UTC postmaster[69699] pg_regress/numeric STATEMENT:  INSERT INTO num_input_test(n1) VALUES (' N aN ');
2026-09-10 01:57:16.274 UTC postmaster[69699] pg_regress/numeric ERROR:  invalid input syntax for type numeric: "+NaN" at character 40
2026-09-10 01:57:16.274 UTC postmaster[69699] pg_regress/numeric STATEMENT:  INSERT INTO num_input_test(n1) VALUES ('+NaN');
2026-09-10 01:57:16.274 UTC postmaster[69699] pg_regress/numeric ERROR:  invalid input syntax for type numeric: "-NaN" at character 40
2026-09-10 01:57:16.274 UTC postmaster[69699] pg_regress/numeric STATEMENT:  INSERT INTO num_input_test(n1) VALUES ('-NaN');
2026-09-10 01:57:16.274 UTC postmaster[69699] pg_regress/numeric ERROR:  invalid input syntax for type numeric: "+ infinity" at character 40
2026-09-10 01:57:16.274 UTC postmaster[69699] pg_regress/numeric STATEMENT:  INSERT INTO num_input_test(n1) VALUES ('+ infinity');
2026-09-10 01:57:16.274 UTC postmaster[69699] pg_regress/numeric ERROR:  invalid input syntax for type numeric: "_123" at character 40
2026-09-10 01:57:16.274 UTC postmaster[69699] pg_regress/numeric STATEMENT:  INSERT INTO num_input_test(n1) VALUES ('_123');
2026-09-10 01:57:16.274 UTC postmaster[69699] pg_regress/numeric ERROR:  invalid input syntax for type numeric: "123_" at character 40
2026-09-10 01:57:16.274 UTC postmaster[69699] pg_regress/numeric STATEMENT:  INSERT INTO num_input_test(n1) VALUES ('123_');
2026-09-10 01:57:16.274 UTC postmaster[69699] pg_regress/numeric ERROR:  invalid input syntax for type numeric: "12__34" at character 40
2026-09-10 01:57:16.274 UTC postmaster[69699] pg_regress/numeric STATEMENT:  INSERT INTO num_input_test(n1) VALUES ('12__34');
2026-09-10 01:57:16.274 UTC postmaster[69699] pg_regress/numeric ERROR:  invalid input syntax for type numeric: "123_.456" at character 40
2026-09-10 01:57:16.274 UTC postmaster[69699] pg_regress/numeric STATEMENT:  INSERT INTO num_input_test(n1) VALUES ('123_.456');
2026-09-10 01:57:16.274 UTC postmaster[69699] pg_regress/numeric ERROR:  invalid input syntax for type numeric: "123._456" at character 40
2026-09-10 01:57:16.274 UTC postmaster[69699] pg_regress/numeric STATEMENT:  INSERT INTO num_input_test(n1) VALUES ('123._456');
2026-09-10 01:57:16.274 UTC postmaster[69699] pg_regress/numeric ERROR:  invalid input syntax for type numeric: "1.2e_34" at character 40
2026-09-10 01:57:16.274 UTC postmaster[69699] pg_regress/numeric STATEMENT:  INSERT INTO num_input_test(n1) VALUES ('1.2e_34');
2026-09-10 01:57:16.274 UTC postmaster[69699] pg_regress/numeric ERROR:  invalid input syntax for type numeric: "1.2e34_" at character 40
2026-09-10 01:57:16.274 UTC postmaster[69699] pg_regress/numeric STATEMENT:  INSERT INTO num_input_test(n1) VALUES ('1.2e34_');
2026-09-10 01:57:16.274 UTC postmaster[69699] pg_regress/numeric ERROR:  invalid input syntax for type numeric: "1.2e3__4" at character 40
2026-09-10 01:57:16.274 UTC postmaster[69699] pg_regress/numeric STATEMENT:  INSERT INTO num_input_test(n1) VALUES ('1.2e3__4');
2026-09-10 01:57:16.274 UTC postmaster[69699] pg_regress/numeric ERROR:  invalid input syntax for type numeric: "0b1112" at character 40
2026-09-10 01:57:16.274 UTC postmaster[69699] pg_regress/numeric STATEMENT:  INSERT INTO num_input_test(n1) VALUES ('0b1112');
2026-09-10 01:57:16.274 UTC postmaster[69699] pg_regress/numeric ERROR:  invalid input syntax for type numeric: "0c1112" at character 40
2026-09-10 01:57:16.274 UTC postmaster[69699] pg_regress/numeric STATEMENT:  INSERT INTO num_input_test(n1) VALUES ('0c1112');
2026-09-10 01:57:16.274 UTC postmaster[69699] pg_regress/numeric ERROR:  invalid input syntax for type numeric: "0o12345678" at character 40
2026-09-10 01:57:16.274 UTC postmaster[69699] pg_regress/numeric STATEMENT:  INSERT INTO num_input_test(n1) VALUES ('0o12345678');
2026-09-10 01:57:16.274 UTC postmaster[69699] pg_regress/numeric ERROR:  invalid input syntax for type numeric: "0x1eg" at character 40
2026-09-10 01:57:16.274 UTC postmaster[69699] pg_regress/numeric STATEMENT:  INSERT INTO num_input_test(n1) VALUES ('0x1eg');
2026-09-10 01:57:16.274 UTC postmaster[69699] pg_regress/numeric ERROR:  invalid input syntax for type numeric: "0x12.34" at character 40
2026-09-10 01:57:16.274 UTC postmaster[69699] pg_regress/numeric STATEMENT:  INSERT INTO num_input_test(n1) VALUES ('0x12.34');
2026-09-10 01:57:16.275 UTC postmaster[69699] pg_regress/numeric ERROR:  invalid input syntax for type numeric: "0x__1234" at character 40
2026-09-10 01:57:16.275 UTC postmaster[69699] pg_regress/numeric STATEMENT:  INSERT INTO num_input_test(n1) VALUES ('0x__1234');
2026-09-10 01:57:16.275 UTC postmaster[69699] pg_regress/numeric ERROR:  invalid input syntax for type numeric: "0x1234_" at character 40
2026-09-10 01:57:16.275 UTC postmaster[69699] pg_regress/numeric STATEMENT:  INSERT INTO num_input_test(n1) VALUES ('0x1234_');
2026-09-10 01:57:16.275 UTC postmaster[69699] pg_regress/numeric ERROR:  invalid input syntax for type numeric: "0x12__34" at character 40
2026-09-10 01:57:16.275 UTC postmaster[69699] pg_regress/numeric STATEMENT:  INSERT INTO num_input_test(n1) VALUES ('0x12__34');
2026-09-10 01:57:16.296 UTC postmaster[69699] pg_regress/numeric ERROR:  numeric field overflow
2026-09-10 01:57:16.296 UTC postmaster[69699] pg_regress/numeric DETAIL:  A field with precision 3, scale -6 cannot hold an infinite value.
2026-09-10 01:57:16.296 UTC postmaster[69699] pg_regress/numeric STATEMENT:  INSERT INTO num_typemod_test (millions) VALUES ('inf');
2026-09-10 01:57:16.297 UTC postmaster[69699] pg_regress/numeric ERROR:  numeric field overflow
2026-09-10 01:57:16.297 UTC postmaster[69699] pg_regress/numeric DETAIL:  A field with precision 3, scale -6 must round to an absolute value less than 10^9.
2026-09-10 01:57:16.297 UTC postmaster[69699] pg_regress/numeric STATEMENT:  INSERT INTO num_typemod_test (millions) VALUES (999500000);
2026-09-10 01:57:16.297 UTC postmaster[69699] pg_regress/numeric ERROR:  numeric field overflow
2026-09-10 01:57:16.297 UTC postmaster[69699] pg_regress/numeric DETAIL:  A field with precision 3, scale -3 must round to an absolute value less than 10^6.
2026-09-10 01:57:16.297 UTC postmaster[69699] pg_regress/numeric STATEMENT:  INSERT INTO num_typemod_test (thousands) VALUES (999500);
2026-09-10 01:57:16.297 UTC postmaster[69699] pg_regress/numeric ERROR:  numeric field overflow
2026-09-10 01:57:16.297 UTC postmaster[69699] pg_regress/numeric DETAIL:  A field with precision 3, scale 0 must round to an absolute value less than 10^3.
2026-09-10 01:57:16.297 UTC postmaster[69699] pg_regress/numeric STATEMENT:  INSERT INTO num_typemod_test (units) VALUES (999.5);
2026-09-10 01:57:16.297 UTC postmaster[69699] pg_regress/numeric ERROR:  numeric field overflow
2026-09-10 01:57:16.297 UTC postmaster[69699] pg_regress/numeric DETAIL:  A field with precision 3, scale 3 must round to an absolute value less than 1.
2026-09-10 01:57:16.297 UTC postmaster[69699] pg_regress/numeric STATEMENT:  INSERT INTO num_typemod_test (thousandths) VALUES (0.9995);
2026-09-10 01:57:16.297 UTC postmaster[69699] pg_regress/numeric ERROR:  numeric field overflow
2026-09-10 01:57:16.297 UTC postmaster[69699] pg_regress/numeric DETAIL:  A field with precision 3, scale 6 must round to an absolute value less than 10^-3.
2026-09-10 01:57:16.297 UTC postmaster[69699] pg_regress/numeric STATEMENT:  INSERT INTO num_typemod_test (millionths) VALUES (0.0009995);
2026-09-10 01:57:16.318 UTC postmaster[69699] pg_regress/numeric ERROR:  value overflows numeric format
2026-09-10 01:57:16.318 UTC postmaster[69699] pg_regress/numeric STATEMENT:  select 10.0 ^ 2147483647 as overflows;
2026-09-10 01:57:16.318 UTC postmaster[69699] pg_regress/numeric ERROR:  value overflows numeric format
2026-09-10 01:57:16.318 UTC postmaster[69699] pg_regress/numeric STATEMENT:  select 117743296169.0 ^ 1000000000 as overflows;
2026-09-10 01:57:16.324 UTC postmaster[69699] pg_regress/numeric ERROR:  zero raised to a negative power is undefined
2026-09-10 01:57:16.324 UTC postmaster[69699] pg_regress/numeric STATEMENT:  select 0.0 ^ (-12.34);
2026-09-10 01:57:16.324 UTC postmaster[69699] pg_regress/numeric ERROR:  a negative number raised to a non-integer power yields a complex result
2026-09-10 01:57:16.324 UTC postmaster[69699] pg_regress/numeric STATEMENT:  select (-12.34) ^ 1.2;
2026-09-10 01:57:16.329 UTC postmaster[69699] pg_regress/numeric ERROR:  step size cannot equal zero
2026-09-10 01:57:16.329 UTC postmaster[69699] pg_regress/numeric STATEMENT:  select * from generate_series(-100::numeric, 100::numeric, 0::numeric);
2026-09-10 01:57:16.329 UTC postmaster[69699] pg_regress/numeric ERROR:  step size cannot be NaN
2026-09-10 01:57:16.329 UTC postmaster[69699] pg_regress/numeric STATEMENT:  select * from generate_series(-100::numeric, 100::numeric, 'nan'::numeric);
2026-09-10 01:57:16.329 UTC postmaster[69699] pg_regress/numeric ERROR:  start value cannot be NaN
2026-09-10 01:57:16.329 UTC postmaster[69699] pg_regress/numeric STATEMENT:  select * from generate_series('nan'::numeric, 100::numeric, 10::numeric);
2026-09-10 01:57:16.329 UTC postmaster[69699] pg_regress/numeric ERROR:  stop value cannot be NaN
2026-09-10 01:57:16.329 UTC postmaster[69699] pg_regress/numeric STATEMENT:  select * from generate_series(0::numeric, 'nan'::numeric, 10::numeric);
2026-09-10 01:57:16.329 UTC postmaster[69699] pg_regress/numeric ERROR:  start value cannot be infinity
2026-09-10 01:57:16.329 UTC postmaster[69699] pg_regress/numeric STATEMENT:  select * from generate_series('inf'::numeric, 'inf'::numeric, 10::numeric);
2026-09-10 01:57:16.330 UTC postmaster[69699] pg_regress/numeric ERROR:  stop value cannot be infinity
2026-09-10 01:57:16.330 UTC postmaster[69699] pg_regress/numeric STATEMENT:  select * from generate_series(0::numeric, 'inf'::numeric, 10::numeric);
2026-09-10 01:57:16.330 UTC postmaster[69699] pg_regress/numeric ERROR:  step size cannot be infinity
2026-09-10 01:57:16.330 UTC postmaster[69699] pg_regress/numeric STATEMENT:  select * from generate_series(0::numeric, '42'::numeric, '-inf'::numeric);
2026-09-10 01:57:16.331 UTC postmaster[69699] pg_regress/numeric ERROR:  cannot take logarithm of a negative number
2026-09-10 01:57:16.331 UTC postmaster[69699] pg_regress/numeric STATEMENT:  select ln(-12.34);
2026-09-10 01:57:16.331 UTC postmaster[69699] pg_regress/numeric ERROR:  cannot take logarithm of zero
2026-09-10 01:57:16.331 UTC postmaster[69699] pg_regress/numeric STATEMENT:  select ln(0.0);
2026-09-10 01:57:16.333 UTC postmaster[69699] pg_regress/numeric ERROR:  cannot take logarithm of a negative number
2026-09-10 01:57:16.333 UTC postmaster[69699] pg_regress/numeric CONTEXT:  SQL function "log" statement 1
2026-09-10 01:57:16.333 UTC postmaster[69699] pg_regress/numeric STATEMENT:  select log(-12.34);
2026-09-10 01:57:16.333 UTC postmaster[69699] pg_regress/numeric ERROR:  cannot take logarithm of zero
2026-09-10 01:57:16.333 UTC postmaster[69699] pg_regress/numeric CONTEXT:  SQL function "log" statement 1
2026-09-10 01:57:16.333 UTC postmaster[69699] pg_regress/numeric STATEMENT:  select log(0.0);
2026-09-10 01:57:16.335 UTC postmaster[69699] pg_regress/numeric ERROR:  cannot take logarithm of a negative number
2026-09-10 01:57:16.335 UTC postmaster[69699] pg_regress/numeric STATEMENT:  select log(-12.34, 56.78);
2026-09-10 01:57:16.335 UTC postmaster[69699] pg_regress/numeric ERROR:  cannot take logarithm of a negative number
2026-09-10 01:57:16.335 UTC postmaster[69699] pg_regress/numeric STATEMENT:  select log(-12.34, -56.78);
2026-09-10 01:57:16.335 UTC postmaster[69699] pg_regress/numeric ERROR:  cannot take logarithm of a negative number
2026-09-10 01:57:16.335 UTC postmaster[69699] pg_regress/numeric STATEMENT:  select log(12.34, -56.78);
2026-09-10 01:57:16.335 UTC postmaster[69699] pg_regress/numeric ERROR:  cannot take logarithm of zero
2026-09-10 01:57:16.335 UTC postmaster[69699] pg_regress/numeric STATEMENT:  select log(0.0, 12.34);
2026-09-10 01:57:16.335 UTC postmaster[69699] pg_regress/numeric ERROR:  cannot take logarithm of zero
2026-09-10 01:57:16.335 UTC postmaster[69699] pg_regress/numeric STATEMENT:  select log(12.34, 0.0);
2026-09-10 01:57:16.335 UTC postmaster[69699] pg_regress/numeric ERROR:  division by zero
2026-09-10 01:57:16.335 UTC postmaster[69699] pg_regress/numeric STATEMENT:  select log(1.0, 12.34);
2026-09-10 01:57:16.396 UTC postmaster[69699] pg_regress/numeric LOG:  temporary file: path "base/pgsql_tmp/pgsql_tmp69699.22.0", size 1400000
2026-09-10 01:57:16.396 UTC postmaster[69699] pg_regress/numeric STATEMENT:  SELECT SUM(9999::numeric) FROM generate_series(1, 100000);
2026-09-10 01:57:16.449 UTC postmaster[69699] pg_regress/numeric LOG:  temporary file: path "base/pgsql_tmp/pgsql_tmp69699.22.1", size 1400000
2026-09-10 01:57:16.449 UTC postmaster[69699] pg_regress/numeric STATEMENT:  SELECT SUM((-9999)::numeric) FROM generate_series(1, 100000);
2026-09-10 01:57:16.476 UTC postmaster[69699] LOG:  xtc: background worker launched as xtc fiber (child_slot=239)
xtc: spawned backend fiber pid=(loop=27,local=1,gen=1) migratable=0
2026-09-10 01:57:16.476 UTC postmaster[69699] LOG:  xtc: background worker launched as xtc fiber (child_slot=240)
2026-09-10 01:57:16.476 UTC postmaster[69699] LOG:  xtc: background worker launched as xtc fiber (child_slot=241)
xtc: spawned backend fiber pid=(loop=28,local=1,gen=1) migratable=0
2026-09-10 01:57:16.476 UTC postmaster[69699] LOG:  xtc: background worker launched as xtc fiber (child_slot=242)
xtc: spawned backend fiber pid=(loop=29,local=1,gen=1) migratable=0
xtc: spawned backend fiber pid=(loop=30,local=1,gen=1) migratable=0
xtc: backend fiber exiting pid=(loop=27,local=1,gen=1) code=0
xtc: supervisor observed normal backend fiber DOWN pid=(loop=27,local=1,gen=1)
xtc: backend fiber exiting pid=(loop=28,local=1,gen=1) code=0
xtc: supervisor observed normal backend fiber DOWN pid=(loop=28,local=1,gen=1)
xtc: backend fiber exiting pid=(loop=29,local=1,gen=1) code=0
xtc: supervisor observed normal backend fiber DOWN pid=(loop=29,local=1,gen=1)
xtc: backend fiber exiting pid=(loop=30,local=1,gen=1) code=0
xtc: supervisor observed normal backend fiber DOWN pid=(loop=30,local=1,gen=1)
2026-09-10 01:57:16.513 UTC postmaster[69699] LOG:  xtc: background worker launched as xtc fiber (child_slot=242)
2026-09-10 01:57:16.513 UTC postmaster[69699] LOG:  xtc: background worker launched as xtc fiber (child_slot=241)
xtc: spawned backend fiber pid=(loop=31,local=1,gen=1) migratable=0
2026-09-10 01:57:16.513 UTC postmaster[69699] LOG:  xtc: background worker launched as xtc fiber (child_slot=240)
xtc: spawned backend fiber pid=(loop=32,local=1,gen=1) migratable=0
2026-09-10 01:57:16.514 UTC postmaster[69699] LOG:  xtc: background worker launched as xtc fiber (child_slot=239)
xtc: spawned backend fiber pid=(loop=1,local=3,gen=1) migratable=0
xtc: spawned backend fiber pid=(loop=2,local=2,gen=1) migratable=0
xtc: backend fiber exiting pid=(loop=31,local=1,gen=1) code=0
xtc: supervisor observed normal backend fiber DOWN pid=(loop=31,local=1,gen=1)
xtc: backend fiber exiting pid=(loop=32,local=1,gen=1) code=0
xtc: supervisor observed normal backend fiber DOWN pid=(loop=32,local=1,gen=1)
xtc: backend fiber exiting pid=(loop=1,local=3,gen=1) code=0
xtc: supervisor observed normal backend fiber DOWN pid=(loop=1,local=3,gen=1)
xtc: backend fiber exiting pid=(loop=2,local=2,gen=1) code=0
xtc: supervisor observed normal backend fiber DOWN pid=(loop=2,local=2,gen=1)
2026-09-10 01:57:16.538 UTC postmaster[69699] pg_regress/numeric ERROR:  value overflows numeric format
2026-09-10 01:57:16.538 UTC postmaster[69699] pg_regress/numeric STATEMENT:  SELECT lcm(9999 * (10::numeric)^131068 + (10::numeric^131068 - 1), 2);
2026-09-10 01:57:16.538 UTC postmaster[69699] pg_regress/numeric ERROR:  value overflows numeric format
2026-09-10 01:57:16.538 UTC postmaster[69699] pg_regress/numeric STATEMENT:  SELECT factorial(100000);
2026-09-10 01:57:16.539 UTC postmaster[69699] pg_regress/numeric ERROR:  factorial of a negative number is undefined
2026-09-10 01:57:16.539 UTC postmaster[69699] pg_regress/numeric STATEMENT:  SELECT factorial(-4);
2026-09-10 01:57:16.539 UTC postmaster[69699] pg_regress/numeric ERROR:  pg_lsn out of range
2026-09-10 01:57:16.539 UTC postmaster[69699] pg_regress/numeric STATEMENT:  SELECT pg_lsn(-1::numeric);
2026-09-10 01:57:16.539 UTC postmaster[69699] pg_regress/numeric ERROR:  pg_lsn out of range
2026-09-10 01:57:16.539 UTC postmaster[69699] pg_regress/numeric STATEMENT:  SELECT pg_lsn(18446744073709551616::numeric);
2026-09-10 01:57:16.539 UTC postmaster[69699] pg_regress/numeric ERROR:  cannot convert NaN to pg_lsn
2026-09-10 01:57:16.539 UTC postmaster[69699] pg_regress/numeric STATEMENT:  SELECT pg_lsn('NaN'::numeric);
xtc: backend fiber exiting pid=(loop=19,local=1,gen=1) code=0
xtc: supervisor observed normal backend fiber DOWN pid=(loop=19,local=1,gen=1)
2026-09-10 01:57:16.710 UTC postmaster[69699] pg_regress/rangetypes ERROR:  conflicting key value violates exclusion constraint "test_range_excl_room_during_excl"
2026-09-10 01:57:16.710 UTC postmaster[69699] pg_regress/rangetypes DETAIL:  Key (room, during)=([123,124), ["Sat Jan 02 10:10:00 2010","Sat Jan 02 11:00:00 2010")) conflicts with existing key (room, during)=([123,124), ["Sat Jan 02 10:00:00 2010","Sat Jan 02 11:00:00 2010")).
2026-09-10 01:57:16.710 UTC postmaster[69699] pg_regress/rangetypes STATEMENT:  insert into test_range_excl
	  values(int4range(123, 123, '[]'), int4range(3, 3, '[]'), '[2010-01-02 10:10, 2010-01-02 11:00)');
2026-09-10 01:57:16.711 UTC postmaster[69699] pg_regress/rangetypes ERROR:  conflicting key value violates exclusion constraint "test_range_excl_speaker_during_excl"
2026-09-10 01:57:16.711 UTC postmaster[69699] pg_regress/rangetypes DETAIL:  Key (speaker, during)=([1,2), ["Sat Jan 02 10:10:00 2010","Sat Jan 02 11:00:00 2010")) conflicts with existing key (speaker, during)=([1,2), ["Sat Jan 02 10:00:00 2010","Sat Jan 02 11:00:00 2010")).
2026-09-10 01:57:16.711 UTC postmaster[69699] pg_regress/rangetypes STATEMENT:  insert into test_range_excl
	  values(int4range(125, 125, '[]'), int4range(1, 1, '[]'), '[2010-01-02 10:10, 2010-01-02 11:00)');
2026-09-10 01:57:16.712 UTC postmaster[69699] pg_regress/rangetypes ERROR:  range lower bound must be less than or equal to range upper bound at character 8
2026-09-10 01:57:16.712 UTC postmaster[69699] pg_regress/rangetypes STATEMENT:  select '[2010-01-01 01:00:00 -08, 2010-01-01 02:00:00 -05)'::tstzrange;
2026-09-10 01:57:16.714 UTC postmaster[69699] pg_regress/rangetypes ERROR:  permission denied for type mytype
2026-09-10 01:57:16.714 UTC postmaster[69699] pg_regress/rangetypes STATEMENT:  CREATE TYPE myrange AS RANGE (subtype = mytype);
2026-09-10 01:57:16.721 UTC postmaster[69699] pg_regress/rangetypes ERROR:  function float4mi(double precision, double precision) does not exist
2026-09-10 01:57:16.721 UTC postmaster[69699] pg_regress/rangetypes STATEMENT:  create type bogus_float8range as range (subtype=float8, subtype_diff=float4mi);
2026-09-10 01:57:16.729 UTC postmaster[69699] pg_regress/rangetypes ERROR:  cannot drop type mydomain because other objects depend on it
2026-09-10 01:57:16.729 UTC postmaster[69699] pg_regress/rangetypes DETAIL:  type mydomainrange depends on type mydomain
2026-09-10 01:57:16.729 UTC postmaster[69699] pg_regress/rangetypes HINT:  Use DROP ... CASCADE to drop the dependent objects too.
2026-09-10 01:57:16.729 UTC postmaster[69699] pg_regress/rangetypes STATEMENT:  drop domain mydomain;
2026-09-10 01:57:16.732 UTC postmaster[69699] pg_regress/rangetypes ERROR:  value for domain restrictedrange violates check constraint "restrictedrange_check"
2026-09-10 01:57:16.732 UTC postmaster[69699] pg_regress/rangetypes STATEMENT:  select '[4,50)'::restrictedrange @> 7;
2026-09-10 01:57:16.736 UTC postmaster[69699] pg_regress/rangetypes ERROR:  range lower bound must be less than or equal to range upper bound
2026-09-10 01:57:16.736 UTC postmaster[69699] pg_regress/rangetypes STATEMENT:  select textrange1('a','Z') @> 'b'::text;
2026-09-10 01:57:16.741 UTC postmaster[69699] pg_regress/rangetypes ERROR:  function anyarray_anyrange_func(integer[], numrange) does not exist at character 8
2026-09-10 01:57:16.741 UTC postmaster[69699] pg_regress/rangetypes DETAIL:  No function of that name accepts the given argument types.
2026-09-10 01:57:16.741 UTC postmaster[69699] pg_regress/rangetypes HINT:  You might need to add explicit type casts.
2026-09-10 01:57:16.741 UTC postmaster[69699] pg_regress/rangetypes STATEMENT:  select anyarray_anyrange_func(ARRAY[1,2], numrange(10,20));
2026-09-10 01:57:16.741 UTC postmaster[69699] pg_regress/rangetypes ERROR:  cannot determine result data type
2026-09-10 01:57:16.741 UTC postmaster[69699] pg_regress/rangetypes DETAIL:  A result of type anyrange requires at least one input of type anyrange or anymultirange.
2026-09-10 01:57:16.741 UTC postmaster[69699] pg_regress/rangetypes STATEMENT:  create function bogus_func(anyelement)
	  returns anyrange as 'select int4range(1,10)' language sql;
2026-09-10 01:57:16.741 UTC postmaster[69699] pg_regress/rangetypes ERROR:  cannot determine result data type
2026-09-10 01:57:16.741 UTC postmaster[69699] pg_regress/rangetypes DETAIL:  A result of type anyrange requires at least one input of type anyrange or anymultirange.
2026-09-10 01:57:16.741 UTC postmaster[69699] pg_regress/rangetypes STATEMENT:  create function bogus_func(int)
	  returns anyrange as 'select int4range(1,10)' language sql;
2026-09-10 01:57:16.743 UTC postmaster[69699] pg_regress/rangetypes ERROR:  function rangetypes_sql(numrange, integer[]) does not exist at character 8
2026-09-10 01:57:16.743 UTC postmaster[69699] pg_regress/rangetypes DETAIL:  No function of that name accepts the given argument types.
2026-09-10 01:57:16.743 UTC postmaster[69699] pg_regress/rangetypes HINT:  You might need to add explicit type casts.
2026-09-10 01:57:16.743 UTC postmaster[69699] pg_regress/rangetypes STATEMENT:  select rangetypes_sql(numrange(1,10), ARRAY[2,20]);
2026-09-10 01:57:16.744 UTC postmaster[69699] pg_regress/rangetypes ERROR:  function anycompatiblearray_anycompatiblerange_func(numeric[], int4range) does not exist at character 8
2026-09-10 01:57:16.744 UTC postmaster[69699] pg_regress/rangetypes DETAIL:  No function of that name accepts the given argument types.
2026-09-10 01:57:16.744 UTC postmaster[69699] pg_regress/rangetypes HINT:  You might need to add explicit type casts.
2026-09-10 01:57:16.744 UTC postmaster[69699] pg_regress/rangetypes STATEMENT:  select anycompatiblearray_anycompatiblerange_func(ARRAY[1.1,2], int4range(10,20));
2026-09-10 01:57:16.745 UTC postmaster[69699] pg_regress/rangetypes ERROR:  cannot determine result data type
2026-09-10 01:57:16.745 UTC postmaster[69699] pg_regress/rangetypes DETAIL:  A result of type anycompatiblerange requires at least one input of type anycompatiblerange or anycompatiblemultirange.
2026-09-10 01:57:16.745 UTC postmaster[69699] pg_regress/rangetypes STATEMENT:  create function bogus_func(anycompatible)
	  returns anycompatiblerange as 'select int4range(1,10)' language sql;
2026-09-10 01:57:16.752 UTC postmaster[69699] pg_regress/rangetypes ERROR:  range lower bound must be less than or equal to range upper bound
2026-09-10 01:57:16.752 UTC postmaster[69699] pg_regress/rangetypes STATEMENT:  select arrayrange(ARRAY[2,1], ARRAY[1,2]);
2026-09-10 01:57:16.757 UTC postmaster[69699] pg_regress/rangetypes ERROR:  composite type two_ints cannot be made a member of itself
2026-09-10 01:57:16.757 UTC postmaster[69699] pg_regress/rangetypes STATEMENT:  alter type two_ints add attribute c two_ints_range;
2026-09-10 01:57:16.767 UTC postmaster[69699] pg_regress/rangetypes ERROR:  cannot determine result data type
2026-09-10 01:57:16.767 UTC postmaster[69699] pg_regress/rangetypes DETAIL:  A result of type anyrange requires at least one input of type anyrange or anymultirange.
2026-09-10 01:57:16.767 UTC postmaster[69699] pg_regress/rangetypes STATEMENT:  create function outparam_fail(i anyelement, out r anyrange, out t text)
	  as $$ select '[1,10]', 'foo' $$ language sql;
2026-09-10 01:57:16.767 UTC postmaster[69699] pg_regress/rangetypes ERROR:  cannot determine result data type
2026-09-10 01:57:16.767 UTC postmaster[69699] pg_regress/rangetypes DETAIL:  A result of type anyrange requires at least one input of type anyrange or anymultirange.
2026-09-10 01:57:16.767 UTC postmaster[69699] pg_regress/rangetypes STATEMENT:  create function inoutparam_fail(inout i anyelement, out r anyrange)
	  as $$ select $1, '[1,10]' $$ language sql;
2026-09-10 01:57:16.767 UTC postmaster[69699] pg_regress/rangetypes ERROR:  cannot determine result data type
2026-09-10 01:57:16.767 UTC postmaster[69699] pg_regress/rangetypes DETAIL:  A result of type anyrange requires at least one input of type anyrange or anymultirange.
2026-09-10 01:57:16.767 UTC postmaster[69699] pg_regress/rangetypes STATEMENT:  create function table_fail(i anyelement) returns table(i anyelement, r anyrange)
	  as $$ select $1, '[1,10]' $$ language sql;
xtc: backend fiber exiting pid=(loop=24,local=1,gen=1) code=0
xtc: supervisor observed normal backend fiber DOWN pid=(loop=24,local=1,gen=1)
2026-09-10 01:57:16.819 UTC postmaster[69699] LOG:  xtc: client backend launched as xtc fiber (child_slot=18)
xtc: spawned backend fiber pid=(loop=3,local=2,gen=1) migratable=1
2026-09-10 01:57:16.819 UTC postmaster[69699] LOG:  xtc: client backend launched as xtc fiber (child_slot=13)
xtc: spawned backend fiber pid=(loop=4,local=1,gen=2) migratable=1
2026-09-10 01:57:16.819 UTC postmaster[69699] LOG:  xtc: client backend launched as xtc fiber (child_slot=16)
xtc: spawned backend fiber pid=(loop=5,local=1,gen=2) migratable=1
2026-09-10 01:57:16.819 UTC postmaster[69699] LOG:  xtc: client backend launched as xtc fiber (child_slot=14)
xtc: spawned backend fiber pid=(loop=6,local=1,gen=2) migratable=1
2026-09-10 01:57:16.819 UTC postmaster[69699] LOG:  xtc: client backend launched as xtc fiber (child_slot=10)
xtc: spawned backend fiber pid=(loop=7,local=1,gen=2) migratable=1
2026-09-10 01:57:16.819 UTC postmaster[69699] LOG:  xtc: client backend launched as xtc fiber (child_slot=11)
xtc: spawned backend fiber pid=(loop=8,local=1,gen=2) migratable=1
2026-09-10 01:57:16.819 UTC postmaster[69699] LOG:  xtc: client backend launched as xtc fiber (child_slot=12)
xtc: spawned backend fiber pid=(loop=9,local=1,gen=2) migratable=1
2026-09-10 01:57:16.820 UTC postmaster[69699] LOG:  xtc: client backend launched as xtc fiber (child_slot=20)
xtc: spawned backend fiber pid=(loop=10,local=1,gen=2) migratable=1
2026-09-10 01:57:16.820 UTC postmaster[69699] LOG:  xtc: client backend launched as xtc fiber (child_slot=9)
xtc: spawned backend fiber pid=(loop=11,local=1,gen=2) migratable=1
2026-09-10 01:57:16.820 UTC postmaster[69699] LOG:  xtc: client backend launched as xtc fiber (child_slot=4)
xtc: spawned backend fiber pid=(loop=12,local=1,gen=2) migratable=1
2026-09-10 01:57:16.820 UTC postmaster[69699] LOG:  xtc: client backend launched as xtc fiber (child_slot=1)
xtc: spawned backend fiber pid=(loop=13,local=1,gen=2) migratable=1
2026-09-10 01:57:16.821 UTC postmaster[69699] LOG:  xtc: client backend launched as xtc fiber (child_slot=3)
xtc: spawned backend fiber pid=(loop=14,local=1,gen=2) migratable=1
2026-09-10 01:57:16.821 UTC postmaster[69699] LOG:  xtc: client backend launched as xtc fiber (child_slot=7)
xtc: spawned backend fiber pid=(loop=15,local=1,gen=2) migratable=1
2026-09-10 01:57:16.821 UTC postmaster[69699] LOG:  xtc: client backend launched as xtc fiber (child_slot=17)
xtc: spawned backend fiber pid=(loop=16,local=1,gen=2) migratable=1
2026-09-10 01:57:16.821 UTC postmaster[69699] LOG:  xtc: client backend launched as xtc fiber (child_slot=15)
xtc: spawned backend fiber pid=(loop=17,local=1,gen=2) migratable=1
2026-09-10 01:57:16.821 UTC postmaster[69699] LOG:  xtc: client backend launched as xtc fiber (child_slot=5)
xtc: spawned backend fiber pid=(loop=18,local=1,gen=2) migratable=1
2026-09-10 01:57:16.821 UTC postmaster[69699] LOG:  xtc: client backend launched as xtc fiber (child_slot=19)
xtc: spawned backend fiber pid=(loop=19,local=1,gen=2) migratable=1
2026-09-10 01:57:16.821 UTC postmaster[69699] LOG:  xtc: client backend launched as xtc fiber (child_slot=6)
xtc: spawned backend fiber pid=(loop=20,local=1,gen=2) migratable=1
2026-09-10 01:57:16.821 UTC postmaster[69699] LOG:  xtc: client backend launched as xtc fiber (child_slot=8)
xtc: spawned backend fiber pid=(loop=21,local=1,gen=2) migratable=1
2026-09-10 01:57:16.822 UTC postmaster[69699] LOG:  xtc: client backend launched as xtc fiber (child_slot=2)
xtc: spawned backend fiber pid=(loop=22,local=1,gen=2) migratable=1
2026-09-10 01:57:16.884 UTC postmaster[69699] pg_regress/strings ERROR:  syntax error at or near "' - third line'" at character 75
2026-09-10 01:57:16.884 UTC postmaster[69699] pg_regress/strings STATEMENT:  SELECT 'first line'
	' - next line' /* this comment is not allowed here */
	' - third line'
		AS "Illegal comment within continuation";
2026-09-10 01:57:16.885 UTC postmaster[69699] pg_regress/strings ERROR:  invalid Unicode escape at character 18
2026-09-10 01:57:16.885 UTC postmaster[69699] pg_regress/strings HINT:  Unicode escapes must be \XXXX or \+XXXXXX.
2026-09-10 01:57:16.885 UTC postmaster[69699] pg_regress/strings STATEMENT:  SELECT U&'wrong: \061';
2026-09-10 01:57:16.885 UTC postmaster[69699] pg_regress/point ERROR:  invalid input syntax for type point: "asdfasdf" at character 35
2026-09-10 01:57:16.885 UTC postmaster[69699] pg_regress/point STATEMENT:  INSERT INTO POINT_TBL(f1) VALUES ('asdfasdf');
2026-09-10 01:57:16.886 UTC postmaster[69699] pg_regress/point ERROR:  invalid input syntax for type point: "(10.0 10.0)" at character 35
2026-09-10 01:57:16.886 UTC postmaster[69699] pg_regress/point STATEMENT:  INSERT INTO POINT_TBL(f1) VALUES ('(10.0 10.0)');
2026-09-10 01:57:16.886 UTC postmaster[69699] pg_regress/strings ERROR:  invalid Unicode escape at character 18
2026-09-10 01:57:16.886 UTC postmaster[69699] pg_regress/strings HINT:  Unicode escapes must be \XXXX or \+XXXXXX.
2026-09-10 01:57:16.886 UTC postmaster[69699] pg_regress/strings STATEMENT:  SELECT U&'wrong: \+0061';
2026-09-10 01:57:16.886 UTC postmaster[69699] pg_regress/point ERROR:  invalid input syntax for type point: "(10.0, 10.0) x" at character 35
2026-09-10 01:57:16.886 UTC postmaster[69699] pg_regress/point STATEMENT:  INSERT INTO POINT_TBL(f1) VALUES ('(10.0, 10.0) x');
2026-09-10 01:57:16.886 UTC postmaster[69699] pg_regress/strings ERROR:  UESCAPE must be followed by a simple string literal at or near "+" at character 33
2026-09-10 01:57:16.886 UTC postmaster[69699] pg_regress/strings STATEMENT:  SELECT U&'wrong: +0061' UESCAPE +;
2026-09-10 01:57:16.886 UTC postmaster[69699] pg_regress/point ERROR:  invalid input syntax for type point: "(10.0,10.0" at character 35
2026-09-10 01:57:16.886 UTC postmaster[69699] pg_regress/point STATEMENT:  INSERT INTO POINT_TBL(f1) VALUES ('(10.0,10.0');
2026-09-10 01:57:16.886 UTC postmaster[69699] pg_regress/strings ERROR:  invalid Unicode escape character at or near "'+'" at character 33
2026-09-10 01:57:16.886 UTC postmaster[69699] pg_regress/strings STATEMENT:  SELECT U&'wrong: +0061' UESCAPE '+';
2026-09-10 01:57:16.886 UTC postmaster[69699] pg_regress/point ERROR:  "1e+500" is out of range for type double precision at character 35
2026-09-10 01:57:16.886 UTC postmaster[69699] pg_regress/point STATEMENT:  INSERT INTO POINT_TBL(f1) VALUES ('(10.0, 1e+500)');
2026-09-10 01:57:16.886 UTC postmaster[69699] pg_regress/strings ERROR:  invalid Unicode surrogate pair at character 23
2026-09-10 01:57:16.886 UTC postmaster[69699] pg_regress/strings STATEMENT:  SELECT U&'wrong: \db99';
2026-09-10 01:57:16.886 UTC postmaster[69699] pg_regress/strings ERROR:  invalid Unicode surrogate pair at character 23
2026-09-10 01:57:16.886 UTC postmaster[69699] pg_regress/strings STATEMENT:  SELECT U&'wrong: \db99xy';
2026-09-10 01:57:16.886 UTC postmaster[69699] pg_regress/strings ERROR:  invalid Unicode surrogate pair at character 23
2026-09-10 01:57:16.886 UTC postmaster[69699] pg_regress/strings STATEMENT:  SELECT U&'wrong: \db99\\';
2026-09-10 01:57:16.888 UTC postmaster[69699] pg_regress/inet ERROR:  table "inet_tbl" does not exist
2026-09-10 01:57:16.888 UTC postmaster[69699] pg_regress/inet STATEMENT:  DROP TABLE INET_TBL;
2026-09-10 01:57:16.888 UTC postmaster[69699] pg_regress/strings ERROR:  invalid Unicode surrogate pair at character 23
2026-09-10 01:57:16.888 UTC postmaster[69699] pg_regress/strings STATEMENT:  SELECT U&'wrong: \db99\0061';
2026-09-10 01:57:16.888 UTC postmaster[69699] pg_regress/strings ERROR:  invalid Unicode surrogate pair at character 26
2026-09-10 01:57:16.888 UTC postmaster[69699] pg_regress/strings STATEMENT:  SELECT U&'wrong: \+00db99\+000061';
2026-09-10 01:57:16.889 UTC postmaster[69699] pg_regress/strings ERROR:  invalid Unicode escape value at character 18
2026-09-10 01:57:16.889 UTC postmaster[69699] pg_regress/strings STATEMENT:  SELECT U&'wrong: \+2FFFFF';
2026-09-10 01:57:16.889 UTC postmaster[69699] pg_regress/multirangetypes ERROR:  malformed multirange literal: "" at character 8
2026-09-10 01:57:16.889 UTC postmaster[69699] pg_regress/multirangetypes DETAIL:  Missing left brace.
2026-09-10 01:57:16.889 UTC postmaster[69699] pg_regress/multirangetypes STATEMENT:  select ''::textmultirange;
2026-09-10 01:57:16.889 UTC postmaster[69699] pg_regress/macaddr8 ERROR:  invalid input syntax for type macaddr8: "123    08:00:2b:01:02:03" at character 8
2026-09-10 01:57:16.889 UTC postmaster[69699] pg_regress/macaddr8 STATEMENT:  SELECT '123    08:00:2b:01:02:03'::macaddr8;
2026-09-10 01:57:16.889 UTC postmaster[69699] pg_regress/macaddr8 ERROR:  invalid input syntax for type macaddr8: "08:00:2b:01:02:03  123" at character 8
2026-09-10 01:57:16.889 UTC postmaster[69699] pg_regress/macaddr8 STATEMENT:  SELECT '08:00:2b:01:02:03  123'::macaddr8;
2026-09-10 01:57:16.889 UTC postmaster[69699] pg_regress/multirangetypes ERROR:  malformed multirange literal: "{,}" at character 8
2026-09-10 01:57:16.889 UTC postmaster[69699] pg_regress/multirangetypes DETAIL:  Expected range start.
2026-09-10 01:57:16.889 UTC postmaster[69699] pg_regress/multirangetypes STATEMENT:  select '{,}'::textmultirange;
2026-09-10 01:57:16.889 UTC postmaster[69699] pg_regress/macaddr8 ERROR:  invalid input syntax for type macaddr8: "123    08:00:2b:01:02:03:04:05" at character 8
2026-09-10 01:57:16.889 UTC postmaster[69699] pg_regress/macaddr8 STATEMENT:  SELECT '123    08:00:2b:01:02:03:04:05'::macaddr8;
2026-09-10 01:57:16.889 UTC postmaster[69699] pg_regress/multirangetypes ERROR:  malformed multirange literal: "{(,)}." at character 8
2026-09-10 01:57:16.889 UTC postmaster[69699] pg_regress/multirangetypes DETAIL:  Junk after closing right brace.
2026-09-10 01:57:16.889 UTC postmaster[69699] pg_regress/multirangetypes STATEMENT:  select '{(,)}.'::textmultirange;
2026-09-10 01:57:16.889 UTC postmaster[69699] pg_regress/macaddr8 ERROR:  invalid input syntax for type macaddr8: "08:00:2b:01:02:03:04:05  123" at character 8
2026-09-10 01:57:16.889 UTC postmaster[69699] pg_regress/macaddr8 STATEMENT:  SELECT '08:00:2b:01:02:03:04:05  123'::macaddr8;
2026-09-10 01:57:16.889 UTC postmaster[69699] pg_regress/macaddr8 ERROR:  invalid input syntax for type macaddr8: "08:00:2b:01:02:03:04:05:06:07" at character 8
2026-09-10 01:57:16.889 UTC postmaster[69699] pg_regress/macaddr8 STATEMENT:  SELECT '08:00:2b:01:02:03:04:05:06:07'::macaddr8;
2026-09-10 01:57:16.889 UTC postmaster[69699] pg_regress/multirangetypes ERROR:  malformed multirange literal: "{[a,c),}" at character 8
2026-09-10 01:57:16.889 UTC postmaster[69699] pg_regress/multirangetypes DETAIL:  Expected range start.
2026-09-10 01:57:16.889 UTC postmaster[69699] pg_regress/multirangetypes STATEMENT:  select '{[a,c),}'::textmultirange;
2026-09-10 01:57:16.889 UTC postmaster[69699] pg_regress/strings ERROR:  invalid Unicode escape at character 17
2026-09-10 01:57:16.889 UTC postmaster[69699] pg_regress/strings HINT:  Unicode escapes must be \uXXXX or \UXXXXXXXX.
2026-09-10 01:57:16.889 UTC postmaster[69699] pg_regress/strings STATEMENT:  SELECT E'wrong: \u061';
2026-09-10 01:57:16.889 UTC postmaster[69699] pg_regress/macaddr8 ERROR:  invalid input syntax for type macaddr8: "08-00-2b-01-02-03-04-05-06-07" at character 8
2026-09-10 01:57:16.889 UTC postmaster[69699] pg_regress/macaddr8 STATEMENT:  SELECT '08-00-2b-01-02-03-04-05-06-07'::macaddr8;
2026-09-10 01:57:16.890 UTC postmaster[69699] pg_regress/multirangetypes ERROR:  malformed multirange literal: "{,[a,c)}" at character 8
2026-09-10 01:57:16.890 UTC postmaster[69699] pg_regress/multirangetypes DETAIL:  Expected range start.
2026-09-10 01:57:16.890 UTC postmaster[69699] pg_regress/multirangetypes STATEMENT:  select '{,[a,c)}'::textmultirange;
2026-09-10 01:57:16.890 UTC postmaster[69699] pg_regress/macaddr8 ERROR:  invalid input syntax for type macaddr8: "08002b:01020304050607" at character 8
2026-09-10 01:57:16.890 UTC postmaster[69699] pg_regress/macaddr8 STATEMENT:  SELECT '08002b:01020304050607'::macaddr8;
2026-09-10 01:57:16.890 UTC postmaster[69699] pg_regress/strings ERROR:  invalid Unicode escape at character 17
2026-09-10 01:57:16.890 UTC postmaster[69699] pg_regress/strings HINT:  Unicode escapes must be \uXXXX or \UXXXXXXXX.
2026-09-10 01:57:16.890 UTC postmaster[69699] pg_regress/strings STATEMENT:  SELECT E'wrong: \U0061';
2026-09-10 01:57:16.890 UTC postmaster[69699] pg_regress/multirangetypes ERROR:  malformed multirange literal: "{-[a,z)}" at character 8
2026-09-10 01:57:16.890 UTC postmaster[69699] pg_regress/multirangetypes DETAIL:  Expected range start.
2026-09-10 01:57:16.890 UTC postmaster[69699] pg_regress/multirangetypes STATEMENT:  select '{-[a,z)}'::textmultirange;
2026-09-10 01:57:16.890 UTC postmaster[69699] pg_regress/date LOG:  process 69699 still waiting for ExclusiveLock on extension of relation 1249 of database 16384 after 0.009 ms
2026-09-10 01:57:16.890 UTC postmaster[69699] pg_regress/date DETAIL:  Process holding the lock: 69699. Wait queue: 69699, 69699.
2026-09-10 01:57:16.890 UTC postmaster[69699] pg_regress/date CONTEXT:  waiting for ExclusiveLock on extension of relation 1249 of database 16384
2026-09-10 01:57:16.890 UTC postmaster[69699] pg_regress/date STATEMENT:  CREATE TABLE DATE_TBL (f1 date);
2026-09-10 01:57:16.890 UTC postmaster[69699] pg_regress/macaddr8 ERROR:  invalid input syntax for type macaddr8: "08002b01020304050607" at character 8
2026-09-10 01:57:16.890 UTC postmaster[69699] pg_regress/macaddr8 STATEMENT:  SELECT '08002b01020304050607'::macaddr8;
2026-09-10 01:57:16.890 UTC postmaster[69699] pg_regress/timestamptz LOG:  process 69699 acquired ExclusiveLock on extension of relation 1249 of database 16384 after 0.189 ms
2026-09-10 01:57:16.890 UTC postmaster[69699] pg_regress/timestamptz CONTEXT:  waiting for ExclusiveLock on extension of relation 1249 of database 16384
2026-09-10 01:57:16.890 UTC postmaster[69699] pg_regress/timestamptz STATEMENT:  CREATE TABLE TIMESTAMPTZ_TBL (d1 timestamp(2) with time zone);
2026-09-10 01:57:16.890 UTC postmaster[69699] pg_regress/strings ERROR:  invalid Unicode surrogate pair at or near "'" at character 23
2026-09-10 01:57:16.890 UTC postmaster[69699] pg_regress/strings STATEMENT:  SELECT E'wrong: \udb99';
2026-09-10 01:57:16.890 UTC postmaster[69699] pg_regress/multirangetypes ERROR:  malformed multirange literal: "{[a,z) - }" at character 8
2026-09-10 01:57:16.890 UTC postmaster[69699] pg_regress/multirangetypes DETAIL:  Expected comma or end of multirange.
2026-09-10 01:57:16.890 UTC postmaster[69699] pg_regress/multirangetypes STATEMENT:  select '{[a,z) - }'::textmultirange;
2026-09-10 01:57:16.890 UTC postmaster[69699] pg_regress/macaddr8 ERROR:  invalid input syntax for type macaddr8: "0z002b0102030405" at character 8
2026-09-10 01:57:16.890 UTC postmaster[69699] pg_regress/macaddr8 STATEMENT:  SELECT '0z002b0102030405'::macaddr8;
2026-09-10 01:57:16.890 UTC postmaster[69699] pg_regress/numerology ERROR:  trailing junk after numeric literal at or near "123abc" at character 8
2026-09-10 01:57:16.890 UTC postmaster[69699] pg_regress/numerology STATEMENT:  SELECT 123abc;
2026-09-10 01:57:16.890 UTC postmaster[69699] pg_regress/date LOG:  process 69699 acquired ExclusiveLock on extension of relation 1249 of database 16384 after 0.331 ms
2026-09-10 01:57:16.890 UTC postmaster[69699] pg_regress/date CONTEXT:  waiting for ExclusiveLock on extension of relation 1249 of database 16384
2026-09-10 01:57:16.890 UTC postmaster[69699] pg_regress/date STATEMENT:  CREATE TABLE DATE_TBL (f1 date);
2026-09-10 01:57:16.890 UTC postmaster[69699] pg_regress/macaddr8 ERROR:  invalid input syntax for type macaddr8: "08002b010203xyza" at character 8
2026-09-10 01:57:16.890 UTC postmaster[69699] pg_regress/macaddr8 STATEMENT:  SELECT '08002b010203xyza'::macaddr8;
2026-09-10 01:57:16.890 UTC postmaster[69699] pg_regress/multirangetypes ERROR:  malformed multirange literal: "{(",a)}" at character 8
2026-09-10 01:57:16.890 UTC postmaster[69699] pg_regress/multirangetypes DETAIL:  Unexpected end of input.
2026-09-10 01:57:16.890 UTC postmaster[69699] pg_regress/multirangetypes STATEMENT:  select '{(",a)}'::textmultirange;
2026-09-10 01:57:16.890 UTC postmaster[69699] pg_regress/strings ERROR:  invalid Unicode surrogate pair at or near "x" at character 23
2026-09-10 01:57:16.890 UTC postmaster[69699] pg_regress/strings STATEMENT:  SELECT E'wrong: \udb99xy';
2026-09-10 01:57:16.890 UTC postmaster[69699] pg_regress/path LOG:  process 69699 still waiting for ExclusiveLock on extension of relation 1249 of database 16384 after 0.008 ms
2026-09-10 01:57:16.890 UTC postmaster[69699] pg_regress/path DETAIL:  Process holding the lock: 69699. Wait queue: 69699.
2026-09-10 01:57:16.890 UTC postmaster[69699] pg_regress/path CONTEXT:  waiting for ExclusiveLock on extension of relation 1249 of database 16384
2026-09-10 01:57:16.890 UTC postmaster[69699] pg_regress/path STATEMENT:  CREATE TABLE PATH_TBL (f1 path);
2026-09-10 01:57:16.890 UTC postmaster[69699] pg_regress/polygon LOG:  process 69699 acquired ExclusiveLock on extension of relation 1249 of database 16384 after 0.391 ms
2026-09-10 01:57:16.890 UTC postmaster[69699] pg_regress/polygon CONTEXT:  waiting for ExclusiveLock on extension of relation 1249 of database 16384
2026-09-10 01:57:16.890 UTC postmaster[69699] pg_regress/polygon STATEMENT:  CREATE TABLE POLYGON_TBL(f1 polygon);
2026-09-10 01:57:16.890 UTC postmaster[69699] pg_regress/numerology ERROR:  trailing junk after numeric literal at or near "0x0o" at character 8
2026-09-10 01:57:16.890 UTC postmaster[69699] pg_regress/numerology STATEMENT:  SELECT 0x0o;
2026-09-10 01:57:16.890 UTC postmaster[69699] pg_regress/macaddr8 ERROR:  invalid input syntax for type macaddr8: "08:00-2b:01:02:03:04:05" at character 8
2026-09-10 01:57:16.890 UTC postmaster[69699] pg_regress/macaddr8 STATEMENT:  SELECT '08:00-2b:01:02:03:04:05'::macaddr8;
2026-09-10 01:57:16.890 UTC postmaster[69699] pg_regress/multirangetypes ERROR:  malformed range literal: "(,,a)" at character 8
2026-09-10 01:57:16.890 UTC postmaster[69699] pg_regress/multirangetypes DETAIL:  Too many commas.
2026-09-10 01:57:16.890 UTC postmaster[69699] pg_regress/multirangetypes STATEMENT:  select '{(,,a)}'::textmultirange;
xtc: backend fiber exiting pid=(loop=4,local=1,gen=2) code=0
xtc: supervisor observed normal backend fiber DOWN pid=(loop=4,local=1,gen=2)
2026-09-10 01:57:16.890 UTC postmaster[69699] pg_regress/strings ERROR:  invalid Unicode surrogate pair at or near "\" at character 23
2026-09-10 01:57:16.890 UTC postmaster[69699] pg_regress/strings STATEMENT:  SELECT E'wrong: \udb99\\';
2026-09-10 01:57:16.890 UTC postmaster[69699] pg_regress/macaddr8 ERROR:  invalid input syntax for type macaddr8: "08:00-2b:01:02:03:04:05" at character 8
2026-09-10 01:57:16.890 UTC postmaster[69699] pg_regress/macaddr8 STATEMENT:  SELECT '08:00-2b:01:02:03:04:05'::macaddr8;
2026-09-10 01:57:16.890 UTC postmaster[69699] pg_regress/numerology ERROR:  trailing junk after numeric literal at or near "0.a" at character 8
2026-09-10 01:57:16.890 UTC postmaster[69699] pg_regress/numerology STATEMENT:  SELECT 0.a;
2026-09-10 01:57:16.891 UTC postmaster[69699] pg_regress/multirangetypes ERROR:  malformed range literal: "()" at character 8
2026-09-10 01:57:16.891 UTC postmaster[69699] pg_regress/multirangetypes DETAIL:  Missing comma after lower bound.
2026-09-10 01:57:16.891 UTC postmaster[69699] pg_regress/multirangetypes STATEMENT:  select '{(),a)}'::textmultirange;
2026-09-10 01:57:16.891 UTC postmaster[69699] pg_regress/strings ERROR:  invalid Unicode surrogate pair at or near "\u0061" at character 23
2026-09-10 01:57:16.891 UTC postmaster[69699] pg_regress/strings STATEMENT:  SELECT E'wrong: \udb99\u0061';
2026-09-10 01:57:16.891 UTC postmaster[69699] pg_regress/macaddr8 ERROR:  invalid input syntax for type macaddr8: "08:00:2b:01.02:03:04:05" at character 8
2026-09-10 01:57:16.891 UTC postmaster[69699] pg_regress/macaddr8 STATEMENT:  SELECT '08:00:2b:01.02:03:04:05'::macaddr8;
2026-09-10 01:57:16.891 UTC postmaster[69699] pg_regress/numerology ERROR:  trailing junk after numeric literal at or near "0.0a" at character 8
2026-09-10 01:57:16.891 UTC postmaster[69699] pg_regress/numerology STATEMENT:  SELECT 0.0a;
2026-09-10 01:57:16.891 UTC postmaster[69699] pg_regress/path LOG:  process 69699 acquired ExclusiveLock on extension of relation 1249 of database 16384 after 0.545 ms
2026-09-10 01:57:16.891 UTC postmaster[69699] pg_regress/path CONTEXT:  waiting for ExclusiveLock on extension of relation 1249 of database 16384
2026-09-10 01:57:16.891 UTC postmaster[69699] pg_regress/path STATEMENT:  CREATE TABLE PATH_TBL (f1 path);
2026-09-10 01:57:16.891 UTC postmaster[69699] pg_regress/multirangetypes ERROR:  malformed multirange literal: "{(a,))}" at character 8
2026-09-10 01:57:16.891 UTC postmaster[69699] pg_regress/multirangetypes DETAIL:  Expected comma or end of multirange.
2026-09-10 01:57:16.891 UTC postmaster[69699] pg_regress/multirangetypes STATEMENT:  select '{(a,))}'::textmultirange;
2026-09-10 01:57:16.891 UTC postmaster[69699] pg_regress/strings ERROR:  invalid Unicode surrogate pair at or near "\U00000061" at character 27
2026-09-10 01:57:16.891 UTC postmaster[69699] pg_regress/strings STATEMENT:  SELECT E'wrong: \U0000db99\U00000061';
2026-09-10 01:57:16.891 UTC postmaster[69699] pg_regress/macaddr8 ERROR:  invalid input syntax for type macaddr8: "08:00:2b:01.02:03:04:05" at character 8
2026-09-10 01:57:16.891 UTC postmaster[69699] pg_regress/macaddr8 STATEMENT:  SELECT '08:00:2b:01.02:03:04:05'::macaddr8;
2026-09-10 01:57:16.891 UTC postmaster[69699] pg_regress/numerology ERROR:  trailing junk after numeric literal at or near ".0a" at character 8
2026-09-10 01:57:16.891 UTC postmaster[69699] pg_regress/numerology STATEMENT:  SELECT .0a;
2026-09-10 01:57:16.891 UTC postmaster[69699] pg_regress/multirangetypes ERROR:  malformed range literal: "(]" at character 8
2026-09-10 01:57:16.891 UTC postmaster[69699] pg_regress/multirangetypes DETAIL:  Missing comma after lower bound.
2026-09-10 01:57:16.891 UTC postmaster[69699] pg_regress/multirangetypes STATEMENT:  select '{(],a)}'::textmultirange;
2026-09-10 01:57:16.891 UTC postmaster[69699] pg_regress/strings ERROR:  invalid Unicode escape value at or near "\U002FFFFF" at character 17
2026-09-10 01:57:16.891 UTC postmaster[69699] pg_regress/strings STATEMENT:  SELECT E'wrong: \U002FFFFF';
2026-09-10 01:57:16.891 UTC postmaster[69699] pg_regress/numerology ERROR:  trailing junk after numeric literal at or near "0.0e1a" at character 8
2026-09-10 01:57:16.891 UTC postmaster[69699] pg_regress/numerology STATEMENT:  SELECT 0.0e1a;
2026-09-10 01:57:16.891 UTC postmaster[69699] pg_regress/multirangetypes ERROR:  malformed multirange literal: "{(a,])}" at character 8
2026-09-10 01:57:16.891 UTC postmaster[69699] pg_regress/multirangetypes DETAIL:  Expected comma or end of multirange.
2026-09-10 01:57:16.891 UTC postmaster[69699] pg_regress/multirangetypes STATEMENT:  select '{(a,])}'::textmultirange;
2026-09-10 01:57:16.891 UTC postmaster[69699] pg_regress/strings ERROR:  non-standard string literals are not supported
2026-09-10 01:57:16.891 UTC postmaster[69699] pg_regress/strings STATEMENT:  SET standard_conforming_strings TO off;
2026-09-10 01:57:16.891 UTC postmaster[69699] pg_regress/numerology ERROR:  trailing junk after numeric literal at or near "0.0e" at character 8
2026-09-10 01:57:16.891 UTC postmaster[69699] pg_regress/numerology STATEMENT:  SELECT 0.0e;
2026-09-10 01:57:16.891 UTC postmaster[69699] pg_regress/multirangetypes ERROR:  range lower bound must be less than or equal to range upper bound at character 8
2026-09-10 01:57:16.891 UTC postmaster[69699] pg_regress/multirangetypes STATEMENT:  select '{[z,a]}'::textmultirange;
2026-09-10 01:57:16.892 UTC postmaster[69699] pg_regress/numerology ERROR:  trailing junk after numeric literal at or near "0.0e+" at character 8
2026-09-10 01:57:16.892 UTC postmaster[69699] pg_regress/numerology STATEMENT:  SELECT 0.0e+a;
2026-09-10 01:57:16.892 UTC postmaster[69699] pg_regress/numerology ERROR:  trailing junk after parameter at or near "$1a" at character 22
2026-09-10 01:57:16.892 UTC postmaster[69699] pg_regress/numerology STATEMENT:  PREPARE p1 AS SELECT $1a;
2026-09-10 01:57:16.892 UTC postmaster[69699] pg_regress/circle ERROR:  invalid input syntax for type circle: "<(-100,0),-100>" at character 32
2026-09-10 01:57:16.892 UTC postmaster[69699] pg_regress/circle STATEMENT:  INSERT INTO CIRCLE_TBL VALUES ('<(-100,0),-100>');
2026-09-10 01:57:16.892 UTC postmaster[69699] pg_regress/circle ERROR:  invalid input syntax for type circle: "<(100,200),10" at character 32
2026-09-10 01:57:16.892 UTC postmaster[69699] pg_regress/circle STATEMENT:  INSERT INTO CIRCLE_TBL VALUES ('<(100,200),10');
2026-09-10 01:57:16.892 UTC postmaster[69699] pg_regress/numerology ERROR:  parameter number too large at or near "$2147483648" at character 22
2026-09-10 01:57:16.892 UTC postmaster[69699] pg_regress/numerology STATEMENT:  PREPARE p1 AS SELECT $2147483648;
2026-09-10 01:57:16.892 UTC postmaster[69699] pg_regress/circle ERROR:  invalid input syntax for type circle: "<(100,200),10> x" at character 32
2026-09-10 01:57:16.892 UTC postmaster[69699] pg_regress/circle STATEMENT:  INSERT INTO CIRCLE_TBL VALUES ('<(100,200),10> x');
2026-09-10 01:57:16.892 UTC postmaster[69699] pg_regress/circle ERROR:  invalid input syntax for type circle: "1abc,3,5" at character 32
2026-09-10 01:57:16.892 UTC postmaster[69699] pg_regress/circle STATEMENT:  INSERT INTO CIRCLE_TBL VALUES ('1abc,3,5');
2026-09-10 01:57:16.893 UTC postmaster[69699] pg_regress/numerology ERROR:  invalid binary integer at or near "0b" at character 8
2026-09-10 01:57:16.893 UTC postmaster[69699] pg_regress/numerology STATEMENT:  SELECT 0b;
2026-09-10 01:57:16.893 UTC postmaster[69699] pg_regress/circle ERROR:  invalid input syntax for type circle: "(3,(1,2),3)" at character 32
2026-09-10 01:57:16.893 UTC postmaster[69699] pg_regress/circle STATEMENT:  INSERT INTO CIRCLE_TBL VALUES ('(3,(1,2),3)');
2026-09-10 01:57:16.893 UTC postmaster[69699] pg_regress/numerology ERROR:  trailing junk after numeric literal at or near "1b" at character 8
2026-09-10 01:57:16.893 UTC postmaster[69699] pg_regress/numerology STATEMENT:  SELECT 1b;
2026-09-10 01:57:16.893 UTC postmaster[69699] pg_regress/strings ERROR:  invalid hexadecimal data: odd number of digits at character 8
2026-09-10 01:57:16.893 UTC postmaster[69699] pg_regress/strings STATEMENT:  SELECT E'\\xDeAdBeE'::bytea;
2026-09-10 01:57:16.893 UTC postmaster[69699] pg_regress/numerology ERROR:  trailing junk after numeric literal at or near "0b0x" at character 8
2026-09-10 01:57:16.893 UTC postmaster[69699] pg_regress/numerology STATEMENT:  SELECT 0b0x;
2026-09-10 01:57:16.893 UTC postmaster[69699] pg_regress/lseg ERROR:  invalid input syntax for type lseg: "(3asdf,2 ,3,4r2)" at character 30
2026-09-10 01:57:16.893 UTC postmaster[69699] pg_regress/lseg STATEMENT:  INSERT INTO LSEG_TBL VALUES ('(3asdf,2 ,3,4r2)');
2026-09-10 01:57:16.893 UTC postmaster[69699] pg_regress/strings ERROR:  invalid hexadecimal digit: "x" at character 8
2026-09-10 01:57:16.893 UTC postmaster[69699] pg_regress/strings STATEMENT:  SELECT E'\\xDeAdBeEx'::bytea;
2026-09-10 01:57:16.893 UTC postmaster[69699] pg_regress/numerology ERROR:  invalid octal integer at or near "0o" at character 8
2026-09-10 01:57:16.893 UTC postmaster[69699] pg_regress/numerology STATEMENT:  SELECT 0o;
2026-09-10 01:57:16.894 UTC postmaster[69699] pg_regress/lseg ERROR:  invalid input syntax for type lseg: "[1,2,3, 4" at character 30
2026-09-10 01:57:16.894 UTC postmaster[69699] pg_regress/lseg STATEMENT:  INSERT INTO LSEG_TBL VALUES ('[1,2,3, 4');
2026-09-10 01:57:16.894 UTC postmaster[69699] pg_regress/numerology ERROR:  trailing junk after numeric literal at or near "1o" at character 8
2026-09-10 01:57:16.894 UTC postmaster[69699] pg_regress/numerology STATEMENT:  SELECT 1o;
2026-09-10 01:57:16.894 UTC postmaster[69699] pg_regress/lseg ERROR:  invalid input syntax for type lseg: "[(,2),(3,4)]" at character 30
2026-09-10 01:57:16.894 UTC postmaster[69699] pg_regress/lseg STATEMENT:  INSERT INTO LSEG_TBL VALUES ('[(,2),(3,4)]');
2026-09-10 01:57:16.894 UTC postmaster[69699] pg_regress/date ERROR:  date/time field value out of range: "1997-02-29" at character 30
2026-09-10 01:57:16.894 UTC postmaster[69699] pg_regress/date STATEMENT:  INSERT INTO DATE_TBL VALUES ('1997-02-29');
2026-09-10 01:57:16.894 UTC postmaster[69699] pg_regress/lseg ERROR:  invalid input syntax for type lseg: "[(1,2),(3,4)" at character 30
2026-09-10 01:57:16.894 UTC postmaster[69699] pg_regress/lseg STATEMENT:  INSERT INTO LSEG_TBL VALUES ('[(1,2),(3,4)');
2026-09-10 01:57:16.894 UTC postmaster[69699] pg_regress/numerology ERROR:  trailing junk after numeric literal at or near "0o0x" at character 8
2026-09-10 01:57:16.894 UTC postmaster[69699] pg_regress/numerology STATEMENT:  SELECT 0o0x;
2026-09-10 01:57:16.894 UTC postmaster[69699] pg_regress/line ERROR:  invalid input syntax for type line: "{}" at character 30
2026-09-10 01:57:16.894 UTC postmaster[69699] pg_regress/line STATEMENT:  INSERT INTO LINE_TBL VALUES ('{}');
2026-09-10 01:57:16.894 UTC postmaster[69699] pg_regress/numerology ERROR:  invalid hexadecimal integer at or near "0x" at character 8
2026-09-10 01:57:16.894 UTC postmaster[69699] pg_regress/numerology STATEMENT:  SELECT 0x;
2026-09-10 01:57:16.894 UTC postmaster[69699] pg_regress/box ERROR:  invalid input syntax for type box: "(2.3, 4.5)" at character 34
2026-09-10 01:57:16.894 UTC postmaster[69699] pg_regress/box STATEMENT:  INSERT INTO BOX_TBL (f1) VALUES ('(2.3, 4.5)');
2026-09-10 01:57:16.894 UTC postmaster[69699] pg_regress/line ERROR:  invalid input syntax for type line: "{0" at character 30
2026-09-10 01:57:16.894 UTC postmaster[69699] pg_regress/line STATEMENT:  INSERT INTO LINE_TBL VALUES ('{0');
2026-09-10 01:57:16.894 UTC postmaster[69699] pg_regress/box ERROR:  invalid input syntax for type box: "[1, 2, 3, 4)" at character 34
2026-09-10 01:57:16.894 UTC postmaster[69699] pg_regress/box STATEMENT:  INSERT INTO BOX_TBL (f1) VALUES ('[1, 2, 3, 4)');
2026-09-10 01:57:16.895 UTC postmaster[69699] pg_regress/line ERROR:  invalid input syntax for type line: "{0,0}" at character 30
2026-09-10 01:57:16.895 UTC postmaster[69699] pg_regress/line STATEMENT:  INSERT INTO LINE_TBL VALUES ('{0,0}');
2026-09-10 01:57:16.895 UTC postmaster[69699] pg_regress/box ERROR:  invalid input syntax for type box: "(1, 2, 3, 4]" at character 34
2026-09-10 01:57:16.895 UTC postmaster[69699] pg_regress/box STATEMENT:  INSERT INTO BOX_TBL (f1) VALUES ('(1, 2, 3, 4]');
2026-09-10 01:57:16.895 UTC postmaster[69699] pg_regress/numerology ERROR:  trailing junk after numeric literal at or near "1x" at character 8
2026-09-10 01:57:16.895 UTC postmaster[69699] pg_regress/numerology STATEMENT:  SELECT 1x;
2026-09-10 01:57:16.895 UTC postmaster[69699] pg_regress/box ERROR:  invalid input syntax for type box: "(1, 2, 3, 4) x" at character 34
2026-09-10 01:57:16.895 UTC postmaster[69699] pg_regress/box STATEMENT:  INSERT INTO BOX_TBL (f1) VALUES ('(1, 2, 3, 4) x');
2026-09-10 01:57:16.895 UTC postmaster[69699] pg_regress/line ERROR:  invalid input syntax for type line: "{0,0,1" at character 30
2026-09-10 01:57:16.895 UTC postmaster[69699] pg_regress/line STATEMENT:  INSERT INTO LINE_TBL VALUES ('{0,0,1');
2026-09-10 01:57:16.895 UTC postmaster[69699] pg_regress/box ERROR:  invalid input syntax for type box: "asdfasdf(ad" at character 34
2026-09-10 01:57:16.895 UTC postmaster[69699] pg_regress/box STATEMENT:  INSERT INTO BOX_TBL (f1) VALUES ('asdfasdf(ad');
2026-09-10 01:57:16.895 UTC postmaster[69699] pg_regress/line ERROR:  invalid line specification: A and B cannot both be zero at character 30
2026-09-10 01:57:16.895 UTC postmaster[69699] pg_regress/line STATEMENT:  INSERT INTO LINE_TBL VALUES ('{0,0,1}');
2026-09-10 01:57:16.895 UTC postmaster[69699] pg_regress/numerology ERROR:  trailing junk after numeric literal at or near "0x0y" at character 8
2026-09-10 01:57:16.895 UTC postmaster[69699] pg_regress/numerology STATEMENT:  SELECT 0x0y;
2026-09-10 01:57:16.895 UTC postmaster[69699] pg_regress/strings ERROR:  invalid input syntax for type bytea at character 8
2026-09-10 01:57:16.895 UTC postmaster[69699] pg_regress/strings STATEMENT:  SELECT E'De\\678dBeEf'::bytea;
2026-09-10 01:57:16.895 UTC postmaster[69699] pg_regress/time ERROR:  invalid input syntax for type time: "15:36:39 America/New_York" at character 30
2026-09-10 01:57:16.895 UTC postmaster[69699] pg_regress/time STATEMENT:  INSERT INTO TIME_TBL VALUES ('15:36:39 America/New_York');
2026-09-10 01:57:16.895 UTC postmaster[69699] pg_regress/line ERROR:  invalid input syntax for type line: "{0,0,1} x" at character 30
2026-09-10 01:57:16.895 UTC postmaster[69699] pg_regress/line STATEMENT:  INSERT INTO LINE_TBL VALUES ('{0,0,1} x');
2026-09-10 01:57:16.895 UTC postmaster[69699] pg_regress/line ERROR:  invalid input syntax for type line: "(3asdf,2 ,3,4r2)" at character 30
2026-09-10 01:57:16.895 UTC postmaster[69699] pg_regress/line STATEMENT:  INSERT INTO LINE_TBL VALUES ('(3asdf,2 ,3,4r2)');
2026-09-10 01:57:16.895 UTC postmaster[69699] pg_regress/macaddr ERROR:  invalid input syntax for type macaddr: "0800:2b01:0203" at character 37
2026-09-10 01:57:16.895 UTC postmaster[69699] pg_regress/macaddr STATEMENT:  INSERT INTO macaddr_data VALUES (8, '0800:2b01:0203');
2026-09-10 01:57:16.895 UTC postmaster[69699] pg_regress/polygon ERROR:  invalid input syntax for type polygon: "0.0" at character 37
2026-09-10 01:57:16.895 UTC postmaster[69699] pg_regress/polygon STATEMENT:  INSERT INTO POLYGON_TBL(f1) VALUES ('0.0');
2026-09-10 01:57:16.895 UTC postmaster[69699] pg_regress/line ERROR:  invalid input syntax for type line: "[1,2,3, 4" at character 30
2026-09-10 01:57:16.895 UTC postmaster[69699] pg_regress/line STATEMENT:  INSERT INTO LINE_TBL VALUES ('[1,2,3, 4');
2026-09-10 01:57:16.895 UTC postmaster[69699] pg_regress/macaddr ERROR:  invalid input syntax for type macaddr: "not even close" at character 37
2026-09-10 01:57:16.895 UTC postmaster[69699] pg_regress/macaddr STATEMENT:  INSERT INTO macaddr_data VALUES (9, 'not even close');
2026-09-10 01:57:16.896 UTC postmaster[69699] pg_regress/polygon ERROR:  invalid input syntax for type polygon: "(0.0 0.0" at character 37
2026-09-10 01:57:16.896 UTC postmaster[69699] pg_regress/polygon STATEMENT:  INSERT INTO POLYGON_TBL(f1) VALUES ('(0.0 0.0');
2026-09-10 01:57:16.896 UTC postmaster[69699] pg_regress/line ERROR:  invalid input syntax for type line: "[(,2),(3,4)]" at character 30
2026-09-10 01:57:16.896 UTC postmaster[69699] pg_regress/line STATEMENT:  INSERT INTO LINE_TBL VALUES ('[(,2),(3,4)]');
2026-09-10 01:57:16.896 UTC postmaster[69699] pg_regress/polygon ERROR:  invalid input syntax for type polygon: "(0,1,2)" at character 37
2026-09-10 01:57:16.896 UTC postmaster[69699] pg_regress/polygon STATEMENT:  INSERT INTO POLYGON_TBL(f1) VALUES ('(0,1,2)');
2026-09-10 01:57:16.896 UTC postmaster[69699] pg_regress/line ERROR:  invalid input syntax for type line: "[(1,2),(3,4)" at character 30
2026-09-10 01:57:16.896 UTC postmaster[69699] pg_regress/line STATEMENT:  INSERT INTO LINE_TBL VALUES ('[(1,2),(3,4)');
2026-09-10 01:57:16.896 UTC postmaster[69699] pg_regress/polygon ERROR:  invalid input syntax for type polygon: "(0,1,2,3" at character 37
2026-09-10 01:57:16.896 UTC postmaster[69699] pg_regress/polygon STATEMENT:  INSERT INTO POLYGON_TBL(f1) VALUES ('(0,1,2,3');
2026-09-10 01:57:16.896 UTC postmaster[69699] pg_regress/line ERROR:  invalid line specification: must be two distinct points at character 30
2026-09-10 01:57:16.896 UTC postmaster[69699] pg_regress/line STATEMENT:  INSERT INTO LINE_TBL VALUES ('[(1,2),(1,2)]');
2026-09-10 01:57:16.896 UTC postmaster[69699] pg_regress/timetz ERROR:  invalid input syntax for type time with time zone: "15:36:39 America/New_York" at character 32
2026-09-10 01:57:16.896 UTC postmaster[69699] pg_regress/timetz STATEMENT:  INSERT INTO TIMETZ_TBL VALUES ('15:36:39 America/New_York');
2026-09-10 01:57:16.896 UTC postmaster[69699] pg_regress/polygon ERROR:  invalid input syntax for type polygon: "asdf" at character 37
2026-09-10 01:57:16.896 UTC postmaster[69699] pg_regress/polygon STATEMENT:  INSERT INTO POLYGON_TBL(f1) VALUES ('asdf');
2026-09-10 01:57:16.896 UTC postmaster[69699] pg_regress/line ERROR:  invalid line specification: must be two distinct points
2026-09-10 01:57:16.896 UTC postmaster[69699] pg_regress/line STATEMENT:  INSERT INTO LINE_TBL VALUES (line(point '(1,0)', point '(1,0)'));
2026-09-10 01:57:16.896 UTC postmaster[69699] pg_regress/timetz ERROR:  invalid input syntax for type time with time zone: "15:36:39 m2" at character 32
2026-09-10 01:57:16.896 UTC postmaster[69699] pg_regress/timetz STATEMENT:  INSERT INTO TIMETZ_TBL VALUES ('15:36:39 m2');
xtc: backend fiber exiting pid=(loop=7,local=1,gen=2) code=0
xtc: supervisor observed normal backend fiber DOWN pid=(loop=7,local=1,gen=2)
2026-09-10 01:57:16.896 UTC postmaster[69699] pg_regress/interval ERROR:  invalid input syntax for type interval: "badly formatted interval" at character 39
2026-09-10 01:57:16.896 UTC postmaster[69699] pg_regress/interval STATEMENT:  INSERT INTO INTERVAL_TBL (f1) VALUES ('badly formatted interval');
2026-09-10 01:57:16.896 UTC postmaster[69699] pg_regress/timetz ERROR:  invalid input syntax for type time with time zone: "15:36:39 MSK m2" at character 32
2026-09-10 01:57:16.896 UTC postmaster[69699] pg_regress/timetz STATEMENT:  INSERT INTO TIMETZ_TBL VALUES ('15:36:39 MSK m2');
2026-09-10 01:57:16.896 UTC postmaster[69699] pg_regress/interval ERROR:  invalid input syntax for type interval: "@ 30 eons ago" at character 39
2026-09-10 01:57:16.896 UTC postmaster[69699] pg_regress/interval STATEMENT:  INSERT INTO INTERVAL_TBL (f1) VALUES ('@ 30 eons ago');
2026-09-10 01:57:16.897 UTC postmaster[69699] pg_regress/macaddr8 ERROR:  invalid input syntax for type macaddr8: "not even close" at character 38
2026-09-10 01:57:16.897 UTC postmaster[69699] pg_regress/macaddr8 STATEMENT:  INSERT INTO macaddr8_data VALUES (9, 'not even close');
2026-09-10 01:57:16.898 UTC postmaster[69699] pg_regress/strings ERROR:  invalid hexadecimal digit: "!"
2026-09-10 01:57:16.898 UTC postmaster[69699] pg_regress/strings STATEMENT:  SELECT ('\x' || repeat('!', 32))::bytea;
2026-09-10 01:57:16.898 UTC postmaster[69699] pg_regress/strings ERROR:  invalid hexadecimal digit: "/"
2026-09-10 01:57:16.898 UTC postmaster[69699] pg_regress/strings STATEMENT:  SELECT ('\x' || repeat('/', 34))::bytea;
2026-09-10 01:57:16.898 UTC postmaster[69699] pg_regress/inet ERROR:  invalid cidr value: "192.168.1.2/30" at character 37
2026-09-10 01:57:16.898 UTC postmaster[69699] pg_regress/inet DETAIL:  Value has bits set to right of mask.
2026-09-10 01:57:16.898 UTC postmaster[69699] pg_regress/inet STATEMENT:  INSERT INTO INET_TBL (c, i) VALUES ('192.168.1.2/30', '192.168.1.226');
2026-09-10 01:57:16.898 UTC postmaster[69699] pg_regress/inet ERROR:  invalid input syntax for type cidr: "1234::1234::1234" at character 37
2026-09-10 01:57:16.898 UTC postmaster[69699] pg_regress/inet STATEMENT:  INSERT INTO INET_TBL (c, i) VALUES ('1234::1234::1234', '::1.2.3.4');
2026-09-10 01:57:16.899 UTC postmaster[69699] pg_regress/time ERROR:  date/time field value out of range: "24:00:00.01" at character 8
2026-09-10 01:57:16.899 UTC postmaster[69699] pg_regress/time STATEMENT:  SELECT '24:00:00.01'::time;
2026-09-10 01:57:16.899 UTC postmaster[69699] pg_regress/time ERROR:  date/time field value out of range: "23:59:60.01" at character 8
2026-09-10 01:57:16.899 UTC postmaster[69699] pg_regress/time STATEMENT:  SELECT '23:59:60.01'::time;
2026-09-10 01:57:16.899 UTC postmaster[69699] pg_regress/inet ERROR:  invalid cidr value: "192.168.1.2/30" at character 42
2026-09-10 01:57:16.899 UTC postmaster[69699] pg_regress/inet DETAIL:  Value has bits set to right of mask.
2026-09-10 01:57:16.899 UTC postmaster[69699] pg_regress/inet STATEMENT:  INSERT INTO INET_TBL (c, i) VALUES (cidr('192.168.1.2/30'), '192.168.1.226');
2026-09-10 01:57:16.899 UTC postmaster[69699] pg_regress/time ERROR:  date/time field value out of range: "24:01:00" at character 8
2026-09-10 01:57:16.899 UTC postmaster[69699] pg_regress/time STATEMENT:  SELECT '24:01:00'::time;
2026-09-10 01:57:16.899 UTC postmaster[69699] pg_regress/inet ERROR:  invalid cidr value: "ffff:ffff:ffff:ffff::/24" at character 42
2026-09-10 01:57:16.899 UTC postmaster[69699] pg_regress/inet DETAIL:  Value has bits set to right of mask.
2026-09-10 01:57:16.899 UTC postmaster[69699] pg_regress/inet STATEMENT:  INSERT INTO INET_TBL (c, i) VALUES (cidr('ffff:ffff:ffff:ffff::/24'), '::192.168.1.226');
2026-09-10 01:57:16.899 UTC postmaster[69699] pg_regress/time ERROR:  date/time field value out of range: "25:00:00" at character 8
2026-09-10 01:57:16.899 UTC postmaster[69699] pg_regress/time STATEMENT:  SELECT '25:00:00'::time;
2026-09-10 01:57:16.900 UTC postmaster[69699] pg_regress/timetz ERROR:  date/time field value out of range: "24:00:00.01 PDT" at character 8
2026-09-10 01:57:16.900 UTC postmaster[69699] pg_regress/timetz STATEMENT:  SELECT '24:00:00.01 PDT'::timetz;
2026-09-10 01:57:16.900 UTC postmaster[69699] pg_regress/strings ERROR:  invalid hexadecimal digit: ":"
2026-09-10 01:57:16.900 UTC postmaster[69699] pg_regress/strings STATEMENT:  SELECT ('\x' || repeat(':', 32))::bytea;
2026-09-10 01:57:16.900 UTC postmaster[69699] pg_regress/numerology ERROR:  column "_100" does not exist at character 8
2026-09-10 01:57:16.900 UTC postmaster[69699] pg_regress/numerology STATEMENT:  SELECT _100;
2026-09-10 01:57:16.900 UTC postmaster[69699] pg_regress/timetz ERROR:  date/time field value out of range: "23:59:60.01 PDT" at character 8
2026-09-10 01:57:16.900 UTC postmaster[69699] pg_regress/timetz STATEMENT:  SELECT '23:59:60.01 PDT'::timetz;
2026-09-10 01:57:16.901 UTC postmaster[69699] pg_regress/strings ERROR:  invalid hexadecimal digit: "@"
2026-09-10 01:57:16.901 UTC postmaster[69699] pg_regress/strings STATEMENT:  SELECT ('\x' || repeat('@', 34))::bytea;
2026-09-10 01:57:16.901 UTC postmaster[69699] pg_regress/timetz ERROR:  date/time field value out of range: "24:01:00 PDT" at character 8
2026-09-10 01:57:16.901 UTC postmaster[69699] pg_regress/timetz STATEMENT:  SELECT '24:01:00 PDT'::timetz;
2026-09-10 01:57:16.901 UTC postmaster[69699] pg_regress/numerology ERROR:  trailing junk after numeric literal at or near "100_" at character 8
2026-09-10 01:57:16.901 UTC postmaster[69699] pg_regress/numerology STATEMENT:  SELECT 100_;
2026-09-10 01:57:16.901 UTC postmaster[69699] pg_regress/timetz ERROR:  date/time field value out of range: "25:00:00 PDT" at character 8
2026-09-10 01:57:16.901 UTC postmaster[69699] pg_regress/timetz STATEMENT:  SELECT '25:00:00 PDT'::timetz;
2026-09-10 01:57:16.901 UTC postmaster[69699] pg_regress/numerology ERROR:  trailing junk after numeric literal at or near "100__000" at character 8
2026-09-10 01:57:16.901 UTC postmaster[69699] pg_regress/numerology STATEMENT:  SELECT 100__000;
2026-09-10 01:57:16.901 UTC postmaster[69699] pg_regress/numerology ERROR:  syntax error at or near ".5" at character 14
2026-09-10 01:57:16.901 UTC postmaster[69699] pg_regress/numerology STATEMENT:  SELECT _1_000.5;
2026-09-10 01:57:16.901 UTC postmaster[69699] pg_regress/strings ERROR:  invalid hexadecimal digit: "G"
2026-09-10 01:57:16.901 UTC postmaster[69699] pg_regress/strings STATEMENT:  SELECT ('\x' || repeat('G', 32))::bytea;
xtc: backend fiber exiting pid=(loop=8,local=1,gen=2) code=0
xtc: supervisor observed normal backend fiber DOWN pid=(loop=8,local=1,gen=2)
xtc: backend fiber exiting pid=(loop=12,local=1,gen=2) code=0
2026-09-10 01:57:16.902 UTC postmaster[69699] pg_regress/time ERROR:  operator is not unique: time without time zone + time without time zone at character 11
2026-09-10 01:57:16.902 UTC postmaster[69699] pg_regress/time DETAIL:  Could not choose a best candidate operator.
2026-09-10 01:57:16.902 UTC postmaster[69699] pg_regress/time HINT:  You might need to add explicit type casts.
2026-09-10 01:57:16.902 UTC postmaster[69699] pg_regress/time STATEMENT:  SELECT f1 + time '00:01' AS "Illegal" FROM TIME_TBL;
2026-09-10 01:57:16.903 UTC postmaster[69699] pg_regress/strings ERROR:  invalid hexadecimal digit: "`"
2026-09-10 01:57:16.903 UTC postmaster[69699] pg_regress/strings STATEMENT:  SELECT ('\x' || repeat('`', 34))::bytea;
2026-09-10 01:57:16.903 UTC postmaster[69699] pg_regress/numerology ERROR:  trailing junk after numeric literal at or near "1_000_" at character 8
2026-09-10 01:57:16.903 UTC postmaster[69699] pg_regress/numerology STATEMENT:  SELECT 1_000_.5;
2026-09-10 01:57:16.903 UTC postmaster[69699] pg_regress/strings ERROR:  invalid hexadecimal digit: "g"
2026-09-10 01:57:16.903 UTC postmaster[69699] pg_regress/strings STATEMENT:  SELECT ('\x' || repeat('g', 32))::bytea;
2026-09-10 01:57:16.903 UTC postmaster[69699] pg_regress/strings ERROR:  invalid hexadecimal digit: "~"
2026-09-10 01:57:16.903 UTC postmaster[69699] pg_regress/strings STATEMENT:  SELECT ('\x' || repeat('~', 34))::bytea;
2026-09-10 01:57:16.903 UTC postmaster[69699] pg_regress/timetz ERROR:  operator does not exist: time with time zone + time with time zone at character 11
2026-09-10 01:57:16.903 UTC postmaster[69699] pg_regress/timetz DETAIL:  No operator of that name accepts the given argument types.
2026-09-10 01:57:16.903 UTC postmaster[69699] pg_regress/timetz HINT:  You might need to add explicit type casts.
2026-09-10 01:57:16.903 UTC postmaster[69699] pg_regress/timetz STATEMENT:  SELECT f1 + time with time zone '00:01' AS "Illegal" FROM TIMETZ_TBL;
xtc: supervisor observed normal backend fiber DOWN pid=(loop=12,local=1,gen=2)
2026-09-10 01:57:16.903 UTC postmaster[69699] pg_regress/numerology ERROR:  trailing junk after numeric literal at or near "1_000._5" at character 8
2026-09-10 01:57:16.903 UTC postmaster[69699] pg_regress/numerology STATEMENT:  SELECT 1_000._5;
2026-09-10 01:57:16.903 UTC postmaster[69699] pg_regress/path ERROR:  invalid input syntax for type path: "[]" at character 30
2026-09-10 01:57:16.903 UTC postmaster[69699] pg_regress/path STATEMENT:  INSERT INTO PATH_TBL VALUES ('[]');
2026-09-10 01:57:16.904 UTC postmaster[69699] pg_regress/path ERROR:  invalid input syntax for type path: "[(,2),(3,4)]" at character 30
2026-09-10 01:57:16.904 UTC postmaster[69699] pg_regress/path STATEMENT:  INSERT INTO PATH_TBL VALUES ('[(,2),(3,4)]');
2026-09-10 01:57:16.904 UTC postmaster[69699] pg_regress/interval ERROR:  interval out of range
2026-09-10 01:57:16.904 UTC postmaster[69699] pg_regress/interval STATEMENT:  SELECT -('-2147483648 months'::interval);
2026-09-10 01:57:16.904 UTC postmaster[69699] pg_regress/time ERROR:  unit "day" not supported for type time without time zone
2026-09-10 01:57:16.904 UTC postmaster[69699] pg_regress/time STATEMENT:  SELECT EXTRACT(DAY         FROM TIME '2020-05-26 13:30:25.575401');
2026-09-10 01:57:16.904 UTC postmaster[69699] pg_regress/time ERROR:  unit "fortnight" not recognized for type time without time zone
2026-09-10 01:57:16.904 UTC postmaster[69699] pg_regress/time STATEMENT:  SELECT EXTRACT(FORTNIGHT   FROM TIME '2020-05-26 13:30:25.575401');
2026-09-10 01:57:16.904 UTC postmaster[69699] pg_regress/path ERROR:  invalid input syntax for type path: "[(1,2),(3,4)" at character 30
2026-09-10 01:57:16.904 UTC postmaster[69699] pg_regress/path STATEMENT:  INSERT INTO PATH_TBL VALUES ('[(1,2),(3,4)');
2026-09-10 01:57:16.904 UTC postmaster[69699] pg_regress/timetz ERROR:  unit "day" not supported for type time with time zone
2026-09-10 01:57:16.904 UTC postmaster[69699] pg_regress/timetz STATEMENT:  SELECT EXTRACT(DAY         FROM TIME WITH TIME ZONE '2020-05-26 13:30:25.575401-04');
2026-09-10 01:57:16.904 UTC postmaster[69699] pg_regress/numerology ERROR:  trailing junk after numeric literal at or near "1_000.5_" at character 8
2026-09-10 01:57:16.904 UTC postmaster[69699] pg_regress/numerology STATEMENT:  SELECT 1_000.5_;
2026-09-10 01:57:16.904 UTC postmaster[69699] pg_regress/interval ERROR:  interval out of range
2026-09-10 01:57:16.904 UTC postmaster[69699] pg_regress/interval STATEMENT:  SELECT -('-2147483648 days'::interval);
2026-09-10 01:57:16.905 UTC postmaster[69699] pg_regress/time ERROR:  unit "timezone" not supported for type time without time zone
2026-09-10 01:57:16.905 UTC postmaster[69699] pg_regress/time STATEMENT:  SELECT EXTRACT(TIMEZONE    FROM TIME '2020-05-26 13:30:25.575401');
2026-09-10 01:57:16.905 UTC postmaster[69699] pg_regress/timetz ERROR:  unit "fortnight" not recognized for type time with time zone
2026-09-10 01:57:16.905 UTC postmaster[69699] pg_regress/timetz STATEMENT:  SELECT EXTRACT(FORTNIGHT   FROM TIME WITH TIME ZONE '2020-05-26 13:30:25.575401-04');
2026-09-10 01:57:16.905 UTC postmaster[69699] pg_regress/interval ERROR:  interval out of range
2026-09-10 01:57:16.905 UTC postmaster[69699] pg_regress/interval STATEMENT:  SELECT -('-9223372036854775808 us'::interval);
2026-09-10 01:57:16.905 UTC postmaster[69699] pg_regress/path ERROR:  invalid input syntax for type path: "(1,2,3,4" at character 30
2026-09-10 01:57:16.905 UTC postmaster[69699] pg_regress/path STATEMENT:  INSERT INTO PATH_TBL VALUES ('(1,2,3,4');
2026-09-10 01:57:16.905 UTC postmaster[69699] pg_regress/numerology ERROR:  trailing junk after numeric literal at or near "1_000.5e_1" at character 8
2026-09-10 01:57:16.905 UTC postmaster[69699] pg_regress/numerology STATEMENT:  SELECT 1_000.5e_1;
2026-09-10 01:57:16.905 UTC postmaster[69699] pg_regress/interval ERROR:  interval out of range
2026-09-10 01:57:16.905 UTC postmaster[69699] pg_regress/interval STATEMENT:  SELECT -('-2147483647 months -2147483647 days -9223372036854775807 us'::interval);
2026-09-10 01:57:16.905 UTC postmaster[69699] pg_regress/path ERROR:  invalid input syntax for type path: "(1,2),(3,4)]" at character 30
2026-09-10 01:57:16.905 UTC postmaster[69699] pg_regress/path STATEMENT:  INSERT INTO PATH_TBL VALUES ('(1,2),(3,4)]');
2026-09-10 01:57:16.906 UTC postmaster[69699] pg_regress/numerology ERROR:  trailing junk after parameter at or near "$0_1" at character 22
2026-09-10 01:57:16.906 UTC postmaster[69699] pg_regress/numerology STATEMENT:  PREPARE p1 AS SELECT $0_1;
2026-09-10 01:57:16.907 UTC postmaster[69699] pg_regress/interval ERROR:  interval field value out of range: "2147483648 days" at character 42
2026-09-10 01:57:16.907 UTC postmaster[69699] pg_regress/interval STATEMENT:  INSERT INTO INTERVAL_TBL_OF (f1) VALUES ('2147483648 days');
2026-09-10 01:57:16.907 UTC postmaster[69699] pg_regress/interval ERROR:  interval field value out of range: "-2147483649 days" at character 42
2026-09-10 01:57:16.907 UTC postmaster[69699] pg_regress/interval STATEMENT:  INSERT INTO INTERVAL_TBL_OF (f1) VALUES ('-2147483649 days');
xtc: backend fiber exiting pid=(loop=22,local=1,gen=2) code=0
xtc: supervisor observed normal backend fiber DOWN pid=(loop=22,local=1,gen=2)
2026-09-10 01:57:16.907 UTC postmaster[69699] pg_regress/interval ERROR:  interval out of range at character 42
2026-09-10 01:57:16.907 UTC postmaster[69699] pg_regress/interval STATEMENT:  INSERT INTO INTERVAL_TBL_OF (f1) VALUES ('2147483647 years');
2026-09-10 01:57:16.907 UTC postmaster[69699] pg_regress/interval ERROR:  interval out of range at character 42
2026-09-10 01:57:16.907 UTC postmaster[69699] pg_regress/interval STATEMENT:  INSERT INTO INTERVAL_TBL_OF (f1) VALUES ('-2147483648 years');
2026-09-10 01:57:16.908 UTC postmaster[69699] pg_regress/interval ERROR:  interval out of range
2026-09-10 01:57:16.908 UTC postmaster[69699] pg_regress/interval STATEMENT:  select extract(epoch from '256 microseconds'::interval * (2^55)::float8);
2026-09-10 01:57:16.909 UTC postmaster[69699] pg_regress/strings ERROR:  negative substring length not allowed
2026-09-10 01:57:16.909 UTC postmaster[69699] pg_regress/strings STATEMENT:  SELECT SUBSTRING('string' FROM -10 FOR -2147483646) AS "error";
xtc: backend fiber exiting pid=(loop=19,local=1,gen=2) code=0
xtc: supervisor observed normal backend fiber DOWN pid=(loop=19,local=1,gen=2)
xtc: backend fiber exiting pid=(loop=10,local=1,gen=2) code=0
2026-09-10 01:57:16.912 UTC postmaster[69699] pg_regress/strings ERROR:  SQL regular expression may not contain more than two escape-double-quote separators
2026-09-10 01:57:16.912 UTC postmaster[69699] pg_regress/strings CONTEXT:  SQL function "substring" statement 1
2026-09-10 01:57:16.912 UTC postmaster[69699] pg_regress/strings STATEMENT:  SELECT SUBSTRING('abcdefg' SIMILAR 'a*#"%#"g*#"x' ESCAPE '#') AS "error";
xtc: supervisor observed normal backend fiber DOWN pid=(loop=10,local=1,gen=2)
xtc: backend fiber exiting pid=(loop=14,local=1,gen=2) code=0
xtc: supervisor observed normal backend fiber DOWN pid=(loop=14,local=1,gen=2)
xtc: backend fiber exiting pid=(loop=6,local=1,gen=2) code=0
xtc: supervisor observed normal backend fiber DOWN pid=(loop=6,local=1,gen=2)
2026-09-10 01:57:16.914 UTC postmaster[69699] pg_regress/strings ERROR:  invalid escape string
2026-09-10 01:57:16.914 UTC postmaster[69699] pg_regress/strings HINT:  Escape string must be empty or one character.
2026-09-10 01:57:16.914 UTC postmaster[69699] pg_regress/strings STATEMENT:  SELECT 'abcdefg' SIMILAR TO '_bcd#%' ESCAPE '##' AS error;
2026-09-10 01:57:16.915 UTC postmaster[69699] pg_regress/inet ERROR:  invalid mask length: 33
2026-09-10 01:57:16.915 UTC postmaster[69699] pg_regress/inet STATEMENT:  SELECT set_masklen(inet(text(i)), 33) FROM INET_TBL;
2026-09-10 01:57:16.916 UTC postmaster[69699] pg_regress/inet ERROR:  invalid mask length: 33
2026-09-10 01:57:16.916 UTC postmaster[69699] pg_regress/inet STATEMENT:  SELECT set_masklen(cidr(text(c)), 33) FROM INET_TBL;
2026-09-10 01:57:16.916 UTC postmaster[69699] pg_regress/date ERROR:  date/time field value out of range: "1/8/1999" at character 13
2026-09-10 01:57:16.916 UTC postmaster[69699] pg_regress/date HINT:  Perhaps you need a different "DateStyle" setting.
2026-09-10 01:57:16.916 UTC postmaster[69699] pg_regress/date STATEMENT:  SELECT date '1/8/1999';
2026-09-10 01:57:16.917 UTC postmaster[69699] pg_regress/date ERROR:  date/time field value out of range: "1/18/1999" at character 13
2026-09-10 01:57:16.917 UTC postmaster[69699] pg_regress/date HINT:  Perhaps you need a different "DateStyle" setting.
2026-09-10 01:57:16.917 UTC postmaster[69699] pg_regress/date STATEMENT:  SELECT date '1/18/1999';
2026-09-10 01:57:16.917 UTC postmaster[69699] pg_regress/date ERROR:  date/time field value out of range: "18/1/1999" at character 13
2026-09-10 01:57:16.917 UTC postmaster[69699] pg_regress/date HINT:  Perhaps you need a different "DateStyle" setting.
2026-09-10 01:57:16.917 UTC postmaster[69699] pg_regress/date STATEMENT:  SELECT date '18/1/1999';
2026-09-10 01:57:16.918 UTC postmaster[69699] pg_regress/strings ERROR:  invalid regular expression option: "z"
2026-09-10 01:57:16.918 UTC postmaster[69699] pg_regress/strings STATEMENT:  SELECT regexp_replace('AAA aaa', 'A+', 'Z', 'z');
2026-09-10 01:57:16.918 UTC postmaster[69699] pg_regress/interval ERROR:  interval out of range
2026-09-10 01:57:16.918 UTC postmaster[69699] pg_regress/interval STATEMENT:  SELECT '3000000 months'::interval * 1000;
2026-09-10 01:57:16.919 UTC postmaster[69699] pg_regress/interval ERROR:  interval out of range
2026-09-10 01:57:16.919 UTC postmaster[69699] pg_regress/interval STATEMENT:  SELECT '3000000 months'::interval / 0.001;
2026-09-10 01:57:16.919 UTC postmaster[69699] pg_regress/interval ERROR:  interval out of range
2026-09-10 01:57:16.919 UTC postmaster[69699] pg_regress/interval STATEMENT:  SELECT '3000000 days'::interval * 1000;
2026-09-10 01:57:16.919 UTC postmaster[69699] pg_regress/interval ERROR:  interval out of range
2026-09-10 01:57:16.919 UTC postmaster[69699] pg_regress/interval STATEMENT:  SELECT '3000000 days'::interval / 0.001;
2026-09-10 01:57:16.919 UTC postmaster[69699] pg_regress/interval ERROR:  interval out of range
2026-09-10 01:57:16.919 UTC postmaster[69699] pg_regress/interval STATEMENT:  SELECT '1 month 2146410 days'::interval * 1000.5002;
2026-09-10 01:57:16.919 UTC postmaster[69699] pg_regress/strings ERROR:  invalid value for parameter "start": -1
2026-09-10 01:57:16.919 UTC postmaster[69699] pg_regress/strings STATEMENT:  SELECT regexp_replace('A PostgreSQL function', 'a|e|i|o|u', 'X', -1, 0, 'i');
2026-09-10 01:57:16.919 UTC postmaster[69699] pg_regress/strings ERROR:  invalid value for parameter "n": -1
2026-09-10 01:57:16.919 UTC postmaster[69699] pg_regress/strings STATEMENT:  SELECT regexp_replace('A PostgreSQL function', 'a|e|i|o|u', 'X', 1, -1, 'i');
2026-09-10 01:57:16.919 UTC postmaster[69699] pg_regress/interval ERROR:  interval out of range
2026-09-10 01:57:16.919 UTC postmaster[69699] pg_regress/interval STATEMENT:  SELECT '4611686018427387904 usec'::interval / 0.1;
2026-09-10 01:57:16.919 UTC postmaster[69699] pg_regress/strings ERROR:  invalid regular expression option: "1"
2026-09-10 01:57:16.919 UTC postmaster[69699] pg_regress/strings HINT:  If you meant to use regexp_replace() with a start parameter, cast the fourth argument to integer explicitly.
2026-09-10 01:57:16.919 UTC postmaster[69699] pg_regress/strings STATEMENT:  SELECT regexp_replace('A PostgreSQL function', 'a|e|i|o|u', 'X', '1');
2026-09-10 01:57:16.921 UTC postmaster[69699] pg_regress/strings ERROR:  invalid value for parameter "start": 0
2026-09-10 01:57:16.921 UTC postmaster[69699] pg_regress/strings STATEMENT:  SELECT regexp_count('123123123123', '123', 0);
2026-09-10 01:57:16.921 UTC postmaster[69699] pg_regress/strings ERROR:  invalid value for parameter "start": -3
2026-09-10 01:57:16.921 UTC postmaster[69699] pg_regress/strings STATEMENT:  SELECT regexp_count('123123123123', '123', -3);
2026-09-10 01:57:16.921 UTC postmaster[69699] pg_regress/date ERROR:  date/time field value out of range: "January 8, 99 BC" at character 13
2026-09-10 01:57:16.921 UTC postmaster[69699] pg_regress/date HINT:  Perhaps you need a different "DateStyle" setting.
2026-09-10 01:57:16.921 UTC postmaster[69699] pg_regress/date STATEMENT:  SELECT date 'January 8, 99 BC';
2026-09-10 01:57:16.921 UTC postmaster[69699] pg_regress/interval ERROR:  interval out of range
2026-09-10 01:57:16.921 UTC postmaster[69699] pg_regress/interval STATEMENT:  SELECT justify_hours(interval '2147483647 days 24 hrs');
2026-09-10 01:57:16.922 UTC postmaster[69699] pg_regress/strings ERROR:  regexp_like() does not support the "global" option
2026-09-10 01:57:16.922 UTC postmaster[69699] pg_regress/strings STATEMENT:  SELECT regexp_like('abc', 'a.c', 'g');
2026-09-10 01:57:16.922 UTC postmaster[69699] pg_regress/interval ERROR:  interval out of range
2026-09-10 01:57:16.922 UTC postmaster[69699] pg_regress/interval STATEMENT:  SELECT justify_days(interval '2147483647 months 30 days');
2026-09-10 01:57:16.923 UTC postmaster[69699] pg_regress/interval ERROR:  interval out of range
2026-09-10 01:57:16.923 UTC postmaster[69699] pg_regress/interval STATEMENT:  SELECT justify_interval(interval '2147483647 months 30 days');
2026-09-10 01:57:16.923 UTC postmaster[69699] pg_regress/interval ERROR:  interval out of range
2026-09-10 01:57:16.923 UTC postmaster[69699] pg_regress/interval STATEMENT:  SELECT justify_interval(interval '-2147483648 months -30 days');
2026-09-10 01:57:16.924 UTC postmaster[69699] pg_regress/interval ERROR:  interval out of range
2026-09-10 01:57:16.924 UTC postmaster[69699] pg_regress/interval STATEMENT:  SELECT justify_interval(interval '2147483647 months -30 days 1440 hrs');
2026-09-10 01:57:16.924 UTC postmaster[69699] pg_regress/interval ERROR:  interval out of range
2026-09-10 01:57:16.924 UTC postmaster[69699] pg_regress/interval STATEMENT:  SELECT justify_interval(interval '-2147483648 months 30 days -1440 hrs');
2026-09-10 01:57:16.924 UTC postmaster[69699] pg_regress/date ERROR:  date/time field value out of range: "08-Jan-99" at character 13
2026-09-10 01:57:16.924 UTC postmaster[69699] pg_regress/date HINT:  Perhaps you need a different "DateStyle" setting.
2026-09-10 01:57:16.924 UTC postmaster[69699] pg_regress/date STATEMENT:  SELECT date '08-Jan-99';
xtc: backend fiber exiting pid=(loop=20,local=1,gen=2) code=0
xtc: supervisor observed normal backend fiber DOWN pid=(loop=20,local=1,gen=2)
2026-09-10 01:57:16.925 UTC postmaster[69699] pg_regress/interval ERROR:  invalid input syntax for type interval: "1 second 2 seconds" at character 8
2026-09-10 01:57:16.925 UTC postmaster[69699] pg_regress/interval STATEMENT:  SELECT '1 second 2 seconds'::interval;
2026-09-10 01:57:16.925 UTC postmaster[69699] pg_regress/strings ERROR:  invalid value for parameter "start": 0
2026-09-10 01:57:16.925 UTC postmaster[69699] pg_regress/strings STATEMENT:  SELECT regexp_instr('abcabcabc', 'a.c', 0, 1);
2026-09-10 01:57:16.925 UTC postmaster[69699] pg_regress/strings ERROR:  invalid value for parameter "n": 0
2026-09-10 01:57:16.925 UTC postmaster[69699] pg_regress/strings STATEMENT:  SELECT regexp_instr('abcabcabc', 'a.c', 1, 0);
2026-09-10 01:57:16.925 UTC postmaster[69699] pg_regress/interval ERROR:  invalid input syntax for type interval: "10 milliseconds 20 milliseconds" at character 8
2026-09-10 01:57:16.925 UTC postmaster[69699] pg_regress/interval STATEMENT:  SELECT '10 milliseconds 20 milliseconds'::interval;
2026-09-10 01:57:16.925 UTC postmaster[69699] pg_regress/strings ERROR:  invalid value for parameter "endoption": -1
2026-09-10 01:57:16.925 UTC postmaster[69699] pg_regress/strings STATEMENT:  SELECT regexp_instr('abcabcabc', 'a.c', 1, 1, -1);
2026-09-10 01:57:16.925 UTC postmaster[69699] pg_regress/strings ERROR:  invalid value for parameter "endoption": 2
2026-09-10 01:57:16.925 UTC postmaster[69699] pg_regress/strings STATEMENT:  SELECT regexp_instr('abcabcabc', 'a.c', 1, 1, 2);
2026-09-10 01:57:16.925 UTC postmaster[69699] pg_regress/interval ERROR:  invalid input syntax for type interval: "5.5 seconds 3 milliseconds" at character 8
2026-09-10 01:57:16.925 UTC postmaster[69699] pg_regress/interval STATEMENT:  SELECT '5.5 seconds 3 milliseconds'::interval;
2026-09-10 01:57:16.925 UTC postmaster[69699] pg_regress/strings ERROR:  regexp_instr() does not support the "global" option
2026-09-10 01:57:16.925 UTC postmaster[69699] pg_regress/strings STATEMENT:  SELECT regexp_instr('abcabcabc', 'a.c', 1, 1, 0, 'g');
2026-09-10 01:57:16.925 UTC postmaster[69699] pg_regress/strings ERROR:  invalid value for parameter "subexpr": -1
2026-09-10 01:57:16.925 UTC postmaster[69699] pg_regress/strings STATEMENT:  SELECT regexp_instr('abcabcabc', 'a.c', 1, 1, 0, '', -1);
2026-09-10 01:57:16.925 UTC postmaster[69699] pg_regress/interval ERROR:  invalid input syntax for type interval: "1:20:05 5 microseconds" at character 8
2026-09-10 01:57:16.925 UTC postmaster[69699] pg_regress/interval STATEMENT:  SELECT '1:20:05 5 microseconds'::interval;
2026-09-10 01:57:16.926 UTC postmaster[69699] pg_regress/interval ERROR:  invalid input syntax for type interval: "1 day 1 day" at character 8
2026-09-10 01:57:16.926 UTC postmaster[69699] pg_regress/interval STATEMENT:  SELECT '1 day 1 day'::interval;
2026-09-10 01:57:16.926 UTC postmaster[69699] pg_regress/date ERROR:  date/time field value out of range: "Jan-08-99" at character 13
2026-09-10 01:57:16.926 UTC postmaster[69699] pg_regress/date HINT:  Perhaps you need a different "DateStyle" setting.
2026-09-10 01:57:16.926 UTC postmaster[69699] pg_regress/date STATEMENT:  SELECT date 'Jan-08-99';
2026-09-10 01:57:16.927 UTC postmaster[69699] pg_regress/date ERROR:  invalid input syntax for type date: "99-08-Jan" at character 13
2026-09-10 01:57:16.927 UTC postmaster[69699] pg_regress/date STATEMENT:  SELECT date '99-08-Jan';
2026-09-10 01:57:16.928 UTC postmaster[69699] pg_regress/strings ERROR:  invalid value for parameter "start": 0
2026-09-10 01:57:16.928 UTC postmaster[69699] pg_regress/strings STATEMENT:  SELECT regexp_substr('abcabcabc', 'a.c', 0, 1);
2026-09-10 01:57:16.928 UTC postmaster[69699] pg_regress/strings ERROR:  invalid value for parameter "n": 0
2026-09-10 01:57:16.928 UTC postmaster[69699] pg_regress/strings STATEMENT:  SELECT regexp_substr('abcabcabc', 'a.c', 1, 0);
2026-09-10 01:57:16.928 UTC postmaster[69699] pg_regress/strings ERROR:  regexp_substr() does not support the "global" option
2026-09-10 01:57:16.928 UTC postmaster[69699] pg_regress/strings STATEMENT:  SELECT regexp_substr('abcabcabc', 'a.c', 1, 1, 'g');
2026-09-10 01:57:16.928 UTC postmaster[69699] pg_regress/strings ERROR:  invalid value for parameter "subexpr": -1
2026-09-10 01:57:16.928 UTC postmaster[69699] pg_regress/strings STATEMENT:  SELECT regexp_substr('abcabcabc', 'a.c', 1, 1, '', -1);
2026-09-10 01:57:16.928 UTC postmaster[69699] pg_regress/date ERROR:  invalid input syntax for type date: "1999-08-Jan" at character 13
2026-09-10 01:57:16.928 UTC postmaster[69699] pg_regress/date STATEMENT:  SELECT date '1999-08-Jan';
2026-09-10 01:57:16.928 UTC postmaster[69699] pg_regress/multirangetypes ERROR:  range lower bound must be less than or equal to range upper bound
2026-09-10 01:57:16.928 UTC postmaster[69699] pg_regress/multirangetypes STATEMENT:  select nummultirange(numrange(2.0, 1.0));
2026-09-10 01:57:16.930 UTC postmaster[69699] pg_regress/date ERROR:  date/time field value out of range: "08 Jan 99" at character 13
2026-09-10 01:57:16.930 UTC postmaster[69699] pg_regress/date HINT:  Perhaps you need a different "DateStyle" setting.
2026-09-10 01:57:16.930 UTC postmaster[69699] pg_regress/date STATEMENT:  SELECT date '08 Jan 99';
2026-09-10 01:57:16.930 UTC postmaster[69699] pg_regress/interval ERROR:  invalid input syntax for type interval: "1 2" at character 17
2026-09-10 01:57:16.930 UTC postmaster[69699] pg_regress/interval STATEMENT:  SELECT interval '1 2' day to minute;
2026-09-10 01:57:16.930 UTC postmaster[69699] pg_regress/date ERROR:  date/time field value out of range: "Jan 08 99" at character 13
2026-09-10 01:57:16.930 UTC postmaster[69699] pg_regress/date HINT:  Perhaps you need a different "DateStyle" setting.
2026-09-10 01:57:16.930 UTC postmaster[69699] pg_regress/date STATEMENT:  SELECT date 'Jan 08 99';
2026-09-10 01:57:16.931 UTC postmaster[69699] pg_regress/strings ERROR:  invalid regular expression option: "z"
2026-09-10 01:57:16.931 UTC postmaster[69699] pg_regress/strings STATEMENT:  SELECT regexp_matches('foobarbequebaz', $re$(bar)(beque)$re$, 'gz');
2026-09-10 01:57:16.931 UTC postmaster[69699] pg_regress/strings ERROR:  invalid regular expression: parentheses () not balanced
2026-09-10 01:57:16.931 UTC postmaster[69699] pg_regress/strings STATEMENT:  SELECT regexp_matches('foobarbequebaz', $re$(barbeque$re$);
2026-09-10 01:57:16.931 UTC postmaster[69699] pg_regress/strings ERROR:  invalid regular expression: invalid repetition count(s)
2026-09-10 01:57:16.931 UTC postmaster[69699] pg_regress/strings STATEMENT:  SELECT regexp_matches('foobarbequebaz', $re$(bar)(beque){2,1}$re$);
2026-09-10 01:57:16.931 UTC postmaster[69699] pg_regress/interval ERROR:  invalid input syntax for type interval: "1 2" at character 17
2026-09-10 01:57:16.931 UTC postmaster[69699] pg_regress/interval STATEMENT:  SELECT interval '1 2' day to second;
2026-09-10 01:57:16.932 UTC postmaster[69699] pg_regress/interval ERROR:  invalid input syntax for type interval: "1 2" at character 17
2026-09-10 01:57:16.932 UTC postmaster[69699] pg_regress/interval STATEMENT:  SELECT interval '1 2' hour to minute;
2026-09-10 01:57:16.932 UTC postmaster[69699] pg_regress/date ERROR:  date/time field value out of range: "08-01-99" at character 13
2026-09-10 01:57:16.932 UTC postmaster[69699] pg_regress/date HINT:  Perhaps you need a different "DateStyle" setting.
2026-09-10 01:57:16.932 UTC postmaster[69699] pg_regress/date STATEMENT:  SELECT date '08-01-99';
2026-09-10 01:57:16.933 UTC postmaster[69699] pg_regress/date ERROR:  date/time field value out of range: "08-01-1999" at character 13
2026-09-10 01:57:16.933 UTC postmaster[69699] pg_regress/date HINT:  Perhaps you need a different "DateStyle" setting.
2026-09-10 01:57:16.933 UTC postmaster[69699] pg_regress/date STATEMENT:  SELECT date '08-01-1999';
2026-09-10 01:57:16.933 UTC postmaster[69699] pg_regress/date ERROR:  date/time field value out of range: "01-08-99" at character 13
2026-09-10 01:57:16.933 UTC postmaster[69699] pg_regress/date HINT:  Perhaps you need a different "DateStyle" setting.
2026-09-10 01:57:16.933 UTC postmaster[69699] pg_regress/date STATEMENT:  SELECT date '01-08-99';
2026-09-10 01:57:16.933 UTC postmaster[69699] pg_regress/interval ERROR:  invalid input syntax for type interval: "1 2" at character 17
2026-09-10 01:57:16.933 UTC postmaster[69699] pg_regress/interval STATEMENT:  SELECT interval '1 2' hour to second;
2026-09-10 01:57:16.933 UTC postmaster[69699] pg_regress/date ERROR:  date/time field value out of range: "01-08-1999" at character 13
2026-09-10 01:57:16.933 UTC postmaster[69699] pg_regress/date HINT:  Perhaps you need a different "DateStyle" setting.
2026-09-10 01:57:16.933 UTC postmaster[69699] pg_regress/date STATEMENT:  SELECT date '01-08-1999';
2026-09-10 01:57:16.934 UTC postmaster[69699] pg_regress/interval ERROR:  invalid input syntax for type interval: "1 2" at character 17
2026-09-10 01:57:16.934 UTC postmaster[69699] pg_regress/interval STATEMENT:  SELECT interval '1 2' minute to second;
2026-09-10 01:57:16.934 UTC postmaster[69699] pg_regress/strings ERROR:  invalid regular expression option: "z"
2026-09-10 01:57:16.934 UTC postmaster[69699] pg_regress/strings STATEMENT:  SELECT foo, length(foo) FROM regexp_split_to_table('thE QUick bROWn FOx jUMPs ovEr The lazy dOG', 'e', 'zippy') AS foo;
2026-09-10 01:57:16.934 UTC postmaster[69699] pg_regress/strings ERROR:  invalid regular expression option: "z"
2026-09-10 01:57:16.934 UTC postmaster[69699] pg_regress/strings STATEMENT:  SELECT regexp_split_to_array('thE QUick bROWn FOx jUMPs ovEr The lazy dOG', 'e', 'iz');
2026-09-10 01:57:16.935 UTC postmaster[69699] pg_regress/strings ERROR:  regexp_split_to_table() does not support the "global" option
2026-09-10 01:57:16.935 UTC postmaster[69699] pg_regress/strings STATEMENT:  SELECT foo, length(foo) FROM regexp_split_to_table('thE QUick bROWn FOx jUMPs ovEr The lazy dOG', 'e', 'g') AS foo;
2026-09-10 01:57:16.935 UTC postmaster[69699] pg_regress/strings ERROR:  regexp_split_to_array() does not support the "global" option
2026-09-10 01:57:16.935 UTC postmaster[69699] pg_regress/strings STATEMENT:  SELECT regexp_split_to_array('thE QUick bROWn FOx jUMPs ovEr The lazy dOG', 'e', 'g');
2026-09-10 01:57:16.935 UTC postmaster[69699] pg_regress/date ERROR:  date/time field value out of range: "08 01 99" at character 13
2026-09-10 01:57:16.935 UTC postmaster[69699] pg_regress/date HINT:  Perhaps you need a different "DateStyle" setting.
2026-09-10 01:57:16.935 UTC postmaster[69699] pg_regress/date STATEMENT:  SELECT date '08 01 99';
2026-09-10 01:57:16.936 UTC postmaster[69699] pg_regress/date ERROR:  date/time field value out of range: "08 01 1999" at character 13
2026-09-10 01:57:16.936 UTC postmaster[69699] pg_regress/date HINT:  Perhaps you need a different "DateStyle" setting.
2026-09-10 01:57:16.936 UTC postmaster[69699] pg_regress/date STATEMENT:  SELECT date '08 01 1999';
2026-09-10 01:57:16.936 UTC postmaster[69699] pg_regress/inet ERROR:  result is out of range
2026-09-10 01:57:16.936 UTC postmaster[69699] pg_regress/inet STATEMENT:  SELECT '127.0.0.1'::inet + 10000000000;
2026-09-10 01:57:16.936 UTC postmaster[69699] pg_regress/date ERROR:  date/time field value out of range: "01 08 99" at character 13
2026-09-10 01:57:16.936 UTC postmaster[69699] pg_regress/date HINT:  Perhaps you need a different "DateStyle" setting.
2026-09-10 01:57:16.936 UTC postmaster[69699] pg_regress/date STATEMENT:  SELECT date '01 08 99';
2026-09-10 01:57:16.936 UTC postmaster[69699] pg_regress/inet ERROR:  result is out of range
2026-09-10 01:57:16.936 UTC postmaster[69699] pg_regress/inet STATEMENT:  SELECT '127.0.0.1'::inet - 10000000000;
2026-09-10 01:57:16.936 UTC postmaster[69699] pg_regress/inet ERROR:  result is out of range
2026-09-10 01:57:16.936 UTC postmaster[69699] pg_regress/inet STATEMENT:  SELECT '126::1'::inet - '127::2'::inet;
2026-09-10 01:57:16.936 UTC postmaster[69699] pg_regress/inet ERROR:  result is out of range
2026-09-10 01:57:16.936 UTC postmaster[69699] pg_regress/inet STATEMENT:  SELECT '127::1'::inet - '126::2'::inet;
2026-09-10 01:57:16.936 UTC postmaster[69699] pg_regress/date ERROR:  date/time field value out of range: "01 08 1999" at character 13
2026-09-10 01:57:16.936 UTC postmaster[69699] pg_regress/date HINT:  Perhaps you need a different "DateStyle" setting.
2026-09-10 01:57:16.936 UTC postmaster[69699] pg_regress/date STATEMENT:  SELECT date '01 08 1999';
2026-09-10 01:57:16.937 UTC postmaster[69699] pg_regress/inet ERROR:  cannot merge addresses from different families
2026-09-10 01:57:16.937 UTC postmaster[69699] pg_regress/inet STATEMENT:  SELECT inet_merge(c, i) FROM INET_TBL;
2026-09-10 01:57:16.937 UTC postmaster[69699] pg_regress/interval ERROR:  invalid input syntax for type interval: "123 11" at character 17
2026-09-10 01:57:16.937 UTC postmaster[69699] pg_regress/interval STATEMENT:  SELECT interval '123 11' day;
2026-09-10 01:57:16.937 UTC postmaster[69699] pg_regress/interval ERROR:  invalid input syntax for type interval: "123 11" at character 17
2026-09-10 01:57:16.937 UTC postmaster[69699] pg_regress/interval STATEMENT:  SELECT interval '123 11';
2026-09-10 01:57:16.938 UTC postmaster[69699] pg_regress/interval ERROR:  invalid input syntax for type interval: "123 2:03 -2:04" at character 17
2026-09-10 01:57:16.938 UTC postmaster[69699] pg_regress/interval STATEMENT:  SELECT interval '123 2:03 -2:04';
xtc: backend fiber exiting pid=(loop=5,local=1,gen=2) code=0
2026-09-10 01:57:16.939 UTC postmaster[69699] pg_regress/date ERROR:  date/time field value out of range: "1/18/1999" at character 13
2026-09-10 01:57:16.939 UTC postmaster[69699] pg_regress/date HINT:  Perhaps you need a different "DateStyle" setting.
2026-09-10 01:57:16.939 UTC postmaster[69699] pg_regress/date STATEMENT:  SELECT date '1/18/1999';
2026-09-10 01:57:16.940 UTC postmaster[69699] pg_regress/interval ERROR:  invalid input syntax for type interval: "1 2.345" at character 17
2026-09-10 01:57:16.940 UTC postmaster[69699] pg_regress/interval STATEMENT:  SELECT interval '1 2.345' day to second(2);
xtc: backend fiber exiting pid=(loop=18,local=1,gen=2) code=0
xtc: supervisor observed normal backend fiber DOWN pid=(loop=18,local=1,gen=2)
2026-09-10 01:57:16.941 UTC postmaster[69699] pg_regress/interval ERROR:  invalid input syntax for type interval: "1 2.345" at character 17
2026-09-10 01:57:16.941 UTC postmaster[69699] pg_regress/interval STATEMENT:  SELECT interval '1 2.345' hour to second(2);
2026-09-10 01:57:16.942 UTC postmaster[69699] pg_regress/date ERROR:  date/time field value out of range: "99-Jan-08" at character 13
2026-09-10 01:57:16.942 UTC postmaster[69699] pg_regress/date HINT:  Perhaps you need a different "DateStyle" setting.
2026-09-10 01:57:16.942 UTC postmaster[69699] pg_regress/date STATEMENT:  SELECT date '99-Jan-08';
2026-09-10 01:57:16.942 UTC postmaster[69699] pg_regress/interval ERROR:  invalid input syntax for type interval: "1 2.3456" at character 17
2026-09-10 01:57:16.942 UTC postmaster[69699] pg_regress/interval STATEMENT:  SELECT interval '1 2.3456' minute to second(2);
2026-09-10 01:57:16.944 UTC postmaster[69699] pg_regress/interval ERROR:  interval out of range at character 17
2026-09-10 01:57:16.944 UTC postmaster[69699] pg_regress/interval STATEMENT:  SELECT interval '2562047788:00:54.775807' second(2);
2026-09-10 01:57:16.944 UTC postmaster[69699] pg_regress/interval ERROR:  interval out of range at character 17
2026-09-10 01:57:16.944 UTC postmaster[69699] pg_regress/interval STATEMENT:  SELECT interval '-2562047788:00:54.775807' second(2);
2026-09-10 01:57:16.944 UTC postmaster[69699] pg_regress/date ERROR:  invalid input syntax for type date: "99-08-Jan" at character 13
2026-09-10 01:57:16.944 UTC postmaster[69699] pg_regress/date STATEMENT:  SELECT date '99-08-Jan';
2026-09-10 01:57:16.945 UTC postmaster[69699] pg_regress/date ERROR:  invalid input syntax for type date: "1999-08-Jan" at character 13
2026-09-10 01:57:16.945 UTC postmaster[69699] pg_regress/date STATEMENT:  SELECT date '1999-08-Jan';
2026-09-10 01:57:16.945 UTC postmaster[69699] pg_regress/date ERROR:  date/time field value out of range: "99 Jan 08" at character 13
2026-09-10 01:57:16.945 UTC postmaster[69699] pg_regress/date HINT:  Perhaps you need a different "DateStyle" setting.
2026-09-10 01:57:16.945 UTC postmaster[69699] pg_regress/date STATEMENT:  SELECT date '99 Jan 08';
xtc: supervisor observed normal backend fiber DOWN pid=(loop=5,local=1,gen=2)
2026-09-10 01:57:16.947 UTC postmaster[69699] pg_regress/date ERROR:  invalid input syntax for type date: "99 08 Jan" at character 13
2026-09-10 01:57:16.947 UTC postmaster[69699] pg_regress/date STATEMENT:  SELECT date '99 08 Jan';
2026-09-10 01:57:16.948 UTC postmaster[69699] pg_regress/interval ERROR:  invalid input syntax for type interval: "" at character 18
2026-09-10 01:57:16.948 UTC postmaster[69699] pg_regress/interval STATEMENT:  SELECT  interval '';
2026-09-10 01:57:16.948 UTC postmaster[69699] pg_regress/date ERROR:  date/time field value out of range: "99-01-08" at character 13
2026-09-10 01:57:16.948 UTC postmaster[69699] pg_regress/date HINT:  Perhaps you need a different "DateStyle" setting.
2026-09-10 01:57:16.948 UTC postmaster[69699] pg_regress/date STATEMENT:  SELECT date '99-01-08';
2026-09-10 01:57:16.950 UTC postmaster[69699] pg_regress/date ERROR:  date/time field value out of range: "99-08-01" at character 13
2026-09-10 01:57:16.950 UTC postmaster[69699] pg_regress/date HINT:  Perhaps you need a different "DateStyle" setting.
2026-09-10 01:57:16.950 UTC postmaster[69699] pg_regress/date STATEMENT:  SELECT date '99-08-01';
2026-09-10 01:57:16.951 UTC postmaster[69699] pg_regress/date ERROR:  date/time field value out of range: "99 01 08" at character 13
2026-09-10 01:57:16.951 UTC postmaster[69699] pg_regress/date HINT:  Perhaps you need a different "DateStyle" setting.
2026-09-10 01:57:16.951 UTC postmaster[69699] pg_regress/date STATEMENT:  SELECT date '99 01 08';
2026-09-10 01:57:16.953 UTC postmaster[69699] pg_regress/interval ERROR:  invalid input syntax for type interval: "P.Y0M3DT4H5M6S" at character 17
2026-09-10 01:57:16.953 UTC postmaster[69699] pg_regress/interval STATEMENT:  select interval 'P.Y0M3DT4H5M6S';
2026-09-10 01:57:16.953 UTC postmaster[69699] pg_regress/date ERROR:  date/time field value out of range: "99 08 01" at character 13
2026-09-10 01:57:16.953 UTC postmaster[69699] pg_regress/date HINT:  Perhaps you need a different "DateStyle" setting.
2026-09-10 01:57:16.953 UTC postmaster[69699] pg_regress/date STATEMENT:  SELECT date '99 08 01';
2026-09-10 01:57:16.957 UTC postmaster[69699] pg_regress/date ERROR:  date/time field value out of range: "18/1/1999" at character 13
2026-09-10 01:57:16.957 UTC postmaster[69699] pg_regress/date HINT:  Perhaps you need a different "DateStyle" setting.
2026-09-10 01:57:16.957 UTC postmaster[69699] pg_regress/date STATEMENT:  SELECT date '18/1/1999';
2026-09-10 01:57:16.959 UTC postmaster[69699] pg_regress/date ERROR:  date/time field value out of range: "99-Jan-08" at character 13
2026-09-10 01:57:16.959 UTC postmaster[69699] pg_regress/date HINT:  Perhaps you need a different "DateStyle" setting.
2026-09-10 01:57:16.959 UTC postmaster[69699] pg_regress/date STATEMENT:  SELECT date '99-Jan-08';
2026-09-10 01:57:16.960 UTC postmaster[69699] pg_regress/interval ERROR:  interval field value out of range: "2147483648 years" at character 17
2026-09-10 01:57:16.960 UTC postmaster[69699] pg_regress/interval STATEMENT:  select interval '2147483648 years';
2026-09-10 01:57:16.961 UTC postmaster[69699] pg_regress/interval ERROR:  interval field value out of range: "-2147483649 years" at character 17
2026-09-10 01:57:16.961 UTC postmaster[69699] pg_regress/interval STATEMENT:  select interval '-2147483649 years';
2026-09-10 01:57:16.961 UTC postmaster[69699] pg_regress/interval ERROR:  interval field value out of range: "2147483648 months" at character 17
2026-09-10 01:57:16.961 UTC postmaster[69699] pg_regress/interval STATEMENT:  select interval '2147483648 months';
2026-09-10 01:57:16.961 UTC postmaster[69699] pg_regress/date ERROR:  invalid input syntax for type date: "99-08-Jan" at character 13
2026-09-10 01:57:16.961 UTC postmaster[69699] pg_regress/date STATEMENT:  SELECT date '99-08-Jan';
2026-09-10 01:57:16.961 UTC postmaster[69699] pg_regress/interval ERROR:  interval field value out of range: "-2147483649 months" at character 17
2026-09-10 01:57:16.961 UTC postmaster[69699] pg_regress/interval STATEMENT:  select interval '-2147483649 months';
2026-09-10 01:57:16.961 UTC postmaster[69699] pg_regress/date ERROR:  invalid input syntax for type date: "1999-08-Jan" at character 13
2026-09-10 01:57:16.961 UTC postmaster[69699] pg_regress/date STATEMENT:  SELECT date '1999-08-Jan';
2026-09-10 01:57:16.961 UTC postmaster[69699] pg_regress/interval ERROR:  interval field value out of range: "2147483648 days" at character 17
2026-09-10 01:57:16.961 UTC postmaster[69699] pg_regress/interval STATEMENT:  select interval '2147483648 days';
2026-09-10 01:57:16.962 UTC postmaster[69699] pg_regress/date ERROR:  invalid input syntax for type date: "99 Jan 08" at character 13
2026-09-10 01:57:16.962 UTC postmaster[69699] pg_regress/date STATEMENT:  SELECT date '99 Jan 08';
2026-09-10 01:57:16.962 UTC postmaster[69699] pg_regress/interval ERROR:  interval field value out of range: "-2147483649 days" at character 17
2026-09-10 01:57:16.962 UTC postmaster[69699] pg_regress/interval STATEMENT:  select interval '-2147483649 days';
2026-09-10 01:57:16.962 UTC postmaster[69699] pg_regress/interval ERROR:  interval field value out of range: "2562047789 hours" at character 17
2026-09-10 01:57:16.962 UTC postmaster[69699] pg_regress/interval STATEMENT:  select interval '2562047789 hours';
2026-09-10 01:57:16.962 UTC postmaster[69699] pg_regress/interval ERROR:  interval field value out of range: "-2562047789 hours" at character 17
2026-09-10 01:57:16.962 UTC postmaster[69699] pg_regress/interval STATEMENT:  select interval '-2562047789 hours';
2026-09-10 01:57:16.963 UTC postmaster[69699] pg_regress/interval ERROR:  interval field value out of range: "153722867281 minutes" at character 17
2026-09-10 01:57:16.963 UTC postmaster[69699] pg_regress/interval STATEMENT:  select interval '153722867281 minutes';
2026-09-10 01:57:16.963 UTC postmaster[69699] pg_regress/interval ERROR:  interval field value out of range: "-153722867281 minutes" at character 17
2026-09-10 01:57:16.963 UTC postmaster[69699] pg_regress/interval STATEMENT:  select interval '-153722867281 minutes';
2026-09-10 01:57:16.963 UTC postmaster[69699] pg_regress/interval ERROR:  interval field value out of range: "9223372036855 seconds" at character 17
2026-09-10 01:57:16.963 UTC postmaster[69699] pg_regress/interval STATEMENT:  select interval '9223372036855 seconds';
2026-09-10 01:57:16.963 UTC postmaster[69699] pg_regress/date ERROR:  invalid input syntax for type date: "99 08 Jan" at character 13
2026-09-10 01:57:16.963 UTC postmaster[69699] pg_regress/date STATEMENT:  SELECT date '99 08 Jan';
2026-09-10 01:57:16.964 UTC postmaster[69699] pg_regress/interval ERROR:  interval field value out of range: "-9223372036855 seconds" at character 17
2026-09-10 01:57:16.964 UTC postmaster[69699] pg_regress/interval STATEMENT:  select interval '-9223372036855 seconds';
2026-09-10 01:57:16.964 UTC postmaster[69699] pg_regress/interval ERROR:  interval field value out of range: "9223372036854777 millisecond" at character 17
2026-09-10 01:57:16.964 UTC postmaster[69699] pg_regress/interval STATEMENT:  select interval '9223372036854777 millisecond';
2026-09-10 01:57:16.964 UTC postmaster[69699] pg_regress/date ERROR:  date/time field value out of range: "99-01-08" at character 13
2026-09-10 01:57:16.964 UTC postmaster[69699] pg_regress/date HINT:  Perhaps you need a different "DateStyle" setting.
2026-09-10 01:57:16.964 UTC postmaster[69699] pg_regress/date STATEMENT:  SELECT date '99-01-08';
2026-09-10 01:57:16.964 UTC postmaster[69699] pg_regress/interval ERROR:  interval field value out of range: "-9223372036854777 millisecond" at character 17
2026-09-10 01:57:16.964 UTC postmaster[69699] pg_regress/interval STATEMENT:  select interval '-9223372036854777 millisecond';
2026-09-10 01:57:16.964 UTC postmaster[69699] pg_regress/interval ERROR:  interval field value out of range: "9223372036854775808 microsecond" at character 17
2026-09-10 01:57:16.964 UTC postmaster[69699] pg_regress/interval STATEMENT:  select interval '9223372036854775808 microsecond';
2026-09-10 01:57:16.965 UTC postmaster[69699] pg_regress/interval ERROR:  interval field value out of range: "-9223372036854775809 microsecond" at character 17
2026-09-10 01:57:16.965 UTC postmaster[69699] pg_regress/interval STATEMENT:  select interval '-9223372036854775809 microsecond';
2026-09-10 01:57:16.965 UTC postmaster[69699] pg_regress/interval ERROR:  interval field value out of range: "P2147483648" at character 17
2026-09-10 01:57:16.965 UTC postmaster[69699] pg_regress/interval STATEMENT:  select interval 'P2147483648';
2026-09-10 01:57:16.965 UTC postmaster[69699] pg_regress/interval ERROR:  interval field value out of range: "P-2147483649" at character 17
2026-09-10 01:57:16.965 UTC postmaster[69699] pg_regress/interval STATEMENT:  select interval 'P-2147483649';
2026-09-10 01:57:16.966 UTC postmaster[69699] pg_regress/interval ERROR:  interval out of range at character 17
2026-09-10 01:57:16.966 UTC postmaster[69699] pg_regress/interval STATEMENT:  select interval 'P1-2147483647-2147483647';
2026-09-10 01:57:16.966 UTC postmaster[69699] pg_regress/date ERROR:  date/time field value out of range: "99-08-01" at character 13
2026-09-10 01:57:16.966 UTC postmaster[69699] pg_regress/date HINT:  Perhaps you need a different "DateStyle" setting.
2026-09-10 01:57:16.966 UTC postmaster[69699] pg_regress/date STATEMENT:  SELECT date '99-08-01';
2026-09-10 01:57:16.966 UTC postmaster[69699] pg_regress/interval ERROR:  interval field value out of range: "PT2562047789" at character 17
2026-09-10 01:57:16.966 UTC postmaster[69699] pg_regress/interval STATEMENT:  select interval 'PT2562047789';
2026-09-10 01:57:16.966 UTC postmaster[69699] pg_regress/interval ERROR:  interval field value out of range: "PT-2562047789" at character 17
2026-09-10 01:57:16.966 UTC postmaster[69699] pg_regress/interval STATEMENT:  select interval 'PT-2562047789';
2026-09-10 01:57:16.966 UTC postmaster[69699] pg_regress/date ERROR:  date/time field value out of range: "99 01 08" at character 13
2026-09-10 01:57:16.966 UTC postmaster[69699] pg_regress/date HINT:  Perhaps you need a different "DateStyle" setting.
2026-09-10 01:57:16.966 UTC postmaster[69699] pg_regress/date STATEMENT:  SELECT date '99 01 08';
2026-09-10 01:57:16.967 UTC postmaster[69699] pg_regress/interval ERROR:  interval field value out of range: "2147483647 weeks" at character 17
2026-09-10 01:57:16.967 UTC postmaster[69699] pg_regress/interval STATEMENT:  select interval '2147483647 weeks';
2026-09-10 01:57:16.967 UTC postmaster[69699] pg_regress/interval ERROR:  interval field value out of range: "-2147483648 weeks" at character 17
2026-09-10 01:57:16.967 UTC postmaster[69699] pg_regress/interval STATEMENT:  select interval '-2147483648 weeks';
2026-09-10 01:57:16.967 UTC postmaster[69699] pg_regress/interval ERROR:  interval field value out of range: "2147483647 decades" at character 17
2026-09-10 01:57:16.967 UTC postmaster[69699] pg_regress/interval STATEMENT:  select interval '2147483647 decades';
2026-09-10 01:57:16.967 UTC postmaster[69699] pg_regress/interval ERROR:  interval field value out of range: "-2147483648 decades" at character 17
2026-09-10 01:57:16.967 UTC postmaster[69699] pg_regress/interval STATEMENT:  select interval '-2147483648 decades';
2026-09-10 01:57:16.968 UTC postmaster[69699] pg_regress/interval ERROR:  interval field value out of range: "2147483647 centuries" at character 17
2026-09-10 01:57:16.968 UTC postmaster[69699] pg_regress/interval STATEMENT:  select interval '2147483647 centuries';
2026-09-10 01:57:16.968 UTC postmaster[69699] pg_regress/interval ERROR:  interval field value out of range: "-2147483648 centuries" at character 17
2026-09-10 01:57:16.968 UTC postmaster[69699] pg_regress/interval STATEMENT:  select interval '-2147483648 centuries';
2026-09-10 01:57:16.968 UTC postmaster[69699] pg_regress/date ERROR:  date/time field value out of range: "99 08 01" at character 13
2026-09-10 01:57:16.968 UTC postmaster[69699] pg_regress/date HINT:  Perhaps you need a different "DateStyle" setting.
2026-09-10 01:57:16.968 UTC postmaster[69699] pg_regress/date STATEMENT:  SELECT date '99 08 01';
2026-09-10 01:57:16.968 UTC postmaster[69699] pg_regress/interval ERROR:  interval field value out of range: "2147483647 millennium" at character 17
2026-09-10 01:57:16.968 UTC postmaster[69699] pg_regress/interval STATEMENT:  select interval '2147483647 millennium';
2026-09-10 01:57:16.969 UTC postmaster[69699] pg_regress/interval ERROR:  interval field value out of range: "-2147483648 millennium" at character 17
2026-09-10 01:57:16.969 UTC postmaster[69699] pg_regress/interval STATEMENT:  select interval '-2147483648 millennium';
2026-09-10 01:57:16.969 UTC postmaster[69699] pg_regress/interval ERROR:  interval field value out of range: "1 week 2147483647 days" at character 17
2026-09-10 01:57:16.969 UTC postmaster[69699] pg_regress/interval STATEMENT:  select interval '1 week 2147483647 days';
2026-09-10 01:57:16.969 UTC postmaster[69699] pg_regress/date ERROR:  date out of range: "4714-11-23 BC" at character 13
2026-09-10 01:57:16.969 UTC postmaster[69699] pg_regress/date STATEMENT:  SELECT date '4714-11-23 BC';
2026-09-10 01:57:16.969 UTC postmaster[69699] pg_regress/interval ERROR:  interval field value out of range: "-1 week -2147483648 days" at character 17
2026-09-10 01:57:16.969 UTC postmaster[69699] pg_regress/interval STATEMENT:  select interval '-1 week -2147483648 days';
2026-09-10 01:57:16.969 UTC postmaster[69699] pg_regress/interval ERROR:  interval field value out of range: "2147483647 days 1 week" at character 17
2026-09-10 01:57:16.969 UTC postmaster[69699] pg_regress/interval STATEMENT:  select interval '2147483647 days 1 week';
2026-09-10 01:57:16.970 UTC postmaster[69699] pg_regress/date ERROR:  date out of range: "5874898-01-01" at character 13
2026-09-10 01:57:16.970 UTC postmaster[69699] pg_regress/date STATEMENT:  SELECT date '5874898-01-01';
2026-09-10 01:57:16.970 UTC postmaster[69699] pg_regress/interval ERROR:  interval field value out of range: "-2147483648 days -1 week" at character 17
2026-09-10 01:57:16.970 UTC postmaster[69699] pg_regress/interval STATEMENT:  select interval '-2147483648 days -1 week';
2026-09-10 01:57:16.970 UTC postmaster[69699] pg_regress/interval ERROR:  interval field value out of range: "P1W2147483647D" at character 17
2026-09-10 01:57:16.970 UTC postmaster[69699] pg_regress/interval STATEMENT:  select interval 'P1W2147483647D';
2026-09-10 01:57:16.971 UTC postmaster[69699] pg_regress/interval ERROR:  interval field value out of range: "P-1W-2147483648D" at character 17
2026-09-10 01:57:16.971 UTC postmaster[69699] pg_regress/interval STATEMENT:  select interval 'P-1W-2147483648D';
2026-09-10 01:57:16.971 UTC postmaster[69699] pg_regress/interval ERROR:  interval field value out of range: "P2147483647D1W" at character 17
2026-09-10 01:57:16.971 UTC postmaster[69699] pg_regress/interval STATEMENT:  select interval 'P2147483647D1W';
2026-09-10 01:57:16.971 UTC postmaster[69699] pg_regress/interval ERROR:  interval field value out of range: "P-2147483648D-1W" at character 17
2026-09-10 01:57:16.971 UTC postmaster[69699] pg_regress/interval STATEMENT:  select interval 'P-2147483648D-1W';
2026-09-10 01:57:16.971 UTC postmaster[69699] pg_regress/strings ERROR:  negative substring length not allowed
2026-09-10 01:57:16.971 UTC postmaster[69699] pg_regress/strings STATEMENT:  SELECT substr(f1, 5, -1) from toasttest;
2026-09-10 01:57:16.972 UTC postmaster[69699] pg_regress/interval ERROR:  interval field value out of range: "1 decade 2147483647 years" at character 17
2026-09-10 01:57:16.972 UTC postmaster[69699] pg_regress/interval STATEMENT:  select interval '1 decade 2147483647 years';
2026-09-10 01:57:16.972 UTC postmaster[69699] pg_regress/interval ERROR:  interval field value out of range: "1 century 2147483647 years" at character 17
2026-09-10 01:57:16.972 UTC postmaster[69699] pg_regress/interval STATEMENT:  select interval '1 century 2147483647 years';
2026-09-10 01:57:16.973 UTC postmaster[69699] pg_regress/interval ERROR:  interval field value out of range: "1 millennium 2147483647 years" at character 17
2026-09-10 01:57:16.973 UTC postmaster[69699] pg_regress/interval STATEMENT:  select interval '1 millennium 2147483647 years';
2026-09-10 01:57:16.973 UTC postmaster[69699] pg_regress/interval ERROR:  interval field value out of range: "-1 decade -2147483648 years" at character 17
2026-09-10 01:57:16.973 UTC postmaster[69699] pg_regress/interval STATEMENT:  select interval '-1 decade -2147483648 years';
2026-09-10 01:57:16.973 UTC postmaster[69699] pg_regress/interval ERROR:  interval field value out of range: "-1 century -2147483648 years" at character 17
2026-09-10 01:57:16.973 UTC postmaster[69699] pg_regress/interval STATEMENT:  select interval '-1 century -2147483648 years';
2026-09-10 01:57:16.974 UTC postmaster[69699] pg_regress/interval ERROR:  interval field value out of range: "-1 millennium -2147483648 years" at character 17
2026-09-10 01:57:16.974 UTC postmaster[69699] pg_regress/interval STATEMENT:  select interval '-1 millennium -2147483648 years';
2026-09-10 01:57:16.974 UTC postmaster[69699] pg_regress/interval ERROR:  interval field value out of range: "2147483647 years 1 decade" at character 17
2026-09-10 01:57:16.974 UTC postmaster[69699] pg_regress/interval STATEMENT:  select interval '2147483647 years 1 decade';
2026-09-10 01:57:16.974 UTC postmaster[69699] pg_regress/interval ERROR:  interval field value out of range: "2147483647 years 1 century" at character 17
2026-09-10 01:57:16.974 UTC postmaster[69699] pg_regress/interval STATEMENT:  select interval '2147483647 years 1 century';
2026-09-10 01:57:16.975 UTC postmaster[69699] pg_regress/interval ERROR:  interval field value out of range: "2147483647 years 1 millennium" at character 17
2026-09-10 01:57:16.975 UTC postmaster[69699] pg_regress/interval STATEMENT:  select interval '2147483647 years 1 millennium';
2026-09-10 01:57:16.975 UTC postmaster[69699] pg_regress/interval ERROR:  interval field value out of range: "-2147483648 years -1 decade" at character 17
2026-09-10 01:57:16.975 UTC postmaster[69699] pg_regress/interval STATEMENT:  select interval '-2147483648 years -1 decade';
2026-09-10 01:57:16.976 UTC postmaster[69699] pg_regress/interval ERROR:  interval field value out of range: "-2147483648 years -1 century" at character 17
2026-09-10 01:57:16.976 UTC postmaster[69699] pg_regress/interval STATEMENT:  select interval '-2147483648 years -1 century';
2026-09-10 01:57:16.976 UTC postmaster[69699] pg_regress/interval ERROR:  interval field value out of range: "-2147483648 years -1 millennium" at character 17
2026-09-10 01:57:16.976 UTC postmaster[69699] pg_regress/interval STATEMENT:  select interval '-2147483648 years -1 millennium';
2026-09-10 01:57:16.977 UTC postmaster[69699] pg_regress/interval ERROR:  interval field value out of range: "0.1 millennium 2147483647 months" at character 17
2026-09-10 01:57:16.977 UTC postmaster[69699] pg_regress/interval STATEMENT:  select interval '0.1 millennium 2147483647 months';
2026-09-10 01:57:16.977 UTC postmaster[69699] pg_regress/interval ERROR:  interval field value out of range: "0.1 centuries 2147483647 months" at character 17
2026-09-10 01:57:16.977 UTC postmaster[69699] pg_regress/interval STATEMENT:  select interval '0.1 centuries 2147483647 months';
2026-09-10 01:57:16.977 UTC postmaster[69699] pg_regress/interval ERROR:  interval field value out of range: "0.1 decades 2147483647 months" at character 17
2026-09-10 01:57:16.977 UTC postmaster[69699] pg_regress/interval STATEMENT:  select interval '0.1 decades 2147483647 months';
2026-09-10 01:57:16.978 UTC postmaster[69699] pg_regress/interval ERROR:  interval field value out of range: "0.1 yrs 2147483647 months" at character 17
2026-09-10 01:57:16.978 UTC postmaster[69699] pg_regress/interval STATEMENT:  select interval '0.1 yrs 2147483647 months';
2026-09-10 01:57:16.978 UTC postmaster[69699] pg_regress/interval ERROR:  interval field value out of range: "-0.1 millennium -2147483648 months" at character 17
2026-09-10 01:57:16.978 UTC postmaster[69699] pg_regress/interval STATEMENT:  select interval '-0.1 millennium -2147483648 months';
2026-09-10 01:57:16.978 UTC postmaster[69699] pg_regress/interval ERROR:  interval field value out of range: "-0.1 centuries -2147483648 months" at character 17
2026-09-10 01:57:16.978 UTC postmaster[69699] pg_regress/interval STATEMENT:  select interval '-0.1 centuries -2147483648 months';
2026-09-10 01:57:16.979 UTC postmaster[69699] pg_regress/interval ERROR:  interval field value out of range: "-0.1 decades -2147483648 months" at character 17
2026-09-10 01:57:16.979 UTC postmaster[69699] pg_regress/interval STATEMENT:  select interval '-0.1 decades -2147483648 months';
2026-09-10 01:57:16.979 UTC postmaster[69699] pg_regress/interval ERROR:  interval field value out of range: "-0.1 yrs -2147483648 months" at character 17
2026-09-10 01:57:16.979 UTC postmaster[69699] pg_regress/interval STATEMENT:  select interval '-0.1 yrs -2147483648 months';
2026-09-10 01:57:16.979 UTC postmaster[69699] pg_regress/interval ERROR:  interval field value out of range: "2147483647 months 0.1 millennium" at character 17
2026-09-10 01:57:16.979 UTC postmaster[69699] pg_regress/interval STATEMENT:  select interval '2147483647 months 0.1 millennium';
2026-09-10 01:57:16.980 UTC postmaster[69699] pg_regress/interval ERROR:  interval field value out of range: "2147483647 months 0.1 centuries" at character 17
2026-09-10 01:57:16.980 UTC postmaster[69699] pg_regress/interval STATEMENT:  select interval '2147483647 months 0.1 centuries';
2026-09-10 01:57:16.981 UTC postmaster[69699] pg_regress/interval ERROR:  interval field value out of range: "2147483647 months 0.1 decades" at character 17
2026-09-10 01:57:16.981 UTC postmaster[69699] pg_regress/interval STATEMENT:  select interval '2147483647 months 0.1 decades';
2026-09-10 01:57:16.981 UTC postmaster[69699] pg_regress/interval ERROR:  interval field value out of range: "2147483647 months 0.1 yrs" at character 17
2026-09-10 01:57:16.981 UTC postmaster[69699] pg_regress/interval STATEMENT:  select interval '2147483647 months 0.1 yrs';
2026-09-10 01:57:16.982 UTC postmaster[69699] pg_regress/interval ERROR:  interval field value out of range: "-2147483648 months -0.1 millennium" at character 17
2026-09-10 01:57:16.982 UTC postmaster[69699] pg_regress/interval STATEMENT:  select interval '-2147483648 months -0.1 millennium';
2026-09-10 01:57:16.982 UTC postmaster[69699] pg_regress/interval ERROR:  interval field value out of range: "-2147483648 months -0.1 centuries" at character 17
2026-09-10 01:57:16.982 UTC postmaster[69699] pg_regress/interval STATEMENT:  select interval '-2147483648 months -0.1 centuries';
2026-09-10 01:57:16.982 UTC postmaster[69699] pg_regress/interval ERROR:  interval field value out of range: "-2147483648 months -0.1 decades" at character 17
2026-09-10 01:57:16.982 UTC postmaster[69699] pg_regress/interval STATEMENT:  select interval '-2147483648 months -0.1 decades';
2026-09-10 01:57:16.983 UTC postmaster[69699] pg_regress/interval ERROR:  interval field value out of range: "-2147483648 months -0.1 yrs" at character 17
2026-09-10 01:57:16.983 UTC postmaster[69699] pg_regress/interval STATEMENT:  select interval '-2147483648 months -0.1 yrs';
2026-09-10 01:57:16.983 UTC postmaster[69699] pg_regress/interval ERROR:  interval field value out of range: "0.1 months 2147483647 days" at character 17
2026-09-10 01:57:16.983 UTC postmaster[69699] pg_regress/interval STATEMENT:  select interval '0.1 months 2147483647 days';
2026-09-10 01:57:16.983 UTC postmaster[69699] pg_regress/interval ERROR:  interval field value out of range: "-0.1 months -2147483648 days" at character 17
2026-09-10 01:57:16.983 UTC postmaster[69699] pg_regress/interval STATEMENT:  select interval '-0.1 months -2147483648 days';
2026-09-10 01:57:16.984 UTC postmaster[69699] pg_regress/interval ERROR:  interval field value out of range: "2147483647 days 0.1 months" at character 17
2026-09-10 01:57:16.984 UTC postmaster[69699] pg_regress/interval STATEMENT:  select interval '2147483647 days 0.1 months';
2026-09-10 01:57:16.984 UTC postmaster[69699] pg_regress/interval ERROR:  interval field value out of range: "-2147483648 days -0.1 months" at character 17
2026-09-10 01:57:16.984 UTC postmaster[69699] pg_regress/interval STATEMENT:  select interval '-2147483648 days -0.1 months';
2026-09-10 01:57:16.984 UTC postmaster[69699] pg_regress/interval ERROR:  interval field value out of range: "0.5 weeks 2147483647 days" at character 17
2026-09-10 01:57:16.984 UTC postmaster[69699] pg_regress/interval STATEMENT:  select interval '0.5 weeks 2147483647 days';
2026-09-10 01:57:16.985 UTC postmaster[69699] pg_regress/interval ERROR:  interval field value out of range: "-0.5 weeks -2147483648 days" at character 17
2026-09-10 01:57:16.985 UTC postmaster[69699] pg_regress/interval STATEMENT:  select interval '-0.5 weeks -2147483648 days';
2026-09-10 01:57:16.985 UTC postmaster[69699] pg_regress/interval ERROR:  interval field value out of range: "2147483647 days 0.5 weeks" at character 17
2026-09-10 01:57:16.985 UTC postmaster[69699] pg_regress/interval STATEMENT:  select interval '2147483647 days 0.5 weeks';
2026-09-10 01:57:16.985 UTC postmaster[69699] pg_regress/interval ERROR:  interval field value out of range: "-2147483648 days -0.5 weeks" at character 17
2026-09-10 01:57:16.985 UTC postmaster[69699] pg_regress/interval STATEMENT:  select interval '-2147483648 days -0.5 weeks';
2026-09-10 01:57:16.986 UTC postmaster[69699] pg_regress/interval ERROR:  interval field value out of range: "0.01 months 9223372036854775807 microseconds" at character 17
2026-09-10 01:57:16.986 UTC postmaster[69699] pg_regress/interval STATEMENT:  select interval '0.01 months 9223372036854775807 microseconds';
2026-09-10 01:57:16.986 UTC postmaster[69699] pg_regress/date ERROR:  unit "microseconds" not supported for type date
2026-09-10 01:57:16.986 UTC postmaster[69699] pg_regress/date STATEMENT:  SELECT EXTRACT(MICROSECONDS  FROM DATE '2020-08-11');
2026-09-10 01:57:16.986 UTC postmaster[69699] pg_regress/interval ERROR:  interval field value out of range: "-0.01 months -9223372036854775808 microseconds" at character 17
2026-09-10 01:57:16.986 UTC postmaster[69699] pg_regress/interval STATEMENT:  select interval '-0.01 months -9223372036854775808 microseconds';
2026-09-10 01:57:16.986 UTC postmaster[69699] pg_regress/date ERROR:  unit "milliseconds" not supported for type date
2026-09-10 01:57:16.986 UTC postmaster[69699] pg_regress/date STATEMENT:  SELECT EXTRACT(MILLISECONDS  FROM DATE '2020-08-11');
2026-09-10 01:57:16.986 UTC postmaster[69699] pg_regress/interval ERROR:  interval field value out of range: "9223372036854775807 microseconds 0.01 months" at character 17
2026-09-10 01:57:16.986 UTC postmaster[69699] pg_regress/interval STATEMENT:  select interval '9223372036854775807 microseconds 0.01 months';
2026-09-10 01:57:16.986 UTC postmaster[69699] pg_regress/date ERROR:  unit "second" not supported for type date
2026-09-10 01:57:16.986 UTC postmaster[69699] pg_regress/date STATEMENT:  SELECT EXTRACT(SECOND        FROM DATE '2020-08-11');
2026-09-10 01:57:16.987 UTC postmaster[69699] pg_regress/interval ERROR:  interval field value out of range: "-9223372036854775808 microseconds -0.01 months" at character 17
2026-09-10 01:57:16.987 UTC postmaster[69699] pg_regress/interval STATEMENT:  select interval '-9223372036854775808 microseconds -0.01 months';
2026-09-10 01:57:16.987 UTC postmaster[69699] pg_regress/date ERROR:  unit "minute" not supported for type date
2026-09-10 01:57:16.987 UTC postmaster[69699] pg_regress/date STATEMENT:  SELECT EXTRACT(MINUTE        FROM DATE '2020-08-11');
2026-09-10 01:57:16.987 UTC postmaster[69699] pg_regress/interval ERROR:  interval field value out of range: "0.1 weeks 9223372036854775807 microseconds" at character 17
2026-09-10 01:57:16.987 UTC postmaster[69699] pg_regress/interval STATEMENT:  select interval '0.1 weeks 9223372036854775807 microseconds';
2026-09-10 01:57:16.987 UTC postmaster[69699] pg_regress/date ERROR:  unit "hour" not supported for type date
2026-09-10 01:57:16.987 UTC postmaster[69699] pg_regress/date STATEMENT:  SELECT EXTRACT(HOUR          FROM DATE '2020-08-11');
2026-09-10 01:57:16.987 UTC postmaster[69699] pg_regress/interval ERROR:  interval field value out of range: "-0.1 weeks -9223372036854775808 microseconds" at character 17
2026-09-10 01:57:16.987 UTC postmaster[69699] pg_regress/interval STATEMENT:  select interval '-0.1 weeks -9223372036854775808 microseconds';
2026-09-10 01:57:16.988 UTC postmaster[69699] pg_regress/interval ERROR:  interval field value out of range: "9223372036854775807 microseconds 0.1 weeks" at character 17
2026-09-10 01:57:16.988 UTC postmaster[69699] pg_regress/interval STATEMENT:  select interval '9223372036854775807 microseconds 0.1 weeks';
2026-09-10 01:57:16.988 UTC postmaster[69699] pg_regress/interval ERROR:  interval field value out of range: "-9223372036854775808 microseconds -0.1 weeks" at character 17
2026-09-10 01:57:16.988 UTC postmaster[69699] pg_regress/interval STATEMENT:  select interval '-9223372036854775808 microseconds -0.1 weeks';
2026-09-10 01:57:16.988 UTC postmaster[69699] pg_regress/interval ERROR:  interval field value out of range: "0.1 days 9223372036854775807 microseconds" at character 17
2026-09-10 01:57:16.988 UTC postmaster[69699] pg_regress/interval STATEMENT:  select interval '0.1 days 9223372036854775807 microseconds';
2026-09-10 01:57:16.989 UTC postmaster[69699] pg_regress/interval ERROR:  interval field value out of range: "-0.1 days -9223372036854775808 microseconds" at character 17
2026-09-10 01:57:16.989 UTC postmaster[69699] pg_regress/interval STATEMENT:  select interval '-0.1 days -9223372036854775808 microseconds';
2026-09-10 01:57:16.989 UTC postmaster[69699] pg_regress/interval ERROR:  interval field value out of range: "9223372036854775807 microseconds 0.1 days" at character 17
2026-09-10 01:57:16.989 UTC postmaster[69699] pg_regress/interval STATEMENT:  select interval '9223372036854775807 microseconds 0.1 days';
2026-09-10 01:57:16.989 UTC postmaster[69699] pg_regress/interval ERROR:  interval field value out of range: "-9223372036854775808 microseconds -0.1 days" at character 17
2026-09-10 01:57:16.989 UTC postmaster[69699] pg_regress/interval STATEMENT:  select interval '-9223372036854775808 microseconds -0.1 days';
2026-09-10 01:57:16.990 UTC postmaster[69699] pg_regress/interval ERROR:  interval field value out of range: "P0.1Y2147483647M" at character 17
2026-09-10 01:57:16.990 UTC postmaster[69699] pg_regress/interval STATEMENT:  select interval 'P0.1Y2147483647M';
2026-09-10 01:57:16.990 UTC postmaster[69699] pg_regress/interval ERROR:  interval field value out of range: "P-0.1Y-2147483648M" at character 17
2026-09-10 01:57:16.990 UTC postmaster[69699] pg_regress/interval STATEMENT:  select interval 'P-0.1Y-2147483648M';
2026-09-10 01:57:16.990 UTC postmaster[69699] pg_regress/interval ERROR:  interval field value out of range: "P2147483647M0.1Y" at character 17
2026-09-10 01:57:16.990 UTC postmaster[69699] pg_regress/interval STATEMENT:  select interval 'P2147483647M0.1Y';
2026-09-10 01:57:16.991 UTC postmaster[69699] pg_regress/interval ERROR:  interval field value out of range: "P-2147483648M-0.1Y" at character 17
2026-09-10 01:57:16.991 UTC postmaster[69699] pg_regress/interval STATEMENT:  select interval 'P-2147483648M-0.1Y';
2026-09-10 01:57:16.991 UTC postmaster[69699] pg_regress/interval ERROR:  interval field value out of range: "P0.1M2147483647D" at character 17
2026-09-10 01:57:16.991 UTC postmaster[69699] pg_regress/interval STATEMENT:  select interval 'P0.1M2147483647D';
2026-09-10 01:57:16.991 UTC postmaster[69699] pg_regress/interval ERROR:  interval field value out of range: "P-0.1M-2147483648D" at character 17
2026-09-10 01:57:16.991 UTC postmaster[69699] pg_regress/interval STATEMENT:  select interval 'P-0.1M-2147483648D';
2026-09-10 01:57:16.992 UTC postmaster[69699] pg_regress/interval ERROR:  interval field value out of range: "P2147483647D0.1M" at character 17
2026-09-10 01:57:16.992 UTC postmaster[69699] pg_regress/interval STATEMENT:  select interval 'P2147483647D0.1M';
2026-09-10 01:57:16.992 UTC postmaster[69699] pg_regress/interval ERROR:  interval field value out of range: "P-2147483648D-0.1M" at character 17
2026-09-10 01:57:16.992 UTC postmaster[69699] pg_regress/interval STATEMENT:  select interval 'P-2147483648D-0.1M';
2026-09-10 01:57:16.992 UTC postmaster[69699] pg_regress/interval ERROR:  interval field value out of range: "P0.5W2147483647D" at character 17
2026-09-10 01:57:16.992 UTC postmaster[69699] pg_regress/interval STATEMENT:  select interval 'P0.5W2147483647D';
2026-09-10 01:57:16.993 UTC postmaster[69699] pg_regress/interval ERROR:  interval field value out of range: "P-0.5W-2147483648D" at character 17
2026-09-10 01:57:16.993 UTC postmaster[69699] pg_regress/interval STATEMENT:  select interval 'P-0.5W-2147483648D';
2026-09-10 01:57:16.993 UTC postmaster[69699] pg_regress/date ERROR:  unit "timezone" not supported for type date
2026-09-10 01:57:16.993 UTC postmaster[69699] pg_regress/date STATEMENT:  SELECT EXTRACT(TIMEZONE      FROM DATE '2020-08-11');
2026-09-10 01:57:16.993 UTC postmaster[69699] pg_regress/interval ERROR:  interval field value out of range: "P2147483647D0.5W" at character 17
2026-09-10 01:57:16.993 UTC postmaster[69699] pg_regress/interval STATEMENT:  select interval 'P2147483647D0.5W';
2026-09-10 01:57:16.993 UTC postmaster[69699] pg_regress/date ERROR:  unit "timezone_m" not supported for type date
2026-09-10 01:57:16.993 UTC postmaster[69699] pg_regress/date STATEMENT:  SELECT EXTRACT(TIMEZONE_M    FROM DATE '2020-08-11');
2026-09-10 01:57:16.993 UTC postmaster[69699] pg_regress/interval ERROR:  interval field value out of range: "P-2147483648D-0.5W" at character 17
2026-09-10 01:57:16.993 UTC postmaster[69699] pg_regress/interval STATEMENT:  select interval 'P-2147483648D-0.5W';
2026-09-10 01:57:16.993 UTC postmaster[69699] pg_regress/date ERROR:  unit "timezone_h" not supported for type date
2026-09-10 01:57:16.993 UTC postmaster[69699] pg_regress/date STATEMENT:  SELECT EXTRACT(TIMEZONE_H    FROM DATE '2020-08-11');
2026-09-10 01:57:16.993 UTC postmaster[69699] pg_regress/interval ERROR:  interval field value out of range: "P0.01MT2562047788H54.775807S" at character 17
2026-09-10 01:57:16.993 UTC postmaster[69699] pg_regress/interval STATEMENT:  select interval 'P0.01MT2562047788H54.775807S';
2026-09-10 01:57:16.994 UTC postmaster[69699] pg_regress/interval ERROR:  interval field value out of range: "P-0.01MT-2562047788H-54.775808S" at character 17
2026-09-10 01:57:16.994 UTC postmaster[69699] pg_regress/interval STATEMENT:  select interval 'P-0.01MT-2562047788H-54.775808S';
2026-09-10 01:57:16.994 UTC postmaster[69699] pg_regress/interval ERROR:  interval field value out of range: "P0.1DT2562047788H54.775807S" at character 17
2026-09-10 01:57:16.994 UTC postmaster[69699] pg_regress/interval STATEMENT:  select interval 'P0.1DT2562047788H54.775807S';
2026-09-10 01:57:16.995 UTC postmaster[69699] pg_regress/interval ERROR:  interval field value out of range: "P-0.1DT-2562047788H-54.775808S" at character 17
2026-09-10 01:57:16.995 UTC postmaster[69699] pg_regress/interval STATEMENT:  select interval 'P-0.1DT-2562047788H-54.775808S';
2026-09-10 01:57:16.995 UTC postmaster[69699] pg_regress/interval ERROR:  interval field value out of range: "PT2562047788.1H54.775807S" at character 17
2026-09-10 01:57:16.995 UTC postmaster[69699] pg_regress/interval STATEMENT:  select interval 'PT2562047788.1H54.775807S';
2026-09-10 01:57:16.995 UTC postmaster[69699] pg_regress/interval ERROR:  interval field value out of range: "PT-2562047788.1H-54.775808S" at character 17
2026-09-10 01:57:16.995 UTC postmaster[69699] pg_regress/interval STATEMENT:  select interval 'PT-2562047788.1H-54.775808S';
2026-09-10 01:57:16.996 UTC postmaster[69699] pg_regress/interval ERROR:  interval field value out of range: "PT2562047788H0.1M54.775807S" at character 17
2026-09-10 01:57:16.996 UTC postmaster[69699] pg_regress/interval STATEMENT:  select interval 'PT2562047788H0.1M54.775807S';
2026-09-10 01:57:16.996 UTC postmaster[69699] pg_regress/interval ERROR:  interval field value out of range: "PT-2562047788H-0.1M-54.775808S" at character 17
2026-09-10 01:57:16.996 UTC postmaster[69699] pg_regress/interval STATEMENT:  select interval 'PT-2562047788H-0.1M-54.775808S';
2026-09-10 01:57:16.996 UTC postmaster[69699] pg_regress/interval ERROR:  interval field value out of range: "P0.1-2147483647-00" at character 17
2026-09-10 01:57:16.996 UTC postmaster[69699] pg_regress/interval STATEMENT:  select interval 'P0.1-2147483647-00';
2026-09-10 01:57:16.997 UTC postmaster[69699] pg_regress/interval ERROR:  interval field value out of range: "P00-0.1-2147483647" at character 17
2026-09-10 01:57:16.997 UTC postmaster[69699] pg_regress/interval STATEMENT:  select interval 'P00-0.1-2147483647';
2026-09-10 01:57:16.997 UTC postmaster[69699] pg_regress/interval ERROR:  interval field value out of range: "P00-0.01-00T2562047788:00:54.775807" at character 17
2026-09-10 01:57:16.997 UTC postmaster[69699] pg_regress/interval STATEMENT:  select interval 'P00-0.01-00T2562047788:00:54.775807';
2026-09-10 01:57:16.997 UTC postmaster[69699] pg_regress/interval ERROR:  interval field value out of range: "P00-00-0.1T2562047788:00:54.775807" at character 17
2026-09-10 01:57:16.997 UTC postmaster[69699] pg_regress/interval STATEMENT:  select interval 'P00-00-0.1T2562047788:00:54.775807';
2026-09-10 01:57:16.998 UTC postmaster[69699] pg_regress/interval ERROR:  interval field value out of range: "PT2562047788.1:00:54.775807" at character 17
2026-09-10 01:57:16.998 UTC postmaster[69699] pg_regress/interval STATEMENT:  select interval 'PT2562047788.1:00:54.775807';
2026-09-10 01:57:16.998 UTC postmaster[69699] pg_regress/interval ERROR:  interval field value out of range: "PT2562047788:01.:54.775807" at character 17
2026-09-10 01:57:16.998 UTC postmaster[69699] pg_regress/interval STATEMENT:  select interval 'PT2562047788:01.:54.775807';
2026-09-10 01:57:16.998 UTC postmaster[69699] pg_regress/interval ERROR:  interval field value out of range: "0.1 2562047788:0:54.775807" at character 17
2026-09-10 01:57:16.998 UTC postmaster[69699] pg_regress/interval STATEMENT:  select interval '0.1 2562047788:0:54.775807';
2026-09-10 01:57:16.999 UTC postmaster[69699] pg_regress/interval ERROR:  interval field value out of range: "0.1 2562047788:0:54.775808 ago" at character 17
2026-09-10 01:57:16.999 UTC postmaster[69699] pg_regress/interval STATEMENT:  select interval '0.1 2562047788:0:54.775808 ago';
2026-09-10 01:57:16.999 UTC postmaster[69699] pg_regress/interval ERROR:  interval field value out of range: "2562047788.1:0:54.775807" at character 17
2026-09-10 01:57:16.999 UTC postmaster[69699] pg_regress/interval STATEMENT:  select interval '2562047788.1:0:54.775807';
2026-09-10 01:57:16.999 UTC postmaster[69699] pg_regress/interval ERROR:  interval field value out of range: "2562047788.1:0:54.775808 ago" at character 17
2026-09-10 01:57:16.999 UTC postmaster[69699] pg_regress/interval STATEMENT:  select interval '2562047788.1:0:54.775808 ago';
2026-09-10 01:57:17.000 UTC postmaster[69699] pg_regress/interval ERROR:  invalid input syntax for type interval: "2562047788:0.1:54.775807" at character 17
2026-09-10 01:57:17.000 UTC postmaster[69699] pg_regress/interval STATEMENT:  select interval '2562047788:0.1:54.775807';
2026-09-10 01:57:17.000 UTC postmaster[69699] pg_regress/interval ERROR:  invalid input syntax for type interval: "2562047788:0.1:54.775808 ago" at character 17
2026-09-10 01:57:17.000 UTC postmaster[69699] pg_regress/interval STATEMENT:  select interval '2562047788:0.1:54.775808 ago';
2026-09-10 01:57:17.000 UTC postmaster[69699] pg_regress/interval ERROR:  interval field value out of range: "-2147483648 months ago" at character 17
2026-09-10 01:57:17.000 UTC postmaster[69699] pg_regress/interval STATEMENT:  select interval '-2147483648 months ago';
2026-09-10 01:57:17.001 UTC postmaster[69699] pg_regress/interval ERROR:  interval field value out of range: "-2147483648 days ago" at character 17
2026-09-10 01:57:17.001 UTC postmaster[69699] pg_regress/interval STATEMENT:  select interval '-2147483648 days ago';
2026-09-10 01:57:17.001 UTC postmaster[69699] pg_regress/interval ERROR:  interval field value out of range: "-9223372036854775808 microseconds ago" at character 17
2026-09-10 01:57:17.001 UTC postmaster[69699] pg_regress/interval STATEMENT:  select interval '-9223372036854775808 microseconds ago';
2026-09-10 01:57:17.001 UTC postmaster[69699] pg_regress/interval ERROR:  interval field value out of range: "-2147483648 months -2147483648 days -9223372036854775808 microseconds ago" at character 17
2026-09-10 01:57:17.001 UTC postmaster[69699] pg_regress/interval STATEMENT:  select interval '-2147483648 months -2147483648 days -9223372036854775808 microseconds ago';
2026-09-10 01:57:17.002 UTC postmaster[69699] pg_regress/interval ERROR:  interval out of range
2026-09-10 01:57:17.002 UTC postmaster[69699] pg_regress/interval STATEMENT:  select make_interval(years := 178956971);
2026-09-10 01:57:17.002 UTC postmaster[69699] pg_regress/interval ERROR:  interval out of range
2026-09-10 01:57:17.002 UTC postmaster[69699] pg_regress/interval STATEMENT:  select make_interval(years := -178956971);
2026-09-10 01:57:17.003 UTC postmaster[69699] pg_regress/interval ERROR:  interval out of range
2026-09-10 01:57:17.003 UTC postmaster[69699] pg_regress/interval STATEMENT:  select make_interval(years := 1, months := 2147483647);
2026-09-10 01:57:17.003 UTC postmaster[69699] pg_regress/strings ERROR:  negative substring length not allowed
2026-09-10 01:57:17.003 UTC postmaster[69699] pg_regress/strings STATEMENT:  SELECT substr(f1, 5, -1) from toasttest;
2026-09-10 01:57:17.003 UTC postmaster[69699] pg_regress/interval ERROR:  interval out of range
2026-09-10 01:57:17.003 UTC postmaster[69699] pg_regress/interval STATEMENT:  select make_interval(years := -1, months := -2147483648);
2026-09-10 01:57:17.003 UTC postmaster[69699] pg_regress/interval ERROR:  interval out of range
2026-09-10 01:57:17.003 UTC postmaster[69699] pg_regress/interval STATEMENT:  select make_interval(weeks := 306783379);
2026-09-10 01:57:17.004 UTC postmaster[69699] pg_regress/interval ERROR:  interval out of range
2026-09-10 01:57:17.004 UTC postmaster[69699] pg_regress/interval STATEMENT:  select make_interval(weeks := -306783379);
2026-09-10 01:57:17.004 UTC postmaster[69699] pg_regress/interval ERROR:  interval out of range
2026-09-10 01:57:17.004 UTC postmaster[69699] pg_regress/interval STATEMENT:  select make_interval(weeks := 1, days := 2147483647);
2026-09-10 01:57:17.005 UTC postmaster[69699] pg_regress/interval ERROR:  interval out of range
2026-09-10 01:57:17.005 UTC postmaster[69699] pg_regress/interval STATEMENT:  select make_interval(weeks := -1, days := -2147483648);
2026-09-10 01:57:17.005 UTC postmaster[69699] pg_regress/interval ERROR:  value out of range: overflow
2026-09-10 01:57:17.005 UTC postmaster[69699] pg_regress/interval STATEMENT:  select make_interval(secs := 1e308);
2026-09-10 01:57:17.005 UTC postmaster[69699] pg_regress/interval ERROR:  interval out of range
2026-09-10 01:57:17.005 UTC postmaster[69699] pg_regress/interval STATEMENT:  select make_interval(secs := 1e18);
2026-09-10 01:57:17.006 UTC postmaster[69699] pg_regress/interval ERROR:  interval out of range
2026-09-10 01:57:17.006 UTC postmaster[69699] pg_regress/interval STATEMENT:  select make_interval(secs := -1e18);
2026-09-10 01:57:17.006 UTC postmaster[69699] pg_regress/interval ERROR:  interval out of range
2026-09-10 01:57:17.006 UTC postmaster[69699] pg_regress/interval STATEMENT:  select make_interval(mins := 1, secs := 9223372036800.0);
2026-09-10 01:57:17.006 UTC postmaster[69699] pg_regress/date ERROR:  unit "microsec" not recognized for type date
2026-09-10 01:57:17.006 UTC postmaster[69699] pg_regress/date STATEMENT:  SELECT EXTRACT(MICROSEC  FROM DATE 'infinity');
2026-09-10 01:57:17.006 UTC postmaster[69699] pg_regress/interval ERROR:  interval out of range
2026-09-10 01:57:17.006 UTC postmaster[69699] pg_regress/interval STATEMENT:  select make_interval(mins := -1, secs := -9223372036800.0);
2026-09-10 01:57:17.008 UTC postmaster[69699] pg_regress/date ERROR:  date field value out of range: 0-07-15
2026-09-10 01:57:17.008 UTC postmaster[69699] pg_regress/date STATEMENT:  select make_date(0, 7, 15);
2026-09-10 01:57:17.008 UTC postmaster[69699] pg_regress/date ERROR:  date field value out of range: 2013-02-30
2026-09-10 01:57:17.008 UTC postmaster[69699] pg_regress/date STATEMENT:  select make_date(2013, 2, 30);
2026-09-10 01:57:17.009 UTC postmaster[69699] pg_regress/date ERROR:  date field value out of range: 2013-13-01
2026-09-10 01:57:17.009 UTC postmaster[69699] pg_regress/date STATEMENT:  select make_date(2013, 13, 1);
2026-09-10 01:57:17.009 UTC postmaster[69699] pg_regress/date ERROR:  date field value out of range: 2013-11--1
2026-09-10 01:57:17.009 UTC postmaster[69699] pg_regress/date STATEMENT:  select make_date(2013, 11, -1);
2026-09-10 01:57:17.009 UTC postmaster[69699] pg_regress/date ERROR:  date field value out of range: -2147483648-01-01
2026-09-10 01:57:17.009 UTC postmaster[69699] pg_regress/date STATEMENT:  SELECT make_date(-2147483648, 1, 1);
2026-09-10 01:57:17.010 UTC postmaster[69699] pg_regress/date ERROR:  time field value out of range: 10:55:100.1
2026-09-10 01:57:17.010 UTC postmaster[69699] pg_regress/date STATEMENT:  select make_time(10, 55, 100.1);
2026-09-10 01:57:17.010 UTC postmaster[69699] pg_regress/date ERROR:  time field value out of range: 24:00:2.1
2026-09-10 01:57:17.010 UTC postmaster[69699] pg_regress/date STATEMENT:  select make_time(24, 0, 2.1);
xtc: backend fiber exiting pid=(loop=13,local=1,gen=2) code=0
xtc: supervisor observed normal backend fiber DOWN pid=(loop=13,local=1,gen=2)
2026-09-10 01:57:17.012 UTC postmaster[69699] pg_regress/interval ERROR:  integer out of range
2026-09-10 01:57:17.012 UTC postmaster[69699] pg_regress/interval STATEMENT:  select make_interval(years := 'inf'::float::int);
2026-09-10 01:57:17.013 UTC postmaster[69699] pg_regress/interval ERROR:  integer out of range
2026-09-10 01:57:17.013 UTC postmaster[69699] pg_regress/interval STATEMENT:  select make_interval(months := 'NaN'::float::int);
2026-09-10 01:57:17.013 UTC postmaster[69699] pg_regress/interval ERROR:  interval out of range
2026-09-10 01:57:17.013 UTC postmaster[69699] pg_regress/interval STATEMENT:  select make_interval(secs := 'inf');
2026-09-10 01:57:17.013 UTC postmaster[69699] pg_regress/interval ERROR:  interval out of range
2026-09-10 01:57:17.013 UTC postmaster[69699] pg_regress/interval STATEMENT:  select make_interval(secs := 'NaN');
2026-09-10 01:57:17.014 UTC postmaster[69699] pg_regress/interval ERROR:  unit "fortnight" not recognized for type interval
2026-09-10 01:57:17.014 UTC postmaster[69699] pg_regress/interval STATEMENT:  SELECT EXTRACT(FORTNIGHT FROM INTERVAL '2 days');
2026-09-10 01:57:17.015 UTC postmaster[69699] pg_regress/interval ERROR:  unit "timezone" not supported for type interval
2026-09-10 01:57:17.015 UTC postmaster[69699] pg_regress/interval STATEMENT:  SELECT EXTRACT(TIMEZONE FROM INTERVAL '2 days');
2026-09-10 01:57:17.022 UTC postmaster[69699] pg_regress/interval ERROR:  interval out of range
2026-09-10 01:57:17.022 UTC postmaster[69699] pg_regress/interval STATEMENT:  SELECT interval '2147483646 months 2147483646 days 9223372036854775806 us' + interval '1 month 1 day 1 us';
2026-09-10 01:57:17.022 UTC postmaster[69699] pg_regress/interval ERROR:  interval out of range
2026-09-10 01:57:17.022 UTC postmaster[69699] pg_regress/interval STATEMENT:  SELECT interval '-2147483647 months -2147483647 days -9223372036854775807 us' + interval '-1 month -1 day -1 us';
2026-09-10 01:57:17.022 UTC postmaster[69699] pg_regress/interval ERROR:  interval out of range
2026-09-10 01:57:17.022 UTC postmaster[69699] pg_regress/interval STATEMENT:  SELECT interval '2147483646 months 2147483646 days 9223372036854775806 us' - interval '-1 month -1 day -1 us';
2026-09-10 01:57:17.022 UTC postmaster[69699] pg_regress/interval ERROR:  interval out of range
2026-09-10 01:57:17.022 UTC postmaster[69699] pg_regress/interval STATEMENT:  SELECT interval '-2147483647 months -2147483647 days -9223372036854775807 us' - interval '1 month 1 day 1 us';
2026-09-10 01:57:17.025 UTC postmaster[69699] pg_regress/interval ERROR:  cannot add infinite interval to time
2026-09-10 01:57:17.025 UTC postmaster[69699] pg_regress/interval STATEMENT:  SELECT time '11:27:42' + interval 'infinity';
2026-09-10 01:57:17.025 UTC postmaster[69699] pg_regress/interval ERROR:  cannot add infinite interval to time
2026-09-10 01:57:17.025 UTC postmaster[69699] pg_regress/interval STATEMENT:  SELECT time '11:27:42' + interval '-infinity';
2026-09-10 01:57:17.025 UTC postmaster[69699] pg_regress/interval ERROR:  cannot subtract infinite interval from time
2026-09-10 01:57:17.025 UTC postmaster[69699] pg_regress/interval STATEMENT:  SELECT time '11:27:42' - interval 'infinity';
2026-09-10 01:57:17.025 UTC postmaster[69699] pg_regress/interval ERROR:  cannot subtract infinite interval from time
2026-09-10 01:57:17.025 UTC postmaster[69699] pg_regress/interval STATEMENT:  SELECT time '11:27:42' - interval '-infinity';
2026-09-10 01:57:17.025 UTC postmaster[69699] pg_regress/interval ERROR:  cannot add infinite interval to time
2026-09-10 01:57:17.025 UTC postmaster[69699] pg_regress/interval STATEMENT:  SELECT timetz '11:27:42' + interval 'infinity';
2026-09-10 01:57:17.026 UTC postmaster[69699] pg_regress/interval ERROR:  cannot add infinite interval to time
2026-09-10 01:57:17.026 UTC postmaster[69699] pg_regress/interval STATEMENT:  SELECT timetz '11:27:42' + interval '-infinity';
2026-09-10 01:57:17.026 UTC postmaster[69699] pg_regress/interval ERROR:  cannot subtract infinite interval from time
2026-09-10 01:57:17.026 UTC postmaster[69699] pg_regress/interval STATEMENT:  SELECT timetz '11:27:42' - interval 'infinity';
2026-09-10 01:57:17.026 UTC postmaster[69699] pg_regress/interval ERROR:  cannot subtract infinite interval from time
2026-09-10 01:57:17.026 UTC postmaster[69699] pg_regress/interval STATEMENT:  SELECT timetz '11:27:42' - interval '-infinity';
2026-09-10 01:57:17.027 UTC postmaster[69699] pg_regress/strings ERROR:  field position must not be zero
2026-09-10 01:57:17.027 UTC postmaster[69699] pg_regress/strings STATEMENT:  select split_part('joeuser@mydatabase','@',0) AS "an error";
2026-09-10 01:57:17.027 UTC postmaster[69699] pg_regress/interval ERROR:  interval out of range
2026-09-10 01:57:17.027 UTC postmaster[69699] pg_regress/interval STATEMENT:  SELECT -interval '-2147483647 months -2147483647 days -9223372036854775807 us';
2026-09-10 01:57:17.027 UTC postmaster[69699] pg_regress/interval ERROR:  interval out of range
2026-09-10 01:57:17.027 UTC postmaster[69699] pg_regress/interval STATEMENT:  SELECT interval 'infinity' * 'nan';
2026-09-10 01:57:17.027 UTC postmaster[69699] pg_regress/interval ERROR:  interval out of range
2026-09-10 01:57:17.027 UTC postmaster[69699] pg_regress/interval STATEMENT:  SELECT interval '-infinity' * 'nan';
2026-09-10 01:57:17.027 UTC postmaster[69699] pg_regress/interval ERROR:  interval out of range
2026-09-10 01:57:17.027 UTC postmaster[69699] pg_regress/interval STATEMENT:  SELECT interval '-1073741824 months -1073741824 days -4611686018427387904 us' * 2;
2026-09-10 01:57:17.027 UTC postmaster[69699] pg_regress/interval ERROR:  interval out of range
2026-09-10 01:57:17.027 UTC postmaster[69699] pg_regress/interval STATEMENT:  SELECT interval 'infinity' * 0;
2026-09-10 01:57:17.027 UTC postmaster[69699] pg_regress/interval ERROR:  interval out of range
2026-09-10 01:57:17.027 UTC postmaster[69699] pg_regress/interval STATEMENT:  SELECT interval '-infinity' * 0;
2026-09-10 01:57:17.027 UTC postmaster[69699] pg_regress/interval ERROR:  interval out of range
2026-09-10 01:57:17.027 UTC postmaster[69699] pg_regress/interval STATEMENT:  SELECT interval '0 days' * 'infinity'::float;
2026-09-10 01:57:17.028 UTC postmaster[69699] pg_regress/interval ERROR:  interval out of range
2026-09-10 01:57:17.028 UTC postmaster[69699] pg_regress/interval STATEMENT:  SELECT interval '0 days' * '-infinity'::float;
2026-09-10 01:57:17.028 UTC postmaster[69699] pg_regress/interval ERROR:  interval out of range
2026-09-10 01:57:17.028 UTC postmaster[69699] pg_regress/interval STATEMENT:  SELECT interval 'infinity' / 'infinity';
2026-09-10 01:57:17.028 UTC postmaster[69699] pg_regress/interval ERROR:  interval out of range
2026-09-10 01:57:17.028 UTC postmaster[69699] pg_regress/interval STATEMENT:  SELECT interval 'infinity' / '-infinity';
2026-09-10 01:57:17.028 UTC postmaster[69699] pg_regress/interval ERROR:  interval out of range
2026-09-10 01:57:17.028 UTC postmaster[69699] pg_regress/interval STATEMENT:  SELECT interval 'infinity' / 'nan';
2026-09-10 01:57:17.028 UTC postmaster[69699] pg_regress/interval ERROR:  interval out of range
2026-09-10 01:57:17.028 UTC postmaster[69699] pg_regress/interval STATEMENT:  SELECT interval '-infinity' / 'infinity';
2026-09-10 01:57:17.028 UTC postmaster[69699] pg_regress/interval ERROR:  interval out of range
2026-09-10 01:57:17.028 UTC postmaster[69699] pg_regress/interval STATEMENT:  SELECT interval '-infinity' / '-infinity';
2026-09-10 01:57:17.029 UTC postmaster[69699] pg_regress/interval ERROR:  interval out of range
2026-09-10 01:57:17.029 UTC postmaster[69699] pg_regress/interval STATEMENT:  SELECT interval '-infinity' / 'nan';
2026-09-10 01:57:17.029 UTC postmaster[69699] pg_regress/interval ERROR:  interval out of range
2026-09-10 01:57:17.029 UTC postmaster[69699] pg_regress/interval STATEMENT:  SELECT interval '-1073741824 months -1073741824 days -4611686018427387904 us' / 0.5;
2026-09-10 01:57:17.029 UTC postmaster[69699] pg_regress/interval ERROR:  timestamps cannot be binned into infinite intervals
2026-09-10 01:57:17.029 UTC postmaster[69699] pg_regress/interval STATEMENT:  SELECT date_bin('infinity', timestamp '2001-02-16 20:38:40', timestamp '2001-02-16 20:05:00');
2026-09-10 01:57:17.029 UTC postmaster[69699] pg_regress/interval ERROR:  timestamps cannot be binned into infinite intervals
2026-09-10 01:57:17.029 UTC postmaster[69699] pg_regress/interval STATEMENT:  SELECT date_bin('-infinity', timestamp '2001-02-16 20:38:40', timestamp '2001-02-16 20:05:00');
2026-09-10 01:57:17.029 UTC postmaster[69699] pg_regress/interval ERROR:  unit "week" not supported for type interval
2026-09-10 01:57:17.029 UTC postmaster[69699] pg_regress/interval DETAIL:  Months usually have fractional weeks.
2026-09-10 01:57:17.029 UTC postmaster[69699] pg_regress/interval STATEMENT:  SELECT i AS interval, date_trunc('week', i)
	    FROM INFINITE_INTERVAL_TBL
	    WHERE NOT isfinite(i);
2026-09-10 01:57:17.030 UTC postmaster[69699] pg_regress/interval ERROR:  unit "ago" not recognized for type interval
2026-09-10 01:57:17.030 UTC postmaster[69699] pg_regress/interval STATEMENT:  SELECT i AS interval, date_trunc('ago', i)
	    FROM INFINITE_INTERVAL_TBL
	    WHERE NOT isfinite(i);
2026-09-10 01:57:17.030 UTC postmaster[69699] pg_regress/interval ERROR:  interval time zone "infinity" must be finite
2026-09-10 01:57:17.030 UTC postmaster[69699] pg_regress/interval STATEMENT:  SELECT timezone('infinity'::interval, '1995-08-06 12:12:12'::timestamp);
2026-09-10 01:57:17.030 UTC postmaster[69699] pg_regress/interval ERROR:  interval time zone "-infinity" must be finite
2026-09-10 01:57:17.030 UTC postmaster[69699] pg_regress/interval STATEMENT:  SELECT timezone('-infinity'::interval, '1995-08-06 12:12:12'::timestamp);
2026-09-10 01:57:17.030 UTC postmaster[69699] pg_regress/interval ERROR:  interval time zone "infinity" must be finite
2026-09-10 01:57:17.030 UTC postmaster[69699] pg_regress/interval STATEMENT:  SELECT timezone('infinity'::interval, '1995-08-06 12:12:12'::timestamptz);
2026-09-10 01:57:17.030 UTC postmaster[69699] pg_regress/interval ERROR:  interval time zone "-infinity" must be finite
2026-09-10 01:57:17.030 UTC postmaster[69699] pg_regress/interval STATEMENT:  SELECT timezone('-infinity'::interval, '1995-08-06 12:12:12'::timestamptz);
2026-09-10 01:57:17.031 UTC postmaster[69699] pg_regress/interval ERROR:  interval time zone "infinity" must be finite
2026-09-10 01:57:17.031 UTC postmaster[69699] pg_regress/interval STATEMENT:  SELECT timezone('infinity'::interval, '12:12:12'::time);
2026-09-10 01:57:17.031 UTC postmaster[69699] pg_regress/interval ERROR:  interval time zone "-infinity" must be finite
2026-09-10 01:57:17.031 UTC postmaster[69699] pg_regress/interval STATEMENT:  SELECT timezone('-infinity'::interval, '12:12:12'::time);
2026-09-10 01:57:17.031 UTC postmaster[69699] pg_regress/interval ERROR:  interval time zone "infinity" must be finite
2026-09-10 01:57:17.031 UTC postmaster[69699] pg_regress/interval STATEMENT:  SELECT timezone('infinity'::interval, '12:12:12'::timetz);
2026-09-10 01:57:17.031 UTC postmaster[69699] pg_regress/interval ERROR:  interval time zone "-infinity" must be finite
2026-09-10 01:57:17.031 UTC postmaster[69699] pg_regress/interval STATEMENT:  SELECT timezone('-infinity'::interval, '12:12:12'::timetz);
2026-09-10 01:57:17.031 UTC postmaster[69699] pg_regress/interval ERROR:  cannot convert infinite interval to time
2026-09-10 01:57:17.031 UTC postmaster[69699] pg_regress/interval STATEMENT:  SELECT 'infinity'::interval::time;
2026-09-10 01:57:17.031 UTC postmaster[69699] pg_regress/interval ERROR:  cannot convert infinite interval to time
2026-09-10 01:57:17.031 UTC postmaster[69699] pg_regress/interval STATEMENT:  SELECT '-infinity'::interval::time;
2026-09-10 01:57:17.032 UTC postmaster[69699] pg_regress/interval ERROR:  invalid input syntax for type interval: "42 days 2 seconds ago ago" at character 17
2026-09-10 01:57:17.032 UTC postmaster[69699] pg_regress/interval STATEMENT:  SELECT INTERVAL '42 days 2 seconds ago ago';
2026-09-10 01:57:17.032 UTC postmaster[69699] pg_regress/interval ERROR:  invalid input syntax for type interval: "2 minutes ago 5 days" at character 17
2026-09-10 01:57:17.032 UTC postmaster[69699] pg_regress/interval STATEMENT:  SELECT INTERVAL '2 minutes ago 5 days';
2026-09-10 01:57:17.032 UTC postmaster[69699] pg_regress/interval ERROR:  invalid input syntax for type interval: "hour 5 months" at character 17
2026-09-10 01:57:17.032 UTC postmaster[69699] pg_regress/interval STATEMENT:  SELECT INTERVAL 'hour 5 months';
2026-09-10 01:57:17.032 UTC postmaster[69699] pg_regress/interval ERROR:  invalid input syntax for type interval: "1 year months days 5 hours" at character 17
2026-09-10 01:57:17.032 UTC postmaster[69699] pg_regress/interval STATEMENT:  SELECT INTERVAL '1 year months days 5 hours';
2026-09-10 01:57:17.032 UTC postmaster[69699] pg_regress/interval ERROR:  invalid input syntax for type interval: "now" at character 17
2026-09-10 01:57:17.032 UTC postmaster[69699] pg_regress/interval STATEMENT:  SELECT INTERVAL 'now';
2026-09-10 01:57:17.032 UTC postmaster[69699] pg_regress/interval ERROR:  invalid input syntax for type interval: "today" at character 17
2026-09-10 01:57:17.032 UTC postmaster[69699] pg_regress/interval STATEMENT:  SELECT INTERVAL 'today';
2026-09-10 01:57:17.032 UTC postmaster[69699] pg_regress/interval ERROR:  invalid input syntax for type interval: "tomorrow" at character 17
2026-09-10 01:57:17.032 UTC postmaster[69699] pg_regress/interval STATEMENT:  SELECT INTERVAL 'tomorrow';
2026-09-10 01:57:17.032 UTC postmaster[69699] pg_regress/interval ERROR:  invalid input syntax for type interval: "allballs" at character 17
2026-09-10 01:57:17.032 UTC postmaster[69699] pg_regress/interval STATEMENT:  SELECT INTERVAL 'allballs';
2026-09-10 01:57:17.032 UTC postmaster[69699] pg_regress/interval ERROR:  invalid input syntax for type interval: "epoch" at character 17
2026-09-10 01:57:17.032 UTC postmaster[69699] pg_regress/interval STATEMENT:  SELECT INTERVAL 'epoch';
2026-09-10 01:57:17.032 UTC postmaster[69699] pg_regress/interval ERROR:  invalid input syntax for type interval: "yesterday" at character 17
2026-09-10 01:57:17.032 UTC postmaster[69699] pg_regress/interval STATEMENT:  SELECT INTERVAL 'yesterday';
2026-09-10 01:57:17.032 UTC postmaster[69699] pg_regress/interval ERROR:  invalid input syntax for type interval: "infinity years" at character 17
2026-09-10 01:57:17.032 UTC postmaster[69699] pg_regress/interval STATEMENT:  SELECT INTERVAL 'infinity years';
2026-09-10 01:57:17.032 UTC postmaster[69699] pg_regress/interval ERROR:  invalid input syntax for type interval: "infinity ago" at character 17
2026-09-10 01:57:17.032 UTC postmaster[69699] pg_regress/interval STATEMENT:  SELECT INTERVAL 'infinity ago';
2026-09-10 01:57:17.033 UTC postmaster[69699] pg_regress/interval ERROR:  invalid input syntax for type interval: "+infinity -infinity" at character 17
2026-09-10 01:57:17.033 UTC postmaster[69699] pg_regress/interval STATEMENT:  SELECT INTERVAL '+infinity -infinity';
xtc: backend fiber exiting pid=(loop=17,local=1,gen=2) code=0
xtc: supervisor observed normal backend fiber DOWN pid=(loop=17,local=1,gen=2)
2026-09-10 01:57:17.035 UTC postmaster[69699] pg_regress/strings ERROR:  unrecognized encoding: "invalid"
2026-09-10 01:57:17.035 UTC postmaster[69699] pg_regress/strings HINT:  Valid encodings are "base32hex", "base64", "base64url", "escape", and "hex".
2026-09-10 01:57:17.035 UTC postmaster[69699] pg_regress/strings STATEMENT:  SELECT encode('\x01'::bytea, 'invalid');
2026-09-10 01:57:17.035 UTC postmaster[69699] pg_regress/strings ERROR:  unrecognized encoding: "invalid"
2026-09-10 01:57:17.035 UTC postmaster[69699] pg_regress/strings HINT:  Valid encodings are "base32hex", "base64", "base64url", "escape", and "hex".
2026-09-10 01:57:17.035 UTC postmaster[69699] pg_regress/strings STATEMENT:  SELECT decode('00', 'invalid');
2026-09-10 01:57:17.038 UTC postmaster[69699] pg_regress/strings ERROR:  unexpected "=" while decoding base32hex sequence
2026-09-10 01:57:17.038 UTC postmaster[69699] pg_regress/strings STATEMENT:  SELECT decode('2=', 'base32hex');
2026-09-10 01:57:17.038 UTC postmaster[69699] pg_regress/strings ERROR:  unexpected "=" while decoding base32hex sequence
2026-09-10 01:57:17.038 UTC postmaster[69699] pg_regress/strings STATEMENT:  SELECT decode('=', 'base32hex');
2026-09-10 01:57:17.038 UTC postmaster[69699] pg_regress/strings ERROR:  invalid symbol "W" found while decoding base32hex sequence
2026-09-10 01:57:17.038 UTC postmaster[69699] pg_regress/strings STATEMENT:  SELECT decode('W', 'base32hex');
2026-09-10 01:57:17.038 UTC postmaster[69699] pg_regress/strings ERROR:  invalid symbol "2" found while decoding base32hex sequence
2026-09-10 01:57:17.038 UTC postmaster[69699] pg_regress/strings STATEMENT:  SELECT decode('24H36H0=24', 'base32hex');
2026-09-10 01:57:17.040 UTC postmaster[69699] pg_regress/strings ERROR:  invalid base64 end sequence
2026-09-10 01:57:17.040 UTC postmaster[69699] pg_regress/strings HINT:  Input data is missing padding, is truncated, or is otherwise corrupted.
2026-09-10 01:57:17.040 UTC postmaster[69699] pg_regress/strings STATEMENT:  SELECT decode('AQ', 'base64');
2026-09-10 01:57:17.042 UTC postmaster[69699] pg_regress/strings ERROR:  invalid symbol "@" found while decoding base64url sequence
2026-09-10 01:57:17.042 UTC postmaster[69699] pg_regress/strings STATEMENT:  SELECT decode('QQ@=', 'base64url');
2026-09-10 01:57:17.042 UTC postmaster[69699] pg_regress/strings ERROR:  invalid base64url end sequence
2026-09-10 01:57:17.042 UTC postmaster[69699] pg_regress/strings HINT:  Input data is missing padding, is truncated, or is otherwise corrupted.
2026-09-10 01:57:17.042 UTC postmaster[69699] pg_regress/strings STATEMENT:  SELECT decode('QQIDQ', 'base64url');
2026-09-10 01:57:17.042 UTC postmaster[69699] pg_regress/strings ERROR:  unexpected "=" while decoding base64url sequence
2026-09-10 01:57:17.042 UTC postmaster[69699] pg_regress/strings STATEMENT:  SELECT decode('=QQQ', 'base64url');
2026-09-10 01:57:17.043 UTC postmaster[69699] pg_regress/strings ERROR:  index 99 out of valid range, 0..71
2026-09-10 01:57:17.043 UTC postmaster[69699] pg_regress/strings STATEMENT:  SELECT get_bit('\x1234567890abcdef00'::bytea, 99);
2026-09-10 01:57:17.043 UTC postmaster[69699] pg_regress/strings ERROR:  index 99 out of valid range, 0..71
2026-09-10 01:57:17.043 UTC postmaster[69699] pg_regress/strings STATEMENT:  SELECT set_bit('\x1234567890abcdef00'::bytea, 99, 0);
2026-09-10 01:57:17.044 UTC postmaster[69699] pg_regress/strings ERROR:  index 99 out of valid range, 0..8
2026-09-10 01:57:17.044 UTC postmaster[69699] pg_regress/strings STATEMENT:  SELECT get_byte('\x1234567890abcdef00'::bytea, 99);
2026-09-10 01:57:17.044 UTC postmaster[69699] pg_regress/strings ERROR:  index 99 out of valid range, 0..8
2026-09-10 01:57:17.044 UTC postmaster[69699] pg_regress/strings STATEMENT:  SELECT set_byte('\x1234567890abcdef00'::bytea, 99, 11);
2026-09-10 01:57:17.045 UTC postmaster[69699] pg_regress/strings ERROR:  smallint out of range
2026-09-10 01:57:17.045 UTC postmaster[69699] pg_regress/strings STATEMENT:  SELECT '\x123456'::bytea::int2;
2026-09-10 01:57:17.046 UTC postmaster[69699] pg_regress/strings ERROR:  integer out of range
2026-09-10 01:57:17.046 UTC postmaster[69699] pg_regress/strings STATEMENT:  SELECT '\x123456789A'::bytea::int4;
2026-09-10 01:57:17.046 UTC postmaster[69699] pg_regress/strings ERROR:  bigint out of range
2026-09-10 01:57:17.046 UTC postmaster[69699] pg_regress/strings STATEMENT:  SELECT '\x112233445566778899'::bytea::int8;
2026-09-10 01:57:17.050 UTC postmaster[69699] pg_regress/strings ERROR:  null character not permitted
2026-09-10 01:57:17.050 UTC postmaster[69699] pg_regress/strings STATEMENT:  SELECT chr(0);
2026-09-10 01:57:17.051 UTC postmaster[69699] pg_regress/strings ERROR:  negative substring length not allowed
2026-09-10 01:57:17.051 UTC postmaster[69699] pg_regress/strings STATEMENT:  SELECT SUBSTRING('string'::bytea FROM -10 FOR -2147483646) AS "error";
2026-09-10 01:57:17.054 UTC postmaster[69699] pg_regress/strings ERROR:  invalid Unicode surrogate pair
2026-09-10 01:57:17.054 UTC postmaster[69699] pg_regress/strings STATEMENT:  SELECT unistr('wrong: \db99');
2026-09-10 01:57:17.054 UTC postmaster[69699] pg_regress/strings ERROR:  invalid Unicode surrogate pair
2026-09-10 01:57:17.054 UTC postmaster[69699] pg_regress/strings STATEMENT:  SELECT unistr('wrong: \db99\0061');
2026-09-10 01:57:17.054 UTC postmaster[69699] pg_regress/strings ERROR:  invalid Unicode surrogate pair
2026-09-10 01:57:17.054 UTC postmaster[69699] pg_regress/strings STATEMENT:  SELECT unistr('wrong: \+00db99\+000061');
2026-09-10 01:57:17.054 UTC postmaster[69699] pg_regress/strings ERROR:  invalid Unicode code point: 2FFFFF
2026-09-10 01:57:17.054 UTC postmaster[69699] pg_regress/strings STATEMENT:  SELECT unistr('wrong: \+2FFFFF');
2026-09-10 01:57:17.054 UTC postmaster[69699] pg_regress/strings ERROR:  invalid Unicode surrogate pair
2026-09-10 01:57:17.054 UTC postmaster[69699] pg_regress/strings STATEMENT:  SELECT unistr('wrong: \udb99\u0061');
2026-09-10 01:57:17.054 UTC postmaster[69699] pg_regress/strings ERROR:  invalid Unicode surrogate pair
2026-09-10 01:57:17.054 UTC postmaster[69699] pg_regress/strings STATEMENT:  SELECT unistr('wrong: \U0000db99\U00000061');
2026-09-10 01:57:17.054 UTC postmaster[69699] pg_regress/strings ERROR:  invalid Unicode code point: 2FFFFF
2026-09-10 01:57:17.054 UTC postmaster[69699] pg_regress/strings STATEMENT:  SELECT unistr('wrong: \U002FFFFF');
2026-09-10 01:57:17.054 UTC postmaster[69699] pg_regress/strings ERROR:  invalid Unicode escape
2026-09-10 01:57:17.054 UTC postmaster[69699] pg_regress/strings HINT:  Unicode escapes must be \XXXX, \+XXXXXX, \uXXXX, or \UXXXXXXXX.
2026-09-10 01:57:17.054 UTC postmaster[69699] pg_regress/strings STATEMENT:  SELECT unistr('wrong: \xyz');
xtc: backend fiber exiting pid=(loop=3,local=2,gen=1) code=0
xtc: supervisor observed normal backend fiber DOWN pid=(loop=3,local=2,gen=1)
2026-09-10 01:57:17.211 UTC postmaster[69699] pg_regress/timestamptz ERROR:  time zone "america/does_not_exist" not recognized at character 37
2026-09-10 01:57:17.211 UTC postmaster[69699] pg_regress/timestamptz STATEMENT:  INSERT INTO TIMESTAMPTZ_TBL VALUES ('19970710 173201 America/Does_not_exist');
2026-09-10 01:57:17.211 UTC postmaster[69699] pg_regress/timestamp ERROR:  time zone "america/does_not_exist" not recognized at character 35
2026-09-10 01:57:17.211 UTC postmaster[69699] pg_regress/timestamp STATEMENT:  INSERT INTO TIMESTAMP_TBL VALUES ('19970710 173201 America/Does_not_exist');
2026-09-10 01:57:17.211 UTC postmaster[69699] pg_regress/timestamptz ERROR:  time zone "America/Does_not_exist" not recognized
2026-09-10 01:57:17.211 UTC postmaster[69699] pg_regress/timestamptz STATEMENT:  SELECT '19970710 173201' AT TIME ZONE 'America/Does_not_exist';
2026-09-10 01:57:17.213 UTC postmaster[69699] pg_regress/timestamptz ERROR:  invalid input syntax for type timestamp with time zone: "Jan 01 00:00:00 2024 LMT" at character 8
2026-09-10 01:57:17.213 UTC postmaster[69699] pg_regress/timestamptz STATEMENT:  SELECT 'Jan 01 00:00:00 2024 LMT'::timestamptz;
2026-09-10 01:57:17.219 UTC postmaster[69699] pg_regress/timestamp ERROR:  date/time field value out of range: "Feb 29 17:32:01 1997" at character 35
2026-09-10 01:57:17.219 UTC postmaster[69699] pg_regress/timestamp STATEMENT:  INSERT INTO TIMESTAMP_TBL VALUES ('Feb 29 17:32:01 1997');
2026-09-10 01:57:17.221 UTC postmaster[69699] pg_regress/timestamp ERROR:  time zone displacement out of range: "Feb 16 17:32:01 -0097" at character 35
2026-09-10 01:57:17.221 UTC postmaster[69699] pg_regress/timestamp STATEMENT:  INSERT INTO TIMESTAMP_TBL VALUES ('Feb 16 17:32:01 -0097');
2026-09-10 01:57:17.221 UTC postmaster[69699] pg_regress/timestamp ERROR:  timestamp out of range: "Feb 16 17:32:01 5097 BC" at character 35
2026-09-10 01:57:17.221 UTC postmaster[69699] pg_regress/timestamp STATEMENT:  INSERT INTO TIMESTAMP_TBL VALUES ('Feb 16 17:32:01 5097 BC');
2026-09-10 01:57:17.222 UTC postmaster[69699] pg_regress/timestamp ERROR:  timestamp out of range: "4714-11-23 23:59:59 BC" at character 8
2026-09-10 01:57:17.222 UTC postmaster[69699] pg_regress/timestamp STATEMENT:  SELECT '4714-11-23 23:59:59 BC'::timestamp;
2026-09-10 01:57:17.222 UTC postmaster[69699] pg_regress/timestamptz ERROR:  date/time field value out of range: "Feb 29 17:32:01 1997" at character 37
2026-09-10 01:57:17.222 UTC postmaster[69699] pg_regress/timestamptz STATEMENT:  INSERT INTO TIMESTAMPTZ_TBL VALUES ('Feb 29 17:32:01 1997');
2026-09-10 01:57:17.222 UTC postmaster[69699] pg_regress/timestamp ERROR:  timestamp out of range: "294277-01-01 00:00:00" at character 8
2026-09-10 01:57:17.222 UTC postmaster[69699] pg_regress/timestamp STATEMENT:  SELECT '294277-01-01 00:00:00'::timestamp;
2026-09-10 01:57:17.224 UTC postmaster[69699] pg_regress/timestamptz ERROR:  time zone displacement out of range: "Feb 16 17:32:01 -0097" at character 37
2026-09-10 01:57:17.224 UTC postmaster[69699] pg_regress/timestamptz STATEMENT:  INSERT INTO TIMESTAMPTZ_TBL VALUES ('Feb 16 17:32:01 -0097');
2026-09-10 01:57:17.224 UTC postmaster[69699] pg_regress/timestamptz ERROR:  timestamp out of range: "Feb 16 17:32:01 5097 BC" at character 37
2026-09-10 01:57:17.224 UTC postmaster[69699] pg_regress/timestamptz STATEMENT:  INSERT INTO TIMESTAMPTZ_TBL VALUES ('Feb 16 17:32:01 5097 BC');
2026-09-10 01:57:17.226 UTC postmaster[69699] pg_regress/multirangetypes ERROR:  value for domain restrictedmultirange violates check constraint "restrictedmultirange_check"
2026-09-10 01:57:17.226 UTC postmaster[69699] pg_regress/multirangetypes STATEMENT:  select '{[4,50)}'::restrictedmultirange @> 7;
2026-09-10 01:57:17.226 UTC postmaster[69699] pg_regress/timestamp ERROR:  unit "timezone" not supported for type timestamp without time zone
2026-09-10 01:57:17.226 UTC postmaster[69699] pg_regress/timestamp STATEMENT:  SELECT date_trunc( 'timezone', timestamp '2004-02-29 15:44:17.71393' ) AS notsupp_trunc;
2026-09-10 01:57:17.226 UTC postmaster[69699] pg_regress/timestamptz ERROR:  timestamp out of range: "4714-11-23 23:59:59+00 BC" at character 8
2026-09-10 01:57:17.226 UTC postmaster[69699] pg_regress/timestamptz STATEMENT:  SELECT '4714-11-23 23:59:59+00 BC'::timestamptz;
2026-09-10 01:57:17.226 UTC postmaster[69699] pg_regress/timestamp ERROR:  unit "timezone" not supported for type timestamp without time zone
2026-09-10 01:57:17.226 UTC postmaster[69699] pg_regress/timestamp STATEMENT:  SELECT date_trunc( 'timezone', timestamp 'infinity' ) AS notsupp_inf_trunc;
2026-09-10 01:57:17.227 UTC postmaster[69699] pg_regress/timestamp ERROR:  unit "ago" not recognized for type timestamp without time zone
2026-09-10 01:57:17.227 UTC postmaster[69699] pg_regress/timestamp STATEMENT:  SELECT date_trunc( 'ago', timestamp 'infinity' ) AS invalid_trunc;
2026-09-10 01:57:17.227 UTC postmaster[69699] pg_regress/timestamptz ERROR:  timestamp out of range: "294277-01-01 00:00:00+00" at character 8
2026-09-10 01:57:17.227 UTC postmaster[69699] pg_regress/timestamptz STATEMENT:  SELECT '294277-01-01 00:00:00+00'::timestamptz;
2026-09-10 01:57:17.227 UTC postmaster[69699] pg_regress/timestamptz ERROR:  timestamp out of range: "294277-12-31 16:00:00-08" at character 8
2026-09-10 01:57:17.227 UTC postmaster[69699] pg_regress/timestamptz STATEMENT:  SELECT '294277-12-31 16:00:00-08'::timestamptz;
2026-09-10 01:57:17.230 UTC postmaster[69699] pg_regress/timestamp ERROR:  timestamps cannot be binned into intervals containing months or years
2026-09-10 01:57:17.230 UTC postmaster[69699] pg_regress/timestamp STATEMENT:  SELECT date_bin('5 months'::interval, timestamp '2020-02-01 01:01:01', timestamp '2001-01-01');
2026-09-10 01:57:17.230 UTC postmaster[69699] pg_regress/timestamp ERROR:  timestamps cannot be binned into intervals containing months or years
2026-09-10 01:57:17.230 UTC postmaster[69699] pg_regress/timestamp STATEMENT:  SELECT date_bin('5 years'::interval,  timestamp '2020-02-01 01:01:01', timestamp '2001-01-01');
2026-09-10 01:57:17.230 UTC postmaster[69699] pg_regress/timestamp ERROR:  stride must be greater than zero
2026-09-10 01:57:17.230 UTC postmaster[69699] pg_regress/timestamp STATEMENT:  SELECT date_bin('0 days'::interval, timestamp '1970-01-01 01:00:00' , timestamp '1970-01-01 00:00:00');
2026-09-10 01:57:17.230 UTC postmaster[69699] pg_regress/multirangetypes ERROR:  type "intmultirange" already exists
2026-09-10 01:57:17.230 UTC postmaster[69699] pg_regress/multirangetypes DETAIL:  Failed while creating a multirange type for type "intrange".
2026-09-10 01:57:17.230 UTC postmaster[69699] pg_regress/multirangetypes HINT:  You can manually specify a multirange type name using the "multirange_type_name" attribute.
2026-09-10 01:57:17.230 UTC postmaster[69699] pg_regress/multirangetypes STATEMENT:  create type intrange as range(subtype=int);
2026-09-10 01:57:17.230 UTC postmaster[69699] pg_regress/timestamp ERROR:  stride must be greater than zero
2026-09-10 01:57:17.230 UTC postmaster[69699] pg_regress/timestamp STATEMENT:  SELECT date_bin('-2 days'::interval, timestamp '1970-01-01 01:00:00' , timestamp '1970-01-01 00:00:00');
2026-09-10 01:57:17.231 UTC postmaster[69699] pg_regress/timestamp ERROR:  interval out of range
2026-09-10 01:57:17.231 UTC postmaster[69699] pg_regress/timestamp STATEMENT:  select date_bin('15 minutes'::interval, timestamp '294276-12-30', timestamp '4000-12-20 BC');
2026-09-10 01:57:17.231 UTC postmaster[69699] pg_regress/timestamptz ERROR:  unit "timezone" not supported for type timestamp with time zone
2026-09-10 01:57:17.231 UTC postmaster[69699] pg_regress/timestamptz STATEMENT:  SELECT date_trunc( 'timezone', timestamp with time zone '2004-02-29 15:44:17.71393' ) AS notsupp_trunc;
2026-09-10 01:57:17.231 UTC postmaster[69699] pg_regress/timestamp ERROR:  interval out of range
2026-09-10 01:57:17.231 UTC postmaster[69699] pg_regress/timestamp STATEMENT:  select date_bin('200000000 days'::interval, '2024-02-01'::timestamp, '2024-01-01'::timestamp);
2026-09-10 01:57:17.231 UTC postmaster[69699] pg_regress/timestamptz ERROR:  unit "timezone" not supported for type timestamp with time zone
2026-09-10 01:57:17.231 UTC postmaster[69699] pg_regress/timestamptz STATEMENT:  SELECT date_trunc( 'timezone', timestamp with time zone 'infinity' ) AS notsupp_inf_trunc;
2026-09-10 01:57:17.231 UTC postmaster[69699] pg_regress/timestamp ERROR:  timestamp out of range
2026-09-10 01:57:17.231 UTC postmaster[69699] pg_regress/timestamp STATEMENT:  select date_bin('365000 days'::interval, '4400-01-01 BC'::timestamp, '4000-01-01 BC'::timestamp);
2026-09-10 01:57:17.231 UTC postmaster[69699] pg_regress/timestamptz ERROR:  unit "ago" not recognized for type timestamp with time zone
2026-09-10 01:57:17.231 UTC postmaster[69699] pg_regress/timestamptz STATEMENT:  SELECT date_trunc( 'ago', timestamp with time zone 'infinity' ) AS invalid_trunc;
2026-09-10 01:57:17.232 UTC postmaster[69699] pg_regress/multirangetypes ERROR:  type "intr_multirange" already exists
2026-09-10 01:57:17.232 UTC postmaster[69699] pg_regress/multirangetypes DETAIL:  Failed while creating a multirange type for type "intr".
2026-09-10 01:57:17.232 UTC postmaster[69699] pg_regress/multirangetypes HINT:  You can manually specify a multirange type name using the "multirange_type_name" attribute.
2026-09-10 01:57:17.232 UTC postmaster[69699] pg_regress/multirangetypes STATEMENT:  create type intr as range(subtype=int);
2026-09-10 01:57:17.232 UTC postmaster[69699] pg_regress/timestamptz ERROR:  unit "timezone" not supported for type timestamp with time zone
2026-09-10 01:57:17.232 UTC postmaster[69699] pg_regress/timestamptz STATEMENT:  SELECT date_trunc('timezone', timestamp with time zone 'infinity', 'GMT') AS notsupp_zone_trunc;
2026-09-10 01:57:17.233 UTC postmaster[69699] pg_regress/timestamptz ERROR:  unit "ago" not recognized for type timestamp with time zone
2026-09-10 01:57:17.233 UTC postmaster[69699] pg_regress/timestamptz STATEMENT:  SELECT date_trunc('ago', timestamp with time zone 'infinity', 'GMT') AS invalid_zone_trunc;
2026-09-10 01:57:17.233 UTC postmaster[69699] pg_regress/multirangetypes ERROR:  type "int4" already exists
2026-09-10 01:57:17.233 UTC postmaster[69699] pg_regress/multirangetypes STATEMENT:  create type textrange1 as range(subtype=text, multirange_type_name=int, collation="C");
2026-09-10 01:57:17.234 UTC postmaster[69699] pg_regress/timestamptz ERROR:  timestamps cannot be binned into intervals containing months or years
2026-09-10 01:57:17.234 UTC postmaster[69699] pg_regress/timestamptz STATEMENT:  SELECT date_bin('5 months'::interval, timestamp with time zone '2020-02-01 01:01:01+00', timestamp with time zone '2001-01-01+00');
2026-09-10 01:57:17.234 UTC postmaster[69699] pg_regress/timestamptz ERROR:  timestamps cannot be binned into intervals containing months or years
2026-09-10 01:57:17.234 UTC postmaster[69699] pg_regress/timestamptz STATEMENT:  SELECT date_bin('5 years'::interval,  timestamp with time zone '2020-02-01 01:01:01+00', timestamp with time zone '2001-01-01+00');
2026-09-10 01:57:17.234 UTC postmaster[69699] pg_regress/timestamptz ERROR:  stride must be greater than zero
2026-09-10 01:57:17.234 UTC postmaster[69699] pg_regress/timestamptz STATEMENT:  SELECT date_bin('0 days'::interval, timestamp with time zone '1970-01-01 01:00:00+00' , timestamp with time zone '1970-01-01 00:00:00+00');
2026-09-10 01:57:17.235 UTC postmaster[69699] pg_regress/timestamptz ERROR:  stride must be greater than zero
2026-09-10 01:57:17.235 UTC postmaster[69699] pg_regress/timestamptz STATEMENT:  SELECT date_bin('-2 days'::interval, timestamp with time zone '1970-01-01 01:00:00+00' , timestamp with time zone '1970-01-01 00:00:00+00');
2026-09-10 01:57:17.235 UTC postmaster[69699] pg_regress/timestamptz ERROR:  interval out of range
2026-09-10 01:57:17.235 UTC postmaster[69699] pg_regress/timestamptz STATEMENT:  select date_bin('15 minutes'::interval, timestamptz '294276-12-30', timestamptz '4000-12-20 BC');
2026-09-10 01:57:17.235 UTC postmaster[69699] pg_regress/timestamptz ERROR:  interval out of range
2026-09-10 01:57:17.235 UTC postmaster[69699] pg_regress/timestamptz STATEMENT:  select date_bin('200000000 days'::interval, '2024-02-01'::timestamptz, '2024-01-01'::timestamptz);
2026-09-10 01:57:17.235 UTC postmaster[69699] pg_regress/timestamptz ERROR:  timestamp out of range
2026-09-10 01:57:17.235 UTC postmaster[69699] pg_regress/timestamptz STATEMENT:  select date_bin('365000 days'::interval, '4400-01-01 BC'::timestamptz, '4000-01-01 BC'::timestamptz);
2026-09-10 01:57:17.237 UTC postmaster[69699] pg_regress/multirangetypes ERROR:  function multirange_of_text(textrange2) does not exist at character 8
2026-09-10 01:57:17.237 UTC postmaster[69699] pg_regress/multirangetypes DETAIL:  No function of that name accepts the given argument types.
2026-09-10 01:57:17.237 UTC postmaster[69699] pg_regress/multirangetypes HINT:  You might need to add explicit type casts.
2026-09-10 01:57:17.237 UTC postmaster[69699] pg_regress/multirangetypes STATEMENT:  select multirange_of_text(textrange2('a','Z'));
2026-09-10 01:57:17.237 UTC postmaster[69699] pg_regress/multirangetypes ERROR:  range lower bound must be less than or equal to range upper bound
2026-09-10 01:57:17.237 UTC postmaster[69699] pg_regress/multirangetypes STATEMENT:  select multirange_of_text(textrange1('a','Z')) @> 'b'::text;
2026-09-10 01:57:17.238 UTC postmaster[69699] pg_regress/timestamp ERROR:  interval out of range
2026-09-10 01:57:17.238 UTC postmaster[69699] pg_regress/timestamp STATEMENT:  SELECT timestamp '294276-12-31 23:59:59' - timestamp '1999-12-23 19:59:04.224192' AS overflows;
2026-09-10 01:57:17.242 UTC postmaster[69699] pg_regress/multirangetypes ERROR:  cannot alter multirange type multitextrange1
2026-09-10 01:57:17.242 UTC postmaster[69699] pg_regress/multirangetypes HINT:  You can alter type textrange1, which will alter the multirange type as well.
2026-09-10 01:57:17.242 UTC postmaster[69699] pg_regress/multirangetypes STATEMENT:  alter type multitextrange1 owner to regress_multirange_owner;
2026-09-10 01:57:17.243 UTC postmaster[69699] pg_regress/timestamptz ERROR:  interval out of range
2026-09-10 01:57:17.243 UTC postmaster[69699] pg_regress/timestamptz STATEMENT:  SELECT timestamptz '294276-12-31 23:59:59 UTC' - timestamptz '1999-12-23 19:59:04.224192 UTC' AS overflows;
2026-09-10 01:57:17.243 UTC postmaster[69699] pg_regress/multirangetypes ERROR:  cannot set privileges of multirange types
2026-09-10 01:57:17.243 UTC postmaster[69699] pg_regress/multirangetypes HINT:  Set the privileges of the range type instead.
2026-09-10 01:57:17.243 UTC postmaster[69699] pg_regress/multirangetypes STATEMENT:  revoke usage on type multitextrange1 from public;
2026-09-10 01:57:17.247 UTC postmaster[69699] pg_regress/timestamp ERROR:  date field value out of range: 0-07-15
2026-09-10 01:57:17.247 UTC postmaster[69699] pg_regress/timestamp STATEMENT:  select make_timestamp(0, 7, 15, 12, 30, 15);
2026-09-10 01:57:17.248 UTC postmaster[69699] pg_regress/timestamp ERROR:  step size cannot equal zero
2026-09-10 01:57:17.248 UTC postmaster[69699] pg_regress/timestamp STATEMENT:  select * from generate_series('2020-01-01 00:00'::timestamp,
	                              '2020-01-02 03:00'::timestamp,
	                              '0 hour'::interval);
2026-09-10 01:57:17.248 UTC postmaster[69699] pg_regress/timestamp ERROR:  step size cannot be infinite
2026-09-10 01:57:17.248 UTC postmaster[69699] pg_regress/timestamp STATEMENT:  select generate_series(timestamp '1995-08-06 12:12:12', timestamp '1996-08-06 12:12:12', interval 'infinity');
2026-09-10 01:57:17.249 UTC postmaster[69699] pg_regress/timestamp ERROR:  step size cannot be infinite
2026-09-10 01:57:17.249 UTC postmaster[69699] pg_regress/timestamp STATEMENT:  select generate_series(timestamp '1995-08-06 12:12:12', timestamp '1996-08-06 12:12:12', interval '-infinity');
2026-09-10 01:57:17.249 UTC postmaster[69699] pg_regress/timestamp ERROR:  interval out of range
2026-09-10 01:57:17.249 UTC postmaster[69699] pg_regress/timestamp STATEMENT:  select timestamp 'infinity' - timestamp 'infinity';
2026-09-10 01:57:17.249 UTC postmaster[69699] pg_regress/timestamp ERROR:  interval out of range
2026-09-10 01:57:17.249 UTC postmaster[69699] pg_regress/timestamp STATEMENT:  select timestamp '-infinity' - timestamp '-infinity';
2026-09-10 01:57:17.251 UTC postmaster[69699] pg_regress/timestamp ERROR:  interval out of range
2026-09-10 01:57:17.251 UTC postmaster[69699] pg_regress/timestamp STATEMENT:  select age(timestamp 'infinity', timestamp 'infinity');
2026-09-10 01:57:17.251 UTC postmaster[69699] pg_regress/timestamp ERROR:  interval out of range
2026-09-10 01:57:17.251 UTC postmaster[69699] pg_regress/timestamp STATEMENT:  select age(timestamp '-infinity', timestamp '-infinity');
xtc: backend fiber exiting pid=(loop=15,local=1,gen=2) code=0
xtc: supervisor observed normal backend fiber DOWN pid=(loop=15,local=1,gen=2)
2026-09-10 01:57:17.265 UTC postmaster[69699] pg_regress/multirangetypes ERROR:  permission denied for type multitextrange1
2026-09-10 01:57:17.265 UTC postmaster[69699] pg_regress/multirangetypes STATEMENT:  create temp table test2(f1 multitextrange1[]);
2026-09-10 01:57:17.267 UTC postmaster[69699] pg_regress/timestamptz ERROR:  invalid input syntax for type numeric time zone: "2"
2026-09-10 01:57:17.267 UTC postmaster[69699] pg_regress/timestamptz HINT:  Numeric time zones must have "-" or "+" as first character.
2026-09-10 01:57:17.267 UTC postmaster[69699] pg_regress/timestamptz STATEMENT:  SELECT make_timestamptz(1973, 07, 15, 08, 15, 55.33, '2');
2026-09-10 01:57:17.267 UTC postmaster[69699] pg_regress/timestamptz ERROR:  numeric time zone "+16" out of range
2026-09-10 01:57:17.267 UTC postmaster[69699] pg_regress/timestamptz STATEMENT:  SELECT make_timestamptz(2014, 12, 10, 10, 10, 10, '+16');
2026-09-10 01:57:17.267 UTC postmaster[69699] pg_regress/timestamptz ERROR:  numeric time zone "-16" out of range
2026-09-10 01:57:17.267 UTC postmaster[69699] pg_regress/timestamptz STATEMENT:  SELECT make_timestamptz(2014, 12, 10, 10, 10, 10, '-16');
2026-09-10 01:57:17.269 UTC postmaster[69699] pg_regress/timestamptz ERROR:  time zone "Nehwon/Lankhmar" not recognized
2026-09-10 01:57:17.269 UTC postmaster[69699] pg_regress/timestamptz STATEMENT:  SELECT make_timestamptz(1910, 12, 24, 0, 0, 0, 'Nehwon/Lankhmar');
2026-09-10 01:57:17.269 UTC postmaster[69699] pg_regress/multirangetypes ERROR:  permission denied for schema mr_sch
2026-09-10 01:57:17.269 UTC postmaster[69699] pg_regress/multirangetypes STATEMENT:  create type mytype as range (subtype=int4, multirange_type_name=mr_sch.mr_type);
2026-09-10 01:57:17.271 UTC postmaster[69699] pg_regress/timestamptz ERROR:  step size cannot equal zero
2026-09-10 01:57:17.271 UTC postmaster[69699] pg_regress/timestamptz STATEMENT:  select * from generate_series('2020-01-01 00:00'::timestamptz,
	                              '2020-01-02 03:00'::timestamptz,
	                              '0 hour'::interval);
2026-09-10 01:57:17.272 UTC postmaster[69699] pg_regress/timestamptz ERROR:  step size cannot be infinite
2026-09-10 01:57:17.272 UTC postmaster[69699] pg_regress/timestamptz STATEMENT:  select generate_series(timestamptz '1995-08-06 12:12:12', timestamptz '1996-08-06 12:12:12', interval 'infinity');
2026-09-10 01:57:17.272 UTC postmaster[69699] pg_regress/timestamptz ERROR:  step size cannot be infinite
2026-09-10 01:57:17.272 UTC postmaster[69699] pg_regress/timestamptz STATEMENT:  select generate_series(timestamptz '1995-08-06 12:12:12', timestamptz '1996-08-06 12:12:12', interval '-infinity');
2026-09-10 01:57:17.275 UTC postmaster[69699] pg_regress/multirangetypes ERROR:  function anyarray_anymultirange_func(integer[], nummultirange) does not exist at character 8
2026-09-10 01:57:17.275 UTC postmaster[69699] pg_regress/multirangetypes DETAIL:  No function of that name accepts the given argument types.
2026-09-10 01:57:17.275 UTC postmaster[69699] pg_regress/multirangetypes HINT:  You might need to add explicit type casts.
2026-09-10 01:57:17.275 UTC postmaster[69699] pg_regress/multirangetypes STATEMENT:  select anyarray_anymultirange_func(ARRAY[1,2], nummultirange(numrange(10,20)));
2026-09-10 01:57:17.276 UTC postmaster[69699] pg_regress/multirangetypes ERROR:  cannot determine result data type
2026-09-10 01:57:17.276 UTC postmaster[69699] pg_regress/multirangetypes DETAIL:  A result of type anymultirange requires at least one input of type anyrange or anymultirange.
2026-09-10 01:57:17.276 UTC postmaster[69699] pg_regress/multirangetypes STATEMENT:  create function bogus_func(anyelement)
	  returns anymultirange as 'select int4multirange(int4range(1,10))' language sql;
2026-09-10 01:57:17.276 UTC postmaster[69699] pg_regress/multirangetypes ERROR:  cannot determine result data type
2026-09-10 01:57:17.276 UTC postmaster[69699] pg_regress/multirangetypes DETAIL:  A result of type anymultirange requires at least one input of type anyrange or anymultirange.
2026-09-10 01:57:17.276 UTC postmaster[69699] pg_regress/multirangetypes STATEMENT:  create function bogus_func(int)
	  returns anymultirange as 'select int4multirange(int4range(1,10))' language sql;
2026-09-10 01:57:17.278 UTC postmaster[69699] pg_regress/multirangetypes ERROR:  function multirangetypes_sql(nummultirange, integer[]) does not exist at character 8
2026-09-10 01:57:17.278 UTC postmaster[69699] pg_regress/multirangetypes DETAIL:  No function of that name accepts the given argument types.
2026-09-10 01:57:17.278 UTC postmaster[69699] pg_regress/multirangetypes HINT:  You might need to add explicit type casts.
2026-09-10 01:57:17.278 UTC postmaster[69699] pg_regress/multirangetypes STATEMENT:  select multirangetypes_sql(nummultirange(numrange(1,10)), ARRAY[2,20]);
2026-09-10 01:57:17.279 UTC postmaster[69699] pg_regress/multirangetypes ERROR:  function anycompatiblearray_anycompatiblemultirange_func(numeric[], int4multirange) does not exist at character 8
2026-09-10 01:57:17.279 UTC postmaster[69699] pg_regress/multirangetypes DETAIL:  No function of that name accepts the given argument types.
2026-09-10 01:57:17.279 UTC postmaster[69699] pg_regress/multirangetypes HINT:  You might need to add explicit type casts.
2026-09-10 01:57:17.279 UTC postmaster[69699] pg_regress/multirangetypes STATEMENT:  select anycompatiblearray_anycompatiblemultirange_func(ARRAY[1.1,2], multirange(int4range(10,20)));
2026-09-10 01:57:17.280 UTC postmaster[69699] pg_regress/multirangetypes ERROR:  function anycompatiblerange_anycompatiblemultirange_func(numrange, int4multirange) does not exist at character 8
2026-09-10 01:57:17.280 UTC postmaster[69699] pg_regress/multirangetypes DETAIL:  No function of that name accepts the given argument types.
2026-09-10 01:57:17.280 UTC postmaster[69699] pg_regress/multirangetypes HINT:  You might need to add explicit type casts.
2026-09-10 01:57:17.280 UTC postmaster[69699] pg_regress/multirangetypes STATEMENT:  select anycompatiblerange_anycompatiblemultirange_func(numrange(1,2), multirange(int4range(10,20)));
2026-09-10 01:57:17.281 UTC postmaster[69699] pg_regress/multirangetypes ERROR:  cannot determine result data type
2026-09-10 01:57:17.281 UTC postmaster[69699] pg_regress/multirangetypes DETAIL:  A result of type anycompatiblerange requires at least one input of type anycompatiblerange or anycompatiblemultirange.
2026-09-10 01:57:17.281 UTC postmaster[69699] pg_regress/multirangetypes STATEMENT:  create function bogus_func(anycompatible)
	  returns anycompatiblerange as 'select int4range(1,10)' language sql;
2026-09-10 01:57:17.286 UTC postmaster[69699] pg_regress/multirangetypes ERROR:  range lower bound must be less than or equal to range upper bound
2026-09-10 01:57:17.286 UTC postmaster[69699] pg_regress/multirangetypes STATEMENT:  select arraymultirange(arrayrange(ARRAY[2,1], ARRAY[1,2]));
2026-09-10 01:57:17.288 UTC postmaster[69699] pg_regress/timestamptz ERROR:  timestamp cannot be NaN
2026-09-10 01:57:17.288 UTC postmaster[69699] pg_regress/timestamptz STATEMENT:  SELECT to_timestamp('NaN'::float);
2026-09-10 01:57:17.290 UTC postmaster[69699] pg_regress/multirangetypes ERROR:  composite type two_ints cannot be made a member of itself
2026-09-10 01:57:17.290 UTC postmaster[69699] pg_regress/multirangetypes STATEMENT:  alter type two_ints add attribute c two_ints_multirange;
2026-09-10 01:57:17.300 UTC postmaster[69699] pg_regress/multirangetypes ERROR:  cannot determine result data type
2026-09-10 01:57:17.300 UTC postmaster[69699] pg_regress/multirangetypes DETAIL:  A result of type anymultirange requires at least one input of type anyrange or anymultirange.
2026-09-10 01:57:17.300 UTC postmaster[69699] pg_regress/multirangetypes STATEMENT:  create function mr_outparam_fail(i anyelement, out r anymultirange, out t text)
	  as $$ select '[1,10]', 'foo' $$ language sql;
2026-09-10 01:57:17.300 UTC postmaster[69699] pg_regress/multirangetypes ERROR:  cannot determine result data type
2026-09-10 01:57:17.300 UTC postmaster[69699] pg_regress/multirangetypes DETAIL:  A result of type anymultirange requires at least one input of type anyrange or anymultirange.
2026-09-10 01:57:17.300 UTC postmaster[69699] pg_regress/multirangetypes STATEMENT:  create function mr_inoutparam_fail(inout i anyelement, out r anymultirange)
	  as $$ select $1, '[1,10]' $$ language sql;
2026-09-10 01:57:17.300 UTC postmaster[69699] pg_regress/multirangetypes ERROR:  cannot determine result data type
2026-09-10 01:57:17.300 UTC postmaster[69699] pg_regress/multirangetypes DETAIL:  A result of type anymultirange requires at least one input of type anyrange or anymultirange.
2026-09-10 01:57:17.300 UTC postmaster[69699] pg_regress/multirangetypes STATEMENT:  create function mr_table_fail(i anyelement) returns table(i anyelement, r anymultirange)
	  as $$ select $1, '[1,10]' $$ language sql;
xtc: backend fiber exiting pid=(loop=21,local=1,gen=2) code=0
xtc: supervisor observed normal backend fiber DOWN pid=(loop=21,local=1,gen=2)
2026-09-10 01:57:17.306 UTC postmaster[69699] pg_regress/timestamptz ERROR:  interval out of range
2026-09-10 01:57:17.306 UTC postmaster[69699] pg_regress/timestamptz STATEMENT:  SELECT timestamptz 'infinity' - timestamptz 'infinity';
2026-09-10 01:57:17.307 UTC postmaster[69699] pg_regress/timestamptz ERROR:  interval out of range
2026-09-10 01:57:17.307 UTC postmaster[69699] pg_regress/timestamptz STATEMENT:  SELECT timestamptz '-infinity' - timestamptz '-infinity';
2026-09-10 01:57:17.308 UTC postmaster[69699] pg_regress/timestamptz ERROR:  interval out of range
2026-09-10 01:57:17.308 UTC postmaster[69699] pg_regress/timestamptz STATEMENT:  SELECT age(timestamptz 'infinity', timestamptz 'infinity');
2026-09-10 01:57:17.309 UTC postmaster[69699] pg_regress/timestamptz ERROR:  interval out of range
2026-09-10 01:57:17.309 UTC postmaster[69699] pg_regress/timestamptz STATEMENT:  SELECT age(timestamptz '-infinity', timestamptz '-infinity');
xtc: backend fiber exiting pid=(loop=16,local=1,gen=2) code=0
xtc: supervisor observed normal backend fiber DOWN pid=(loop=16,local=1,gen=2)
xtc: backend fiber exiting pid=(loop=11,local=1,gen=2) code=0
xtc: supervisor observed normal backend fiber DOWN pid=(loop=11,local=1,gen=2)
xtc: backend fiber exiting pid=(loop=9,local=1,gen=2) code=0
xtc: supervisor observed normal backend fiber DOWN pid=(loop=9,local=1,gen=2)
2026-09-10 01:57:17.425 UTC postmaster[69699] LOG:  xtc: client backend launched as xtc fiber (child_slot=12)
xtc: spawned backend fiber pid=(loop=23,local=1,gen=2) migratable=1
2026-09-10 01:57:17.426 UTC postmaster[69699] LOG:  xtc: client backend launched as xtc fiber (child_slot=9)
xtc: spawned backend fiber pid=(loop=24,local=1,gen=2) migratable=1
2026-09-10 01:57:17.426 UTC postmaster[69699] LOG:  xtc: client backend launched as xtc fiber (child_slot=17)
xtc: spawned backend fiber pid=(loop=25,local=1,gen=2) migratable=1
2026-09-10 01:57:17.426 UTC postmaster[69699] LOG:  xtc: client backend launched as xtc fiber (child_slot=8)
xtc: spawned backend fiber pid=(loop=26,local=1,gen=2) migratable=1
2026-09-10 01:57:17.426 UTC postmaster[69699] LOG:  xtc: client backend launched as xtc fiber (child_slot=7)
xtc: spawned backend fiber pid=(loop=27,local=1,gen=2) migratable=1
2026-09-10 01:57:17.426 UTC postmaster[69699] LOG:  xtc: client backend launched as xtc fiber (child_slot=18)
2026-09-10 01:57:17.426 UTC postmaster[69699] LOG:  xtc: client backend launched as xtc fiber (child_slot=15)
xtc: spawned backend fiber pid=(loop=28,local=1,gen=2) migratable=1
xtc: spawned backend fiber pid=(loop=29,local=1,gen=2) migratable=1
2026-09-10 01:57:17.426 UTC postmaster[69699] LOG:  xtc: client backend launched as xtc fiber (child_slot=1)
xtc: spawned backend fiber pid=(loop=30,local=1,gen=2) migratable=1
2026-09-10 01:57:17.426 UTC postmaster[69699] LOG:  xtc: client backend launched as xtc fiber (child_slot=5)
xtc: spawned backend fiber pid=(loop=31,local=1,gen=2) migratable=1
2026-09-10 01:57:17.426 UTC postmaster[69699] LOG:  xtc: client backend launched as xtc fiber (child_slot=16)
xtc: spawned backend fiber pid=(loop=32,local=1,gen=2) migratable=1
2026-09-10 01:57:17.426 UTC postmaster[69699] LOG:  xtc: client backend launched as xtc fiber (child_slot=6)
xtc: spawned backend fiber pid=(loop=1,local=3,gen=2) migratable=1
2026-09-10 01:57:17.427 UTC postmaster[69699] LOG:  xtc: client backend launched as xtc fiber (child_slot=14)
xtc: spawned backend fiber pid=(loop=2,local=2,gen=2) migratable=1
2026-09-10 01:57:17.427 UTC postmaster[69699] LOG:  xtc: client backend launched as xtc fiber (child_slot=3)
xtc: spawned backend fiber pid=(loop=3,local=2,gen=2) migratable=1
2026-09-10 01:57:17.427 UTC postmaster[69699] LOG:  xtc: client backend launched as xtc fiber (child_slot=20)
xtc: spawned backend fiber pid=(loop=4,local=1,gen=3) migratable=1
2026-09-10 01:57:17.427 UTC postmaster[69699] LOG:  xtc: client backend launched as xtc fiber (child_slot=19)
xtc: spawned backend fiber pid=(loop=5,local=1,gen=3) migratable=1
2026-09-10 01:57:17.427 UTC postmaster[69699] LOG:  xtc: client backend launched as xtc fiber (child_slot=2)
xtc: spawned backend fiber pid=(loop=6,local=1,gen=3) migratable=1
2026-09-10 01:57:17.427 UTC postmaster[69699] LOG:  xtc: client backend launched as xtc fiber (child_slot=4)
xtc: spawned backend fiber pid=(loop=7,local=1,gen=3) migratable=1
2026-09-10 01:57:17.427 UTC postmaster[69699] LOG:  xtc: client backend launched as xtc fiber (child_slot=11)
xtc: spawned backend fiber pid=(loop=8,local=1,gen=3) migratable=1
2026-09-10 01:57:17.427 UTC postmaster[69699] LOG:  xtc: client backend launched as xtc fiber (child_slot=10)
xtc: spawned backend fiber pid=(loop=9,local=1,gen=3) migratable=1
2026-09-10 01:57:17.488 UTC postmaster[69699] pg_regress/xid ERROR:  invalid input syntax for type xid: "" at character 8
2026-09-10 01:57:17.488 UTC postmaster[69699] pg_regress/xid STATEMENT:  select ''::xid;
2026-09-10 01:57:17.489 UTC postmaster[69699] pg_regress/xid ERROR:  invalid input syntax for type xid: "asdf" at character 8
2026-09-10 01:57:17.489 UTC postmaster[69699] pg_regress/xid STATEMENT:  select 'asdf'::xid;
2026-09-10 01:57:17.489 UTC postmaster[69699] pg_regress/pg_dependencies ERROR:  malformed pg_dependencies: "null" at character 8
2026-09-10 01:57:17.489 UTC postmaster[69699] pg_regress/pg_dependencies DETAIL:  Unexpected scalar has been found.
2026-09-10 01:57:17.489 UTC postmaster[69699] pg_regress/pg_dependencies STATEMENT:  SELECT 'null'::pg_dependencies;
2026-09-10 01:57:17.489 UTC postmaster[69699] pg_regress/pg_ndistinct ERROR:  malformed pg_ndistinct: "null" at character 8
2026-09-10 01:57:17.489 UTC postmaster[69699] pg_regress/pg_ndistinct DETAIL:  Unexpected scalar has been found.
2026-09-10 01:57:17.489 UTC postmaster[69699] pg_regress/pg_ndistinct STATEMENT:  SELECT 'null'::pg_ndistinct;
2026-09-10 01:57:17.489 UTC postmaster[69699] pg_regress/xid ERROR:  invalid input syntax for type xid8: "" at character 8
2026-09-10 01:57:17.489 UTC postmaster[69699] pg_regress/xid STATEMENT:  select ''::xid8;
2026-09-10 01:57:17.489 UTC postmaster[69699] pg_regress/pg_dependencies ERROR:  malformed pg_dependencies: "{"a": 1}" at character 8
2026-09-10 01:57:17.489 UTC postmaster[69699] pg_regress/pg_dependencies DETAIL:  Initial element must be an array.
2026-09-10 01:57:17.489 UTC postmaster[69699] pg_regress/pg_dependencies STATEMENT:  SELECT '{"a": 1}'::pg_dependencies;
2026-09-10 01:57:17.489 UTC postmaster[69699] pg_regress/xid ERROR:  invalid input syntax for type xid8: "asdf" at character 8
2026-09-10 01:57:17.489 UTC postmaster[69699] pg_regress/xid STATEMENT:  select 'asdf'::xid8;
2026-09-10 01:57:17.489 UTC postmaster[69699] pg_regress/pg_ndistinct ERROR:  malformed pg_ndistinct: "{"a": 1}" at character 8
2026-09-10 01:57:17.489 UTC postmaster[69699] pg_regress/pg_ndistinct DETAIL:  Initial element must be an array.
2026-09-10 01:57:17.489 UTC postmaster[69699] pg_regress/pg_ndistinct STATEMENT:  SELECT '{"a": 1}'::pg_ndistinct;
2026-09-10 01:57:17.489 UTC postmaster[69699] pg_regress/pg_dependencies ERROR:  malformed pg_dependencies: "[]" at character 8
2026-09-10 01:57:17.489 UTC postmaster[69699] pg_regress/pg_dependencies DETAIL:  Item array cannot be empty.
2026-09-10 01:57:17.489 UTC postmaster[69699] pg_regress/pg_dependencies STATEMENT:  SELECT '[]'::pg_dependencies;
2026-09-10 01:57:17.489 UTC postmaster[69699] pg_regress/pg_ndistinct ERROR:  malformed pg_ndistinct: "[]" at character 8
2026-09-10 01:57:17.489 UTC postmaster[69699] pg_regress/pg_ndistinct DETAIL:  Item array cannot be empty.
2026-09-10 01:57:17.489 UTC postmaster[69699] pg_regress/pg_ndistinct STATEMENT:  SELECT '[]'::pg_ndistinct;
2026-09-10 01:57:17.489 UTC postmaster[69699] pg_regress/pg_dependencies ERROR:  malformed pg_dependencies: "{}" at character 8
2026-09-10 01:57:17.489 UTC postmaster[69699] pg_regress/pg_dependencies DETAIL:  Initial element must be an array.
2026-09-10 01:57:17.489 UTC postmaster[69699] pg_regress/pg_dependencies STATEMENT:  SELECT '{}'::pg_dependencies;
2026-09-10 01:57:17.489 UTC postmaster[69699] pg_regress/pg_dependencies ERROR:  malformed pg_dependencies: "[null]" at character 8
2026-09-10 01:57:17.489 UTC postmaster[69699] pg_regress/pg_dependencies DETAIL:  Item list elements cannot be null.
2026-09-10 01:57:17.489 UTC postmaster[69699] pg_regress/pg_dependencies STATEMENT:  SELECT '[null]'::pg_dependencies;
2026-09-10 01:57:17.489 UTC postmaster[69699] pg_regress/pg_ndistinct ERROR:  malformed pg_ndistinct: "{}" at character 8
2026-09-10 01:57:17.489 UTC postmaster[69699] pg_regress/pg_ndistinct DETAIL:  Initial element must be an array.
2026-09-10 01:57:17.489 UTC postmaster[69699] pg_regress/pg_ndistinct STATEMENT:  SELECT '{}'::pg_ndistinct;
2026-09-10 01:57:17.489 UTC postmaster[69699] pg_regress/pg_ndistinct ERROR:  malformed pg_ndistinct: "[null]" at character 8
2026-09-10 01:57:17.489 UTC postmaster[69699] pg_regress/pg_ndistinct DETAIL:  Item list elements cannot be null.
2026-09-10 01:57:17.489 UTC postmaster[69699] pg_regress/pg_ndistinct STATEMENT:  SELECT '[null]'::pg_ndistinct;
xtc: backend fiber exiting pid=(loop=30,local=1,gen=2) code=0
xtc: supervisor observed normal backend fiber DOWN pid=(loop=30,local=1,gen=2)
2026-09-10 01:57:17.491 UTC postmaster[69699] pg_regress/pg_dependencies ERROR:  malformed pg_dependencies: "[{"attributes_invalid" : [2,3], "dependency" : 4}]" at character 8
2026-09-10 01:57:17.491 UTC postmaster[69699] pg_regress/pg_dependencies DETAIL:  Only allowed keys are "attributes", "dependency", and "degree".
2026-09-10 01:57:17.491 UTC postmaster[69699] pg_regress/pg_dependencies STATEMENT:  SELECT '[{"attributes_invalid" : [2,3], "dependency" : 4}]'::pg_dependencies;
2026-09-10 01:57:17.491 UTC postmaster[69699] pg_regress/pg_dependencies ERROR:  malformed pg_dependencies: "[{"attributes" : [2,3], "invalid" : 3, "dependency" : 4}]" at character 8
2026-09-10 01:57:17.491 UTC postmaster[69699] pg_regress/pg_dependencies DETAIL:  Only allowed keys are "attributes", "dependency", and "degree".
2026-09-10 01:57:17.491 UTC postmaster[69699] pg_regress/pg_dependencies STATEMENT:  SELECT '[{"attributes" : [2,3], "invalid" : 3, "dependency" : 4}]'::pg_dependencies;
2026-09-10 01:57:17.491 UTC postmaster[69699] pg_regress/pg_ndistinct ERROR:  malformed pg_ndistinct: "[{"attributes_invalid" : [2,3], "ndistinct" : 4}]" at character 8
2026-09-10 01:57:17.491 UTC postmaster[69699] pg_regress/pg_ndistinct DETAIL:  Only allowed keys are "attributes" and "ndistinct".
2026-09-10 01:57:17.491 UTC postmaster[69699] pg_regress/pg_ndistinct STATEMENT:  SELECT '[{"attributes_invalid" : [2,3], "ndistinct" : 4}]'::pg_ndistinct;
2026-09-10 01:57:17.492 UTC postmaster[69699] pg_regress/pg_dependencies ERROR:  malformed pg_dependencies: "[{"attributes" : [2,3], "dependency" : 4}]" at character 8
2026-09-10 01:57:17.492 UTC postmaster[69699] pg_regress/pg_dependencies DETAIL:  Item must contain "degree" key.
2026-09-10 01:57:17.492 UTC postmaster[69699] pg_regress/pg_dependencies STATEMENT:  SELECT '[{"attributes" : [2,3], "dependency" : 4}]'::pg_dependencies;
2026-09-10 01:57:17.492 UTC postmaster[69699] pg_regress/pg_ndistinct ERROR:  malformed pg_ndistinct: "[{"attributes" : [2,3], "invalid" : 3, "ndistinct" : 4}]" at character 8
2026-09-10 01:57:17.492 UTC postmaster[69699] pg_regress/pg_ndistinct DETAIL:  Only allowed keys are "attributes" and "ndistinct".
2026-09-10 01:57:17.492 UTC postmaster[69699] pg_regress/pg_ndistinct STATEMENT:  SELECT '[{"attributes" : [2,3], "invalid" : 3, "ndistinct" : 4}]'::pg_ndistinct;
2026-09-10 01:57:17.492 UTC postmaster[69699] pg_regress/pg_dependencies ERROR:  malformed pg_dependencies: "[{"attributes" : [2,3], "degree" : 1.000}]" at character 8
2026-09-10 01:57:17.492 UTC postmaster[69699] pg_regress/pg_dependencies DETAIL:  Item must contain "dependency" key.
2026-09-10 01:57:17.492 UTC postmaster[69699] pg_regress/pg_dependencies STATEMENT:  SELECT '[{"attributes" : [2,3], "degree" : 1.000}]'::pg_dependencies;
2026-09-10 01:57:17.492 UTC postmaster[69699] pg_regress/horology ERROR:  date/time field value out of range: "27/12/2001 04:05:06.789-08" at character 33
2026-09-10 01:57:17.492 UTC postmaster[69699] pg_regress/horology HINT:  Perhaps you need a different "DateStyle" setting.
2026-09-10 01:57:17.492 UTC postmaster[69699] pg_regress/horology STATEMENT:  SELECT timestamp with time zone '27/12/2001 04:05:06.789-08';
2026-09-10 01:57:17.492 UTC postmaster[69699] pg_regress/pg_dependencies ERROR:  malformed pg_dependencies: "[{"attributes" : [2,3], "dependency" : 4}]" at character 8
2026-09-10 01:57:17.492 UTC postmaster[69699] pg_regress/pg_dependencies DETAIL:  Item must contain "degree" key.
2026-09-10 01:57:17.492 UTC postmaster[69699] pg_regress/pg_dependencies STATEMENT:  SELECT '[{"attributes" : [2,3], "dependency" : 4}]'::pg_dependencies;
2026-09-10 01:57:17.492 UTC postmaster[69699] pg_regress/pg_ndistinct ERROR:  malformed pg_ndistinct: "[{"attributes" : [2,3], "attributes" : [1,3], "ndistinct" : 4}]" at character 8
2026-09-10 01:57:17.492 UTC postmaster[69699] pg_regress/pg_ndistinct DETAIL:  Multiple "attributes" keys are not allowed.
2026-09-10 01:57:17.492 UTC postmaster[69699] pg_regress/pg_ndistinct STATEMENT:  SELECT '[{"attributes" : [2,3], "attributes" : [1,3], "ndistinct" : 4}]'::pg_ndistinct;
2026-09-10 01:57:17.492 UTC postmaster[69699] pg_regress/pg_ndistinct ERROR:  malformed pg_ndistinct: "[{"attributes" : [2,3], "ndistinct" : 4, "ndistinct" : 4}]" at character 8
2026-09-10 01:57:17.492 UTC postmaster[69699] pg_regress/pg_ndistinct DETAIL:  Multiple "ndistinct" keys are not allowed.
2026-09-10 01:57:17.492 UTC postmaster[69699] pg_regress/pg_ndistinct STATEMENT:  SELECT '[{"attributes" : [2,3], "ndistinct" : 4, "ndistinct" : 4}]'::pg_ndistinct;
xtc: backend fiber exiting pid=(loop=8,local=1,gen=3) code=0
xtc: supervisor observed normal backend fiber DOWN pid=(loop=8,local=1,gen=3)
2026-09-10 01:57:17.493 UTC postmaster[69699] pg_regress/pg_dependencies ERROR:  malformed pg_dependencies: "[{"attributes" : [1,2,3,4,5,6,7,8], "dependency" : 4, "degree": 1.000}]" at character 8
2026-09-10 01:57:17.493 UTC postmaster[69699] pg_regress/pg_dependencies DETAIL:  The "attributes" key must contain an array of at least 1 and no more than 7 elements.
2026-09-10 01:57:17.493 UTC postmaster[69699] pg_regress/pg_dependencies STATEMENT:  SELECT '[{"attributes" : [1,2,3,4,5,6,7,8], "dependency" : 4, "degree": 1.000}]'::pg_dependencies;
2026-09-10 01:57:17.493 UTC postmaster[69699] pg_regress/expressions WARNING:  TIME(7) WITH TIME ZONE precision reduced to maximum allowed, 6
2026-09-10 01:57:17.493 UTC postmaster[69699] pg_regress/expressions WARNING:  TIMESTAMP(7) WITH TIME ZONE precision reduced to maximum allowed, 6
2026-09-10 01:57:17.493 UTC postmaster[69699] pg_regress/regex ERROR:  regexp_match() does not support the "global" option
2026-09-10 01:57:17.493 UTC postmaster[69699] pg_regress/regex HINT:  Use the regexp_matches function instead.
2026-09-10 01:57:17.493 UTC postmaster[69699] pg_regress/regex STATEMENT:  select regexp_match('abc', 'Bd', 'ig');
2026-09-10 01:57:17.493 UTC postmaster[69699] pg_regress/pg_dependencies ERROR:  malformed pg_dependencies: "[{"attributes" : ["\ud83d",3], "dependency" : 4, "degree": 0.250}]" at character 8
2026-09-10 01:57:17.493 UTC postmaster[69699] pg_regress/pg_dependencies DETAIL:  Input data must be valid JSON.
2026-09-10 01:57:17.493 UTC postmaster[69699] pg_regress/pg_dependencies STATEMENT:  SELECT '[{"attributes" : ["\ud83d",3], "dependency" : 4, "degree": 0.250}]'::pg_dependencies;
2026-09-10 01:57:17.493 UTC postmaster[69699] pg_regress/pg_ndistinct ERROR:  malformed pg_ndistinct: "[{"attributes" : [2,3]}]" at character 8
2026-09-10 01:57:17.493 UTC postmaster[69699] pg_regress/pg_ndistinct DETAIL:  Item must contain "ndistinct" key.
2026-09-10 01:57:17.493 UTC postmaster[69699] pg_regress/pg_ndistinct STATEMENT:  SELECT '[{"attributes" : [2,3]}]'::pg_ndistinct;
2026-09-10 01:57:17.493 UTC postmaster[69699] pg_regress/expressions WARNING:  TIME(7) precision reduced to maximum allowed, 6
2026-09-10 01:57:17.494 UTC postmaster[69699] pg_regress/pg_dependencies ERROR:  malformed pg_dependencies: "[{"attributes" : [2,3], "dependency" : "\ud83d", "degree": 0.250}]" at character 8
2026-09-10 01:57:17.494 UTC postmaster[69699] pg_regress/pg_dependencies DETAIL:  Input data must be valid JSON.
2026-09-10 01:57:17.494 UTC postmaster[69699] pg_regress/pg_dependencies STATEMENT:  SELECT '[{"attributes" : [2,3], "dependency" : "\ud83d", "degree": 0.250}]'::pg_dependencies;
2026-09-10 01:57:17.494 UTC postmaster[69699] pg_regress/pg_ndistinct ERROR:  malformed pg_ndistinct: "[{"ndistinct" : 4}]" at character 8
2026-09-10 01:57:17.494 UTC postmaster[69699] pg_regress/pg_ndistinct DETAIL:  Item must contain "attributes" key.
2026-09-10 01:57:17.494 UTC postmaster[69699] pg_regress/pg_ndistinct STATEMENT:  SELECT '[{"ndistinct" : 4}]'::pg_ndistinct;
2026-09-10 01:57:17.494 UTC postmaster[69699] pg_regress/pg_dependencies ERROR:  malformed pg_dependencies: "[{"attributes" : [2,3], "dependency" : 4, "degree": "\ud83d"}]" at character 8
2026-09-10 01:57:17.494 UTC postmaster[69699] pg_regress/pg_dependencies DETAIL:  Input data must be valid JSON.
2026-09-10 01:57:17.494 UTC postmaster[69699] pg_regress/pg_dependencies STATEMENT:  SELECT '[{"attributes" : [2,3], "dependency" : 4, "degree": "\ud83d"}]'::pg_dependencies;
2026-09-10 01:57:17.494 UTC postmaster[69699] pg_regress/expressions WARNING:  TIMESTAMP(7) precision reduced to maximum allowed, 6
2026-09-10 01:57:17.494 UTC postmaster[69699] pg_regress/pg_dependencies ERROR:  malformed pg_dependencies: "[{"\ud83d" : [2,3], "dependency" : 4, "degree": 0.250}]" at character 8
2026-09-10 01:57:17.494 UTC postmaster[69699] pg_regress/pg_dependencies DETAIL:  Input data must be valid JSON.
2026-09-10 01:57:17.494 UTC postmaster[69699] pg_regress/pg_dependencies STATEMENT:  SELECT '[{"\ud83d" : [2,3], "dependency" : 4, "degree": 0.250}]'::pg_dependencies;
2026-09-10 01:57:17.494 UTC postmaster[69699] pg_regress/xid ERROR:  operator does not exist: xid < xid at character 17
2026-09-10 01:57:17.494 UTC postmaster[69699] pg_regress/xid DETAIL:  No operator of that name accepts the given argument types.
2026-09-10 01:57:17.494 UTC postmaster[69699] pg_regress/xid HINT:  You might need to add explicit type casts.
2026-09-10 01:57:17.494 UTC postmaster[69699] pg_regress/xid STATEMENT:  select '1'::xid < '2'::xid;
2026-09-10 01:57:17.494 UTC postmaster[69699] pg_regress/xid ERROR:  operator does not exist: xid <= xid at character 17
2026-09-10 01:57:17.494 UTC postmaster[69699] pg_regress/xid DETAIL:  No operator of that name accepts the given argument types.
2026-09-10 01:57:17.494 UTC postmaster[69699] pg_regress/xid HINT:  You might need to add explicit type casts.
2026-09-10 01:57:17.494 UTC postmaster[69699] pg_regress/xid STATEMENT:  select '1'::xid <= '2'::xid;
2026-09-10 01:57:17.494 UTC postmaster[69699] pg_regress/pg_ndistinct ERROR:  malformed pg_ndistinct: "[{"attributes" : [1,2,3,4,5,6,7,8,9], "ndistinct" : 4}]" at character 8
2026-09-10 01:57:17.494 UTC postmaster[69699] pg_regress/pg_ndistinct DETAIL:  The "attributes" key must contain an array of at least 2 and no more than 8 attributes.
2026-09-10 01:57:17.494 UTC postmaster[69699] pg_regress/pg_ndistinct STATEMENT:  SELECT '[{"attributes" : [1,2,3,4,5,6,7,8,9], "ndistinct" : 4}]'::pg_ndistinct;
2026-09-10 01:57:17.495 UTC postmaster[69699] pg_regress/xid ERROR:  operator does not exist: xid > xid at character 17
2026-09-10 01:57:17.495 UTC postmaster[69699] pg_regress/xid DETAIL:  No operator of that name accepts the given argument types.
2026-09-10 01:57:17.495 UTC postmaster[69699] pg_regress/xid HINT:  You might need to add explicit type casts.
2026-09-10 01:57:17.495 UTC postmaster[69699] pg_regress/xid STATEMENT:  select '1'::xid > '2'::xid;
2026-09-10 01:57:17.495 UTC postmaster[69699] pg_regress/pg_ndistinct ERROR:  malformed pg_ndistinct: "[{"\ud83d" : [1, 2], "ndistinct" : 4}]" at character 8
2026-09-10 01:57:17.495 UTC postmaster[69699] pg_regress/pg_ndistinct DETAIL:  Input data must be valid JSON.
2026-09-10 01:57:17.495 UTC postmaster[69699] pg_regress/pg_ndistinct STATEMENT:  SELECT '[{"\ud83d" : [1, 2], "ndistinct" : 4}]'::pg_ndistinct;
2026-09-10 01:57:17.495 UTC postmaster[69699] pg_regress/xid ERROR:  operator does not exist: xid >= xid at character 17
2026-09-10 01:57:17.495 UTC postmaster[69699] pg_regress/xid DETAIL:  No operator of that name accepts the given argument types.
2026-09-10 01:57:17.495 UTC postmaster[69699] pg_regress/xid HINT:  You might need to add explicit type casts.
2026-09-10 01:57:17.495 UTC postmaster[69699] pg_regress/xid STATEMENT:  select '1'::xid >= '2'::xid;
2026-09-10 01:57:17.495 UTC postmaster[69699] pg_regress/pg_ndistinct ERROR:  malformed pg_ndistinct: "[{"attributes" : [1, 2], "\ud83d" : 4}]" at character 8
2026-09-10 01:57:17.495 UTC postmaster[69699] pg_regress/pg_ndistinct DETAIL:  Input data must be valid JSON.
2026-09-10 01:57:17.495 UTC postmaster[69699] pg_regress/pg_ndistinct STATEMENT:  SELECT '[{"attributes" : [1, 2], "\ud83d" : 4}]'::pg_ndistinct;
2026-09-10 01:57:17.495 UTC postmaster[69699] pg_regress/pg_ndistinct ERROR:  malformed pg_ndistinct: "[{"attributes" : [1, 2], "ndistinct" : "\ud83d"}]" at character 8
2026-09-10 01:57:17.495 UTC postmaster[69699] pg_regress/pg_ndistinct DETAIL:  Input data must be valid JSON.
2026-09-10 01:57:17.495 UTC postmaster[69699] pg_regress/pg_ndistinct STATEMENT:  SELECT '[{"attributes" : [1, 2], "ndistinct" : "\ud83d"}]'::pg_ndistinct;
2026-09-10 01:57:17.495 UTC postmaster[69699] pg_regress/pg_dependencies ERROR:  malformed pg_dependencies: "[{"attributes" : null, "dependency" : 4, "degree": 1.000}]" at character 8
2026-09-10 01:57:17.495 UTC postmaster[69699] pg_regress/pg_dependencies DETAIL:  Unexpected scalar has been found.
2026-09-10 01:57:17.495 UTC postmaster[69699] pg_regress/pg_dependencies STATEMENT:  SELECT '[{"attributes" : null, "dependency" : 4, "degree": 1.000}]'::pg_dependencies;
2026-09-10 01:57:17.495 UTC postmaster[69699] pg_regress/pg_ndistinct ERROR:  malformed pg_ndistinct: "[{"attributes" : ["\ud83d", 2], "ndistinct" : 1}]" at character 8
2026-09-10 01:57:17.495 UTC postmaster[69699] pg_regress/pg_ndistinct DETAIL:  Input data must be valid JSON.
2026-09-10 01:57:17.495 UTC postmaster[69699] pg_regress/pg_ndistinct STATEMENT:  SELECT '[{"attributes" : ["\ud83d", 2], "ndistinct" : 1}]'::pg_ndistinct;
2026-09-10 01:57:17.495 UTC postmaster[69699] pg_regress/pg_dependencies ERROR:  malformed pg_dependencies: "[{"attributes" : [2,null], "dependency" : 4, "degree": 1.000}]" at character 8
2026-09-10 01:57:17.495 UTC postmaster[69699] pg_regress/pg_dependencies DETAIL:  Attribute number array cannot be null.
2026-09-10 01:57:17.495 UTC postmaster[69699] pg_regress/pg_dependencies STATEMENT:  SELECT '[{"attributes" : [2,null], "dependency" : 4, "degree": 1.000}]'::pg_dependencies;
2026-09-10 01:57:17.496 UTC postmaster[69699] pg_regress/pg_dependencies ERROR:  malformed pg_dependencies: "[{"attributes" : [2,3], "dependency" : null, "degree": 1.000}]" at character 8
2026-09-10 01:57:17.496 UTC postmaster[69699] pg_regress/pg_dependencies DETAIL:  Key "dependency" has an incorrect value.
2026-09-10 01:57:17.496 UTC postmaster[69699] pg_regress/pg_dependencies STATEMENT:  SELECT '[{"attributes" : [2,3], "dependency" : null, "degree": 1.000}]'::pg_dependencies;
2026-09-10 01:57:17.496 UTC postmaster[69699] pg_regress/pg_dependencies ERROR:  malformed pg_dependencies: "[{"attributes" : [2,"a"], "dependency" : 4, "degree": 1.000}]" at character 8
2026-09-10 01:57:17.496 UTC postmaster[69699] pg_regress/pg_dependencies DETAIL:  Key "attributes" has an incorrect value.
2026-09-10 01:57:17.496 UTC postmaster[69699] pg_regress/pg_dependencies STATEMENT:  SELECT '[{"attributes" : [2,"a"], "dependency" : 4, "degree": 1.000}]'::pg_dependencies;
2026-09-10 01:57:17.496 UTC postmaster[69699] pg_regress/pg_dependencies ERROR:  malformed pg_dependencies: "[{"attributes" : [2,3], "dependency" : "a", "degree": 1.000}]" at character 8
2026-09-10 01:57:17.496 UTC postmaster[69699] pg_regress/pg_dependencies DETAIL:  Key "dependency" has an incorrect value.
2026-09-10 01:57:17.496 UTC postmaster[69699] pg_regress/pg_dependencies STATEMENT:  SELECT '[{"attributes" : [2,3], "dependency" : "a", "degree": 1.000}]'::pg_dependencies;
2026-09-10 01:57:17.496 UTC postmaster[69699] pg_regress/pg_dependencies ERROR:  malformed pg_dependencies: "[{"attributes" : [2,3], "dependency" : [], "degree": 1.000}]" at character 8
2026-09-10 01:57:17.496 UTC postmaster[69699] pg_regress/pg_dependencies DETAIL:  Array has been found at an unexpected location.
2026-09-10 01:57:17.496 UTC postmaster[69699] pg_regress/pg_dependencies STATEMENT:  SELECT '[{"attributes" : [2,3], "dependency" : [], "degree": 1.000}]'::pg_dependencies;
2026-09-10 01:57:17.496 UTC postmaster[69699] pg_regress/pg_dependencies ERROR:  malformed pg_dependencies: "[{"attributes" : [2,3], "dependency" : [null], "degree": 1.000}]" at character 8
2026-09-10 01:57:17.496 UTC postmaster[69699] pg_regress/pg_dependencies DETAIL:  Array has been found at an unexpected location.
2026-09-10 01:57:17.496 UTC postmaster[69699] pg_regress/pg_dependencies STATEMENT:  SELECT '[{"attributes" : [2,3], "dependency" : [null], "degree": 1.000}]'::pg_dependencies;
2026-09-10 01:57:17.496 UTC postmaster[69699] pg_regress/pg_dependencies ERROR:  malformed pg_dependencies: "[{"attributes" : [2,3], "dependency" : [1,null], "degree": 1.000}]" at character 8
2026-09-10 01:57:17.496 UTC postmaster[69699] pg_regress/pg_dependencies DETAIL:  Array has been found at an unexpected location.
2026-09-10 01:57:17.496 UTC postmaster[69699] pg_regress/pg_dependencies STATEMENT:  SELECT '[{"attributes" : [2,3], "dependency" : [1,null], "degree": 1.000}]'::pg_dependencies;
2026-09-10 01:57:17.497 UTC postmaster[69699] pg_regress/pg_dependencies ERROR:  malformed pg_dependencies: "[{"attributes" : 1, "dependency" : 4, "degree": 1.000}]" at character 8
2026-09-10 01:57:17.497 UTC postmaster[69699] pg_regress/pg_dependencies DETAIL:  Unexpected scalar has been found.
2026-09-10 01:57:17.497 UTC postmaster[69699] pg_regress/pg_dependencies STATEMENT:  SELECT '[{"attributes" : 1, "dependency" : 4, "degree": 1.000}]'::pg_dependencies;
2026-09-10 01:57:17.497 UTC postmaster[69699] pg_regress/pg_dependencies ERROR:  malformed pg_dependencies: "[{"attributes" : "a", "dependency" : 4, "degree": 1.000}]" at character 8
2026-09-10 01:57:17.497 UTC postmaster[69699] pg_regress/pg_dependencies DETAIL:  Unexpected scalar has been found.
2026-09-10 01:57:17.497 UTC postmaster[69699] pg_regress/pg_dependencies STATEMENT:  SELECT '[{"attributes" : "a", "dependency" : 4, "degree": 1.000}]'::pg_dependencies;
2026-09-10 01:57:17.497 UTC postmaster[69699] pg_regress/pg_ndistinct ERROR:  malformed pg_ndistinct: "[{"attributes" : null, "ndistinct" : 4}]" at character 8
2026-09-10 01:57:17.497 UTC postmaster[69699] pg_regress/pg_ndistinct DETAIL:  Unexpected scalar has been found.
2026-09-10 01:57:17.497 UTC postmaster[69699] pg_regress/pg_ndistinct STATEMENT:  SELECT '[{"attributes" : null, "ndistinct" : 4}]'::pg_ndistinct;
2026-09-10 01:57:17.497 UTC postmaster[69699] pg_regress/pg_dependencies ERROR:  malformed pg_dependencies: "[{"attributes" : [2,3], "dependency" : 4, "degree": NaN}]" at character 8
2026-09-10 01:57:17.497 UTC postmaster[69699] pg_regress/pg_dependencies DETAIL:  Input data must be valid JSON.
2026-09-10 01:57:17.497 UTC postmaster[69699] pg_regress/pg_dependencies STATEMENT:  SELECT '[{"attributes" : [2,3], "dependency" : 4, "degree": NaN}]'::pg_dependencies;
2026-09-10 01:57:17.497 UTC postmaster[69699] pg_regress/pg_ndistinct ERROR:  malformed pg_ndistinct: "[{"attributes" : [], "ndistinct" : 1}]" at character 8
2026-09-10 01:57:17.497 UTC postmaster[69699] pg_regress/pg_ndistinct DETAIL:  The "attributes" key must be a non-empty array.
2026-09-10 01:57:17.497 UTC postmaster[69699] pg_regress/pg_ndistinct STATEMENT:  SELECT '[{"attributes" : [], "ndistinct" : 1}]'::pg_ndistinct;
2026-09-10 01:57:17.497 UTC postmaster[69699] pg_regress/oid8 ERROR:  invalid input syntax for type oid8: "" at character 34
2026-09-10 01:57:17.497 UTC postmaster[69699] pg_regress/oid8 STATEMENT:  INSERT INTO OID8_TBL(f1) VALUES ('');
2026-09-10 01:57:17.497 UTC postmaster[69699] pg_regress/pg_ndistinct ERROR:  malformed pg_ndistinct: "[{"attributes" : [2], "ndistinct" : 4}]" at character 8
2026-09-10 01:57:17.497 UTC postmaster[69699] pg_regress/pg_ndistinct DETAIL:  The "attributes" key must contain an array of at least 2 and no more than 8 attributes.
2026-09-10 01:57:17.497 UTC postmaster[69699] pg_regress/pg_ndistinct STATEMENT:  SELECT '[{"attributes" : [2], "ndistinct" : 4}]'::pg_ndistinct;
2026-09-10 01:57:17.497 UTC postmaster[69699] pg_regress/oid8 ERROR:  invalid input syntax for type oid8: "    " at character 34
2026-09-10 01:57:17.497 UTC postmaster[69699] pg_regress/oid8 STATEMENT:  INSERT INTO OID8_TBL(f1) VALUES ('    ');
2026-09-10 01:57:17.497 UTC postmaster[69699] pg_regress/tstypes ERROR:  syntax error in tsvector: "'' '1' '2'" at character 8
2026-09-10 01:57:17.497 UTC postmaster[69699] pg_regress/tstypes STATEMENT:  SELECT $$'' '1' '2'$$::tsvector;
2026-09-10 01:57:17.497 UTC postmaster[69699] pg_regress/horology ERROR:  invalid input syntax for type time with time zone: "T040506.789 America/Los_Angeles" at character 28
2026-09-10 01:57:17.497 UTC postmaster[69699] pg_regress/horology STATEMENT:  SELECT time with time zone 'T040506.789 America/Los_Angeles';
2026-09-10 01:57:17.497 UTC postmaster[69699] pg_regress/pg_ndistinct ERROR:  malformed pg_ndistinct: "[{"attributes" : [2,null], "ndistinct" : 4}]" at character 8
2026-09-10 01:57:17.497 UTC postmaster[69699] pg_regress/pg_ndistinct DETAIL:  Attribute number array cannot be null.
2026-09-10 01:57:17.497 UTC postmaster[69699] pg_regress/pg_ndistinct STATEMENT:  SELECT '[{"attributes" : [2,null], "ndistinct" : 4}]'::pg_ndistinct;
2026-09-10 01:57:17.497 UTC postmaster[69699] pg_regress/oid8 ERROR:  invalid input syntax for type oid8: "asdfasd" at character 34
2026-09-10 01:57:17.497 UTC postmaster[69699] pg_regress/oid8 STATEMENT:  INSERT INTO OID8_TBL(f1) VALUES ('asdfasd');
2026-09-10 01:57:17.498 UTC postmaster[69699] pg_regress/pg_ndistinct ERROR:  malformed pg_ndistinct: "[{"attributes" : [2,3], "ndistinct" : null}]" at character 8
2026-09-10 01:57:17.498 UTC postmaster[69699] pg_regress/pg_ndistinct DETAIL:  Key "ndistinct" has an incorrect value.
2026-09-10 01:57:17.498 UTC postmaster[69699] pg_regress/pg_ndistinct STATEMENT:  SELECT '[{"attributes" : [2,3], "ndistinct" : null}]'::pg_ndistinct;
2026-09-10 01:57:17.498 UTC postmaster[69699] pg_regress/oid8 ERROR:  invalid input syntax for type oid8: "99asdfasd" at character 34
2026-09-10 01:57:17.498 UTC postmaster[69699] pg_regress/oid8 STATEMENT:  INSERT INTO OID8_TBL(f1) VALUES ('99asdfasd');
2026-09-10 01:57:17.498 UTC postmaster[69699] pg_regress/unicode ERROR:  invalid normalization form: def
2026-09-10 01:57:17.498 UTC postmaster[69699] pg_regress/unicode STATEMENT:  SELECT "normalize"('abc', 'def');
2026-09-10 01:57:17.498 UTC postmaster[69699] pg_regress/pg_ndistinct ERROR:  malformed pg_ndistinct: "[{"attributes" : [2,"a"], "ndistinct" : 4}]" at character 8
2026-09-10 01:57:17.498 UTC postmaster[69699] pg_regress/pg_ndistinct DETAIL:  Key "attributes" has an incorrect value.
2026-09-10 01:57:17.498 UTC postmaster[69699] pg_regress/pg_ndistinct STATEMENT:  SELECT '[{"attributes" : [2,"a"], "ndistinct" : 4}]'::pg_ndistinct;
2026-09-10 01:57:17.498 UTC postmaster[69699] pg_regress/oid8 ERROR:  invalid input syntax for type oid8: "5    d" at character 34
2026-09-10 01:57:17.498 UTC postmaster[69699] pg_regress/oid8 STATEMENT:  INSERT INTO OID8_TBL(f1) VALUES ('5    d');
2026-09-10 01:57:17.498 UTC postmaster[69699] pg_regress/oid8 ERROR:  invalid input syntax for type oid8: "    5d" at character 34
2026-09-10 01:57:17.498 UTC postmaster[69699] pg_regress/oid8 STATEMENT:  INSERT INTO OID8_TBL(f1) VALUES ('    5d');
2026-09-10 01:57:17.498 UTC postmaster[69699] pg_regress/pg_ndistinct ERROR:  malformed pg_ndistinct: "[{"attributes" : [2,3], "ndistinct" : "a"}]" at character 8
2026-09-10 01:57:17.498 UTC postmaster[69699] pg_regress/pg_ndistinct DETAIL:  Key "ndistinct" has an incorrect value.
2026-09-10 01:57:17.498 UTC postmaster[69699] pg_regress/pg_ndistinct STATEMENT:  SELECT '[{"attributes" : [2,3], "ndistinct" : "a"}]'::pg_ndistinct;
2026-09-10 01:57:17.498 UTC postmaster[69699] pg_regress/pg_ndistinct ERROR:  malformed pg_ndistinct: "[{"attributes" : [2,3], "ndistinct" : []}]" at character 8
2026-09-10 01:57:17.498 UTC postmaster[69699] pg_regress/pg_ndistinct DETAIL:  Array has been found at an unexpected location.
2026-09-10 01:57:17.498 UTC postmaster[69699] pg_regress/pg_ndistinct STATEMENT:  SELECT '[{"attributes" : [2,3], "ndistinct" : []}]'::pg_ndistinct;
2026-09-10 01:57:17.498 UTC postmaster[69699] pg_regress/oid8 ERROR:  invalid input syntax for type oid8: "5    5" at character 34
2026-09-10 01:57:17.498 UTC postmaster[69699] pg_regress/oid8 STATEMENT:  INSERT INTO OID8_TBL(f1) VALUES ('5    5');
2026-09-10 01:57:17.498 UTC postmaster[69699] pg_regress/pg_ndistinct ERROR:  malformed pg_ndistinct: "[{"attributes" : [2,3], "ndistinct" : [null]}]" at character 8
2026-09-10 01:57:17.498 UTC postmaster[69699] pg_regress/pg_ndistinct DETAIL:  Array has been found at an unexpected location.
2026-09-10 01:57:17.498 UTC postmaster[69699] pg_regress/pg_ndistinct STATEMENT:  SELECT '[{"attributes" : [2,3], "ndistinct" : [null]}]'::pg_ndistinct;
2026-09-10 01:57:17.498 UTC postmaster[69699] pg_regress/oid8 ERROR:  invalid input syntax for type oid8: " - 500" at character 34
2026-09-10 01:57:17.498 UTC postmaster[69699] pg_regress/oid8 STATEMENT:  INSERT INTO OID8_TBL(f1) VALUES (' - 500');
2026-09-10 01:57:17.498 UTC postmaster[69699] pg_regress/pg_ndistinct ERROR:  malformed pg_ndistinct: "[{"attributes" : [2,3], "ndistinct" : [1,null]}]" at character 8
2026-09-10 01:57:17.498 UTC postmaster[69699] pg_regress/pg_ndistinct DETAIL:  Array has been found at an unexpected location.
2026-09-10 01:57:17.498 UTC postmaster[69699] pg_regress/pg_ndistinct STATEMENT:  SELECT '[{"attributes" : [2,3], "ndistinct" : [1,null]}]'::pg_ndistinct;
2026-09-10 01:57:17.498 UTC postmaster[69699] pg_regress/oid8 ERROR:  value "3908203590239580293850293850329485" is out of range for type oid8 at character 34
2026-09-10 01:57:17.498 UTC postmaster[69699] pg_regress/oid8 STATEMENT:  INSERT INTO OID8_TBL(f1) VALUES ('3908203590239580293850293850329485');
2026-09-10 01:57:17.499 UTC postmaster[69699] pg_regress/pg_ndistinct ERROR:  malformed pg_ndistinct: "[{"attributes" : [2,3], "ndistinct" : {"a": 1}}]" at character 8
2026-09-10 01:57:17.499 UTC postmaster[69699] pg_regress/pg_ndistinct DETAIL:  Value of "ndistinct" must be an integer.
2026-09-10 01:57:17.499 UTC postmaster[69699] pg_regress/pg_ndistinct STATEMENT:  SELECT '[{"attributes" : [2,3], "ndistinct" : {"a": 1}}]'::pg_ndistinct;
2026-09-10 01:57:17.499 UTC postmaster[69699] pg_regress/oid8 ERROR:  value "-1204982019841029840928340329840934" is out of range for type oid8 at character 34
2026-09-10 01:57:17.499 UTC postmaster[69699] pg_regress/oid8 STATEMENT:  INSERT INTO OID8_TBL(f1) VALUES ('-1204982019841029840928340329840934');
2026-09-10 01:57:17.499 UTC postmaster[69699] pg_regress/pg_ndistinct ERROR:  malformed pg_ndistinct: "[{"attributes" : [0,1], "ndistinct" : 1}]" at character 8
2026-09-10 01:57:17.499 UTC postmaster[69699] pg_regress/pg_ndistinct DETAIL:  Invalid "attributes" element has been found: 0.
2026-09-10 01:57:17.499 UTC postmaster[69699] pg_regress/pg_ndistinct STATEMENT:  SELECT '[{"attributes" : [0,1], "ndistinct" : 1}]'::pg_ndistinct;
2026-09-10 01:57:17.499 UTC postmaster[69699] pg_regress/oid8 ERROR:  value "18446744073709551616" is out of range for type oid8 at character 34
2026-09-10 01:57:17.499 UTC postmaster[69699] pg_regress/oid8 STATEMENT:  INSERT INTO OID8_TBL(f1) VALUES ('18446744073709551616');
2026-09-10 01:57:17.499 UTC postmaster[69699] pg_regress/pg_ndistinct ERROR:  malformed pg_ndistinct: "[{"attributes" : [-7,-9], "ndistinct" : 1}]" at character 8
2026-09-10 01:57:17.499 UTC postmaster[69699] pg_regress/pg_ndistinct DETAIL:  Invalid "attributes" element has been found: -9.
2026-09-10 01:57:17.499 UTC postmaster[69699] pg_regress/pg_ndistinct STATEMENT:  SELECT '[{"attributes" : [-7,-9], "ndistinct" : 1}]'::pg_ndistinct;
2026-09-10 01:57:17.499 UTC postmaster[69699] pg_regress/pg_ndistinct ERROR:  malformed pg_ndistinct: "[{"attributes" : 1, "ndistinct" : 4}]" at character 8
2026-09-10 01:57:17.499 UTC postmaster[69699] pg_regress/pg_ndistinct DETAIL:  Unexpected scalar has been found.
2026-09-10 01:57:17.499 UTC postmaster[69699] pg_regress/pg_ndistinct STATEMENT:  SELECT '[{"attributes" : 1, "ndistinct" : 4}]'::pg_ndistinct;
2026-09-10 01:57:17.499 UTC postmaster[69699] pg_regress/pg_ndistinct ERROR:  malformed pg_ndistinct: "[{"attributes" : "a", "ndistinct" : 4}]" at character 8
2026-09-10 01:57:17.499 UTC postmaster[69699] pg_regress/pg_ndistinct DETAIL:  Unexpected scalar has been found.
2026-09-10 01:57:17.499 UTC postmaster[69699] pg_regress/pg_ndistinct STATEMENT:  SELECT '[{"attributes" : "a", "ndistinct" : 4}]'::pg_ndistinct;
2026-09-10 01:57:17.499 UTC postmaster[69699] pg_regress/pg_ndistinct ERROR:  malformed pg_ndistinct: "[{"attributes" : {"a": 1}, "ndistinct" : 1}]" at character 8
2026-09-10 01:57:17.499 UTC postmaster[69699] pg_regress/pg_ndistinct DETAIL:  Value of "attributes" must be an array of attribute numbers.
2026-09-10 01:57:17.499 UTC postmaster[69699] pg_regress/pg_ndistinct STATEMENT:  SELECT '[{"attributes" : {"a": 1}, "ndistinct" : 1}]'::pg_ndistinct;
2026-09-10 01:57:17.500 UTC postmaster[69699] pg_regress/pg_ndistinct ERROR:  malformed pg_ndistinct: "[{"attributes" : [1, {"a": 1}], "ndistinct" : 1}]" at character 8
2026-09-10 01:57:17.500 UTC postmaster[69699] pg_regress/pg_ndistinct DETAIL:  Attribute lists can only contain attribute numbers.
2026-09-10 01:57:17.500 UTC postmaster[69699] pg_regress/pg_ndistinct STATEMENT:  SELECT '[{"attributes" : [1, {"a": 1}], "ndistinct" : 1}]'::pg_ndistinct;
2026-09-10 01:57:17.500 UTC postmaster[69699] pg_regress/horology ERROR:  invalid input syntax for type time: "T04" at character 31
2026-09-10 01:57:17.500 UTC postmaster[69699] pg_regress/horology STATEMENT:  SELECT time without time zone 'T04';
2026-09-10 01:57:17.501 UTC postmaster[69699] pg_regress/geometry ERROR:  value out of range: underflow
2026-09-10 01:57:17.501 UTC postmaster[69699] pg_regress/geometry STATEMENT:  SELECT p1.f1, p2.f1, p1.f1 * p2.f1 FROM POINT_TBL p1, POINT_TBL p2 WHERE p1.f1[0] < 1;
2026-09-10 01:57:17.501 UTC postmaster[69699] pg_regress/pg_dependencies ERROR:  malformed pg_dependencies: "[{"attributes": [], "dependency": 2, "degree": 1}]" at character 8
2026-09-10 01:57:17.501 UTC postmaster[69699] pg_regress/pg_dependencies DETAIL:  The "attributes" key must be a non-empty array.
2026-09-10 01:57:17.501 UTC postmaster[69699] pg_regress/pg_dependencies STATEMENT:  SELECT '[{"attributes": [], "dependency": 2, "degree": 1}]' ::pg_dependencies;
2026-09-10 01:57:17.501 UTC postmaster[69699] pg_regress/pg_dependencies ERROR:  malformed pg_dependencies: "[{"attributes" : {"a": 1}, "dependency" : 4, "degree": "1.2"}]" at character 8
2026-09-10 01:57:17.501 UTC postmaster[69699] pg_regress/pg_dependencies DETAIL:  Value of "attributes" must be an array of attribute numbers.
2026-09-10 01:57:17.501 UTC postmaster[69699] pg_regress/pg_dependencies STATEMENT:  SELECT '[{"attributes" : {"a": 1}, "dependency" : 4, "degree": "1.2"}]'::pg_dependencies;
2026-09-10 01:57:17.502 UTC postmaster[69699] pg_regress/pg_dependencies ERROR:  malformed pg_dependencies: "[{"dependency" : 4, "degree": "1.2"}]" at character 8
2026-09-10 01:57:17.502 UTC postmaster[69699] pg_regress/pg_dependencies DETAIL:  Item must contain "attributes" key.
2026-09-10 01:57:17.502 UTC postmaster[69699] pg_regress/pg_dependencies STATEMENT:  SELECT '[{"dependency" : 4, "degree": "1.2"}]'::pg_dependencies;
2026-09-10 01:57:17.502 UTC postmaster[69699] pg_regress/pg_dependencies ERROR:  malformed pg_dependencies: "[{"attributes" : [1,2,3,4,5,6,7], "dependency" : 0, "degree": "1.2"}]" at character 8
2026-09-10 01:57:17.502 UTC postmaster[69699] pg_regress/pg_dependencies DETAIL:  Key "dependency" has an incorrect value: 0.
2026-09-10 01:57:17.502 UTC postmaster[69699] pg_regress/pg_dependencies STATEMENT:  SELECT '[{"attributes" : [1,2,3,4,5,6,7], "dependency" : 0, "degree": "1.2"}]'::pg_dependencies;
2026-09-10 01:57:17.502 UTC postmaster[69699] pg_regress/pg_dependencies ERROR:  malformed pg_dependencies: "[{"attributes" : [1,2,3,4,5,6,7], "dependency" : -9, "degree": "1.2"}]" at character 8
2026-09-10 01:57:17.502 UTC postmaster[69699] pg_regress/pg_dependencies DETAIL:  Key "dependency" has an incorrect value: -9.
2026-09-10 01:57:17.502 UTC postmaster[69699] pg_regress/pg_dependencies STATEMENT:  SELECT '[{"attributes" : [1,2,3,4,5,6,7], "dependency" : -9, "degree": "1.2"}]'::pg_dependencies;
2026-09-10 01:57:17.502 UTC postmaster[69699] pg_regress/horology ERROR:  invalid input syntax for type time with time zone: "T04+08" at character 28
2026-09-10 01:57:17.502 UTC postmaster[69699] pg_regress/horology STATEMENT:  SELECT time with time zone 'T04+08';
2026-09-10 01:57:17.502 UTC postmaster[69699] pg_regress/pg_dependencies ERROR:  malformed pg_dependencies: "[{"attributes": [1,2], "dependency": 2, "degree": 1}]" at character 8
2026-09-10 01:57:17.502 UTC postmaster[69699] pg_regress/pg_dependencies DETAIL:  Item "dependency" with value 2 has been found in the "attributes" list.
2026-09-10 01:57:17.502 UTC postmaster[69699] pg_regress/pg_dependencies STATEMENT:  SELECT '[{"attributes": [1,2], "dependency": 2, "degree": 1}]' ::pg_dependencies;
2026-09-10 01:57:17.503 UTC postmaster[69699] pg_regress/pg_dependencies ERROR:  malformed pg_dependencies: "[{"attributes" : [1, {}], "dependency" : 1, "degree": "1.2"}]" at character 8
2026-09-10 01:57:17.503 UTC postmaster[69699] pg_regress/pg_dependencies DETAIL:  Attribute lists can only contain attribute numbers.
2026-09-10 01:57:17.503 UTC postmaster[69699] pg_regress/pg_dependencies STATEMENT:  SELECT '[{"attributes" : [1, {}], "dependency" : 1, "degree": "1.2"}]'::pg_dependencies;
2026-09-10 01:57:17.503 UTC postmaster[69699] pg_regress/pg_dependencies ERROR:  malformed pg_dependencies: "[{"attributes" : [1,2], "dependency" : {}, "degree": 1.0}]" at character 8
2026-09-10 01:57:17.503 UTC postmaster[69699] pg_regress/pg_dependencies DETAIL:  Value of "dependency" must be an integer.
2026-09-10 01:57:17.503 UTC postmaster[69699] pg_regress/pg_dependencies STATEMENT:  SELECT '[{"attributes" : [1,2], "dependency" : {}, "degree": 1.0}]'::pg_dependencies;
2026-09-10 01:57:17.503 UTC postmaster[69699] pg_regress/unicode ERROR:  invalid normalization form: def
2026-09-10 01:57:17.503 UTC postmaster[69699] pg_regress/unicode STATEMENT:  SELECT is_normalized('abc', 'def');
2026-09-10 01:57:17.503 UTC postmaster[69699] pg_regress/pg_dependencies ERROR:  malformed pg_dependencies: "[{"attributes" : [1,2], "dependency" : 3, "degree": {}}]" at character 8
2026-09-10 01:57:17.503 UTC postmaster[69699] pg_regress/pg_dependencies DETAIL:  Value of "degree" must be an integer.
2026-09-10 01:57:17.503 UTC postmaster[69699] pg_regress/pg_dependencies STATEMENT:  SELECT '[{"attributes" : [1,2], "dependency" : 3, "degree": {}}]'::pg_dependencies;
2026-09-10 01:57:17.503 UTC postmaster[69699] pg_regress/pg_dependencies ERROR:  malformed pg_dependencies: "[{"attributes" : [1,2], "dependency" : 1, "degree": "a"}]" at character 8
2026-09-10 01:57:17.503 UTC postmaster[69699] pg_regress/pg_dependencies DETAIL:  Key "degree" has an incorrect value.
2026-09-10 01:57:17.503 UTC postmaster[69699] pg_regress/pg_dependencies STATEMENT:  SELECT '[{"attributes" : [1,2], "dependency" : 1, "degree": "a"}]'::pg_dependencies;
2026-09-10 01:57:17.503 UTC postmaster[69699] pg_regress/horology ERROR:  invalid input syntax for type date: "1995-08-06  J J J" at character 13
2026-09-10 01:57:17.503 UTC postmaster[69699] pg_regress/horology STATEMENT:  SELECT date '1995-08-06  J J J';
2026-09-10 01:57:17.503 UTC postmaster[69699] pg_regress/horology ERROR:  invalid input syntax for type date: "J J 1520447" at character 13
2026-09-10 01:57:17.503 UTC postmaster[69699] pg_regress/horology STATEMENT:  SELECT date 'J J 1520447';
2026-09-10 01:57:17.503 UTC postmaster[69699] pg_regress/geometry ERROR:  value out of range: overflow
2026-09-10 01:57:17.503 UTC postmaster[69699] pg_regress/geometry STATEMENT:  SELECT p1.f1, p2.f1, p1.f1 / p2.f1 FROM POINT_TBL p1, POINT_TBL p2 WHERE p2.f1[0] > 1000;
2026-09-10 01:57:17.503 UTC postmaster[69699] pg_regress/horology ERROR:  invalid input syntax for type timestamp with time zone: "Y2001M12D27H04M05S06.789+08" at character 33
2026-09-10 01:57:17.503 UTC postmaster[69699] pg_regress/horology STATEMENT:  SELECT timestamp with time zone 'Y2001M12D27H04M05S06.789+08';
2026-09-10 01:57:17.504 UTC postmaster[69699] pg_regress/horology ERROR:  invalid input syntax for type timestamp with time zone: "Y2001M12D27H04MM05S06.789-08" at character 33
2026-09-10 01:57:17.504 UTC postmaster[69699] pg_regress/horology STATEMENT:  SELECT timestamp with time zone 'Y2001M12D27H04MM05S06.789-08';
2026-09-10 01:57:17.504 UTC postmaster[69699] pg_regress/horology ERROR:  invalid input syntax for type timestamp with time zone: "J2452271 T X03456-08" at character 33
2026-09-10 01:57:17.504 UTC postmaster[69699] pg_regress/horology STATEMENT:  SELECT timestamp with time zone 'J2452271 T X03456-08';
2026-09-10 01:57:17.504 UTC postmaster[69699] pg_regress/horology ERROR:  invalid input syntax for type timestamp with time zone: "J2452271 T X03456.001e6-08" at character 33
2026-09-10 01:57:17.504 UTC postmaster[69699] pg_regress/horology STATEMENT:  SELECT timestamp with time zone 'J2452271 T X03456.001e6-08';
2026-09-10 01:57:17.504 UTC postmaster[69699] pg_regress/geometry ERROR:  division by zero
2026-09-10 01:57:17.504 UTC postmaster[69699] pg_regress/geometry STATEMENT:  SELECT p1.f1, p2.f1, p1.f1 / p2.f1 FROM POINT_TBL p1, POINT_TBL p2 WHERE p2.f1 ~= '(0,0)'::point;
2026-09-10 01:57:17.504 UTC postmaster[69699] pg_regress/horology ERROR:  invalid input syntax for type date: "1995-08-06 epoch" at character 13
2026-09-10 01:57:17.504 UTC postmaster[69699] pg_regress/horology STATEMENT:  SELECT date '1995-08-06 epoch';
2026-09-10 01:57:17.504 UTC postmaster[69699] pg_regress/horology ERROR:  invalid input syntax for type date: "1995-08-06 infinity" at character 13
2026-09-10 01:57:17.504 UTC postmaster[69699] pg_regress/horology STATEMENT:  SELECT date '1995-08-06 infinity';
2026-09-10 01:57:17.504 UTC postmaster[69699] pg_regress/horology ERROR:  invalid input syntax for type date: "1995-08-06 -infinity" at character 13
2026-09-10 01:57:17.504 UTC postmaster[69699] pg_regress/horology STATEMENT:  SELECT date '1995-08-06 -infinity';
2026-09-10 01:57:17.504 UTC postmaster[69699] pg_regress/horology ERROR:  invalid input syntax for type date: "today infinity" at character 13
2026-09-10 01:57:17.504 UTC postmaster[69699] pg_regress/horology STATEMENT:  SELECT date 'today infinity';
2026-09-10 01:57:17.505 UTC postmaster[69699] pg_regress/horology ERROR:  invalid input syntax for type date: "-infinity infinity" at character 13
2026-09-10 01:57:17.505 UTC postmaster[69699] pg_regress/horology STATEMENT:  SELECT date '-infinity infinity';
2026-09-10 01:57:17.505 UTC postmaster[69699] pg_regress/horology ERROR:  invalid input syntax for type timestamp: "1995-08-06 epoch" at character 18
2026-09-10 01:57:17.505 UTC postmaster[69699] pg_regress/horology STATEMENT:  SELECT timestamp '1995-08-06 epoch';
2026-09-10 01:57:17.505 UTC postmaster[69699] pg_regress/horology ERROR:  invalid input syntax for type timestamp: "1995-08-06 infinity" at character 18
2026-09-10 01:57:17.505 UTC postmaster[69699] pg_regress/horology STATEMENT:  SELECT timestamp '1995-08-06 infinity';
2026-09-10 01:57:17.505 UTC postmaster[69699] pg_regress/horology ERROR:  invalid input syntax for type timestamp: "1995-08-06 -infinity" at character 18
2026-09-10 01:57:17.505 UTC postmaster[69699] pg_regress/horology STATEMENT:  SELECT timestamp '1995-08-06 -infinity';
2026-09-10 01:57:17.505 UTC postmaster[69699] pg_regress/pg_ndistinct ERROR:  malformed pg_ndistinct: "[{"attributes" : [2,2], "ndistinct" : 4}]" at character 8
2026-09-10 01:57:17.505 UTC postmaster[69699] pg_regress/pg_ndistinct DETAIL:  Invalid "attributes" element has been found: 2 cannot follow 2.
2026-09-10 01:57:17.505 UTC postmaster[69699] pg_regress/pg_ndistinct STATEMENT:  SELECT '[{"attributes" : [2,2], "ndistinct" : 4}]'::pg_ndistinct;
2026-09-10 01:57:17.505 UTC postmaster[69699] pg_regress/horology ERROR:  invalid input syntax for type timestamp: "epoch 01:01:01" at character 18
2026-09-10 01:57:17.505 UTC postmaster[69699] pg_regress/horology STATEMENT:  SELECT timestamp 'epoch 01:01:01';
2026-09-10 01:57:17.505 UTC postmaster[69699] pg_regress/horology ERROR:  invalid input syntax for type timestamp: "infinity 01:01:01" at character 18
2026-09-10 01:57:17.505 UTC postmaster[69699] pg_regress/horology STATEMENT:  SELECT timestamp 'infinity 01:01:01';
2026-09-10 01:57:17.505 UTC postmaster[69699] pg_regress/horology ERROR:  invalid input syntax for type timestamp: "-infinity 01:01:01" at character 18
2026-09-10 01:57:17.505 UTC postmaster[69699] pg_regress/horology STATEMENT:  SELECT timestamp '-infinity 01:01:01';
2026-09-10 01:57:17.505 UTC postmaster[69699] pg_regress/horology ERROR:  invalid input syntax for type timestamp: "now epoch" at character 18
2026-09-10 01:57:17.505 UTC postmaster[69699] pg_regress/horology STATEMENT:  SELECT timestamp 'now epoch';
2026-09-10 01:57:17.506 UTC postmaster[69699] pg_regress/pg_ndistinct ERROR:  malformed pg_ndistinct: "[{"attributes" : [2,3], "ndistinct" : 4},
	         {"attributes" : [2,3], "ndistinct" : 4}]" at character 8
2026-09-10 01:57:17.506 UTC postmaster[69699] pg_regress/pg_ndistinct DETAIL:  Duplicated "attributes" array has been found: [2, 3].
2026-09-10 01:57:17.506 UTC postmaster[69699] pg_regress/pg_ndistinct STATEMENT:  SELECT '[{"attributes" : [2,3], "ndistinct" : 4},
	         {"attributes" : [2,3], "ndistinct" : 4}]'::pg_ndistinct;
2026-09-10 01:57:17.506 UTC postmaster[69699] pg_regress/horology ERROR:  invalid input syntax for type timestamp: "-infinity infinity" at character 18
2026-09-10 01:57:17.506 UTC postmaster[69699] pg_regress/horology STATEMENT:  SELECT timestamp '-infinity infinity';
2026-09-10 01:57:17.506 UTC postmaster[69699] pg_regress/encoding ERROR:  invalid byte sequence for encoding "UTF8": 0xc3
2026-09-10 01:57:17.506 UTC postmaster[69699] pg_regress/encoding STATEMENT:  SELECT length(truncated) FROM regress_encoding;
2026-09-10 01:57:17.506 UTC postmaster[69699] pg_regress/horology ERROR:  invalid input syntax for type timestamp with time zone: "1995-08-06 epoch" at character 20
2026-09-10 01:57:17.506 UTC postmaster[69699] pg_regress/horology STATEMENT:  SELECT timestamptz '1995-08-06 epoch';
2026-09-10 01:57:17.506 UTC postmaster[69699] pg_regress/horology ERROR:  invalid input syntax for type timestamp with time zone: "1995-08-06 infinity" at character 20
2026-09-10 01:57:17.506 UTC postmaster[69699] pg_regress/horology STATEMENT:  SELECT timestamptz '1995-08-06 infinity';
2026-09-10 01:57:17.506 UTC postmaster[69699] pg_regress/horology ERROR:  invalid input syntax for type timestamp with time zone: "1995-08-06 -infinity" at character 20
2026-09-10 01:57:17.506 UTC postmaster[69699] pg_regress/horology STATEMENT:  SELECT timestamptz '1995-08-06 -infinity';
2026-09-10 01:57:17.506 UTC postmaster[69699] pg_regress/pg_ndistinct ERROR:  malformed pg_ndistinct: "[{"attributes" : [2,3], "ndistinct" : 4},
	         {"attributes" : [2,-1], "ndistinct" : 4},
	         {"attributes" : [2,3,-1], "ndistinct" : 4},
	         {"attributes" : [1,3,-1,-2], "ndistinct" : 4}]" at character 8
2026-09-10 01:57:17.506 UTC postmaster[69699] pg_regress/pg_ndistinct DETAIL:  "attributes" array [2, 3] must be a subset of array [1, 3, -1, -2].
2026-09-10 01:57:17.506 UTC postmaster[69699] pg_regress/pg_ndistinct STATEMENT:  SELECT '[{"attributes" : [2,3], "ndistinct" : 4},
	         {"attributes" : [2,-1], "ndistinct" : 4},
	         {"attributes" : [2,3,-1], "ndistinct" : 4},
	         {"attributes" : [1,3,-1,-2], "ndistinct" : 4}]'::pg_ndistinct;
2026-09-10 01:57:17.506 UTC postmaster[69699] pg_regress/horology ERROR:  invalid input syntax for type timestamp with time zone: "epoch 01:01:01" at character 20
2026-09-10 01:57:17.506 UTC postmaster[69699] pg_regress/horology STATEMENT:  SELECT timestamptz 'epoch 01:01:01';
2026-09-10 01:57:17.506 UTC postmaster[69699] pg_regress/encoding ERROR:  invalid byte sequence for encoding "UTF8": 0xc3
2026-09-10 01:57:17.506 UTC postmaster[69699] pg_regress/encoding STATEMENT:  SELECT substring(truncated, 1, 4) FROM regress_encoding;
2026-09-10 01:57:17.506 UTC postmaster[69699] pg_regress/horology ERROR:  invalid input syntax for type timestamp with time zone: "infinity 01:01:01" at character 20
2026-09-10 01:57:17.506 UTC postmaster[69699] pg_regress/horology STATEMENT:  SELECT timestamptz 'infinity 01:01:01';
2026-09-10 01:57:17.506 UTC postmaster[69699] pg_regress/horology ERROR:  invalid input syntax for type timestamp with time zone: "-infinity 01:01:01" at character 20
2026-09-10 01:57:17.506 UTC postmaster[69699] pg_regress/horology STATEMENT:  SELECT timestamptz '-infinity 01:01:01';
2026-09-10 01:57:17.506 UTC postmaster[69699] pg_regress/encoding ERROR:  invalid byte sequence for encoding "UTF8": 0xc3
2026-09-10 01:57:17.506 UTC postmaster[69699] pg_regress/encoding STATEMENT:  SELECT reverse(truncated) FROM regress_encoding;
2026-09-10 01:57:17.506 UTC postmaster[69699] pg_regress/pg_dependencies ERROR:  malformed pg_dependencies: "[{"attributes": [2], "dependency": 4, "degree": -Infinity}]"
2026-09-10 01:57:17.506 UTC postmaster[69699] pg_regress/pg_dependencies DETAIL:  Input data must be valid JSON.
2026-09-10 01:57:17.506 UTC postmaster[69699] pg_regress/pg_dependencies STATEMENT:  SELECT '[{"attributes" : [2], "dependency" : 4, "degree": "-inf"}]'::pg_dependencies::text::pg_dependencies;
2026-09-10 01:57:17.507 UTC postmaster[69699] pg_regress/horology ERROR:  invalid input syntax for type timestamp with time zone: "now epoch" at character 20
2026-09-10 01:57:17.507 UTC postmaster[69699] pg_regress/horology STATEMENT:  SELECT timestamptz 'now epoch';
2026-09-10 01:57:17.507 UTC postmaster[69699] pg_regress/pg_dependencies ERROR:  malformed pg_dependencies: "[{"attributes" : [2,3], "attributes": [1,2], "dependency" : 4, "degree": 1.000}]" at character 8
2026-09-10 01:57:17.507 UTC postmaster[69699] pg_regress/pg_dependencies DETAIL:  Multiple "attributes" keys are not allowed.
2026-09-10 01:57:17.507 UTC postmaster[69699] pg_regress/pg_dependencies STATEMENT:  SELECT '[{"attributes" : [2,3], "attributes": [1,2], "dependency" : 4, "degree": 1.000}]'::pg_dependencies;
2026-09-10 01:57:17.507 UTC postmaster[69699] pg_regress/horology ERROR:  invalid input syntax for type timestamp with time zone: "-infinity infinity" at character 20
2026-09-10 01:57:17.507 UTC postmaster[69699] pg_regress/horology STATEMENT:  SELECT timestamptz '-infinity infinity';
2026-09-10 01:57:17.507 UTC postmaster[69699] pg_regress/pg_dependencies ERROR:  malformed pg_dependencies: "[{"attributes" : [2,3], "dependency" : 4, "dependency": 4, "degree": 1.000}]" at character 8
2026-09-10 01:57:17.507 UTC postmaster[69699] pg_regress/pg_dependencies DETAIL:  Multiple "dependency" keys are not allowed.
2026-09-10 01:57:17.507 UTC postmaster[69699] pg_regress/pg_dependencies STATEMENT:  SELECT '[{"attributes" : [2,3], "dependency" : 4, "dependency": 4, "degree": 1.000}]'::pg_dependencies;
2026-09-10 01:57:17.507 UTC postmaster[69699] pg_regress/pg_dependencies ERROR:  malformed pg_dependencies: "[{"attributes" : [2,3], "dependency": 4, "degree": 1.000, "degree": 1.000}]" at character 8
2026-09-10 01:57:17.507 UTC postmaster[69699] pg_regress/pg_dependencies DETAIL:  Multiple "degree" keys are not allowed.
2026-09-10 01:57:17.507 UTC postmaster[69699] pg_regress/pg_dependencies STATEMENT:  SELECT '[{"attributes" : [2,3], "dependency": 4, "degree": 1.000, "degree": 1.000}]'::pg_dependencies;
2026-09-10 01:57:17.508 UTC postmaster[69699] pg_regress/pg_dependencies ERROR:  malformed pg_dependencies: "[{"attributes" : [0,2], "dependency" : 4, "degree": 0.500}]" at character 8
2026-09-10 01:57:17.508 UTC postmaster[69699] pg_regress/pg_dependencies DETAIL:  Invalid "attributes" element has been found: 0.
2026-09-10 01:57:17.508 UTC postmaster[69699] pg_regress/pg_dependencies STATEMENT:  SELECT '[{"attributes" : [0,2], "dependency" : 4, "degree": 0.500}]'::pg_dependencies;
2026-09-10 01:57:17.508 UTC postmaster[69699] pg_regress/oid8 ERROR:  cannot cast type oid8 to oid at character 15
2026-09-10 01:57:17.508 UTC postmaster[69699] pg_regress/oid8 STATEMENT:  SELECT 1::oid8::oid;
2026-09-10 01:57:17.508 UTC postmaster[69699] pg_regress/pg_dependencies ERROR:  malformed pg_dependencies: "[{"attributes" : [-7,-9], "dependency" : 4, "degree": 0.500}]" at character 8
2026-09-10 01:57:17.508 UTC postmaster[69699] pg_regress/pg_dependencies DETAIL:  Invalid "attributes" element has been found: -9.
2026-09-10 01:57:17.508 UTC postmaster[69699] pg_regress/pg_dependencies STATEMENT:  SELECT '[{"attributes" : [-7,-9], "dependency" : 4, "degree": 0.500}]'::pg_dependencies;
xtc: backend fiber exiting pid=(loop=5,local=1,gen=3) code=0
xtc: supervisor observed normal backend fiber DOWN pid=(loop=5,local=1,gen=3)
2026-09-10 01:57:17.509 UTC postmaster[69699] pg_regress/pg_dependencies ERROR:  malformed pg_dependencies: "[{"attributes" : [2,2], "dependency" : 4, "degree": 0.500}]" at character 8
2026-09-10 01:57:17.509 UTC postmaster[69699] pg_regress/pg_dependencies DETAIL:  Invalid "attributes" element has been found: 2 cannot follow 2.
2026-09-10 01:57:17.509 UTC postmaster[69699] pg_regress/pg_dependencies STATEMENT:  SELECT '[{"attributes" : [2,2], "dependency" : 4, "degree": 0.500}]'::pg_dependencies;
2026-09-10 01:57:17.510 UTC postmaster[69699] pg_regress/pg_dependencies ERROR:  malformed pg_dependencies: "[{"attributes" : [2,3], "dependency" : 4, "degree": 1.000},
	         {"attributes" : [2,3], "dependency" : 4, "degree": 1.000}]" at character 8
2026-09-10 01:57:17.510 UTC postmaster[69699] pg_regress/pg_dependencies DETAIL:  Duplicated "attributes" array has been found: [2, 3] for key "dependency" and value 4.
2026-09-10 01:57:17.510 UTC postmaster[69699] pg_regress/pg_dependencies STATEMENT:  SELECT '[{"attributes" : [2,3], "dependency" : 4, "degree": 1.000},
	         {"attributes" : [2,3], "dependency" : 4, "degree": 1.000}]'::pg_dependencies;
2026-09-10 01:57:17.510 UTC postmaster[69699] pg_regress/encoding ERROR:  invalid byte sequence for encoding "UTF8": 0xc3 0x00
2026-09-10 01:57:17.510 UTC postmaster[69699] pg_regress/encoding STATEMENT:  SELECT convert_to(substring(truncated_with_nul, 4, 1), 'UTF8') FROM regress_encoding;
2026-09-10 01:57:17.511 UTC postmaster[69699] pg_regress/horology ERROR:  operator does not exist: date - time with time zone at character 26
2026-09-10 01:57:17.511 UTC postmaster[69699] pg_regress/horology DETAIL:  No operator of that name accepts the given argument types.
2026-09-10 01:57:17.511 UTC postmaster[69699] pg_regress/horology HINT:  You might need to add explicit type casts.
2026-09-10 01:57:17.511 UTC postmaster[69699] pg_regress/horology STATEMENT:  SELECT date '1991-02-03' - time with time zone '04:05:06 UTC' AS "Subtract Time UTC";
xtc: backend fiber exiting pid=(loop=6,local=1,gen=3) code=0
xtc: supervisor observed normal backend fiber DOWN pid=(loop=6,local=1,gen=3)
2026-09-10 01:57:17.513 UTC postmaster[69699] pg_regress/xid ERROR:  invalid input syntax for type pg_snapshot: "31:12:" at character 8
2026-09-10 01:57:17.513 UTC postmaster[69699] pg_regress/xid STATEMENT:  select '31:12:'::pg_snapshot;
xtc: backend fiber exiting pid=(loop=28,local=1,gen=2) code=0
xtc: supervisor observed normal backend fiber DOWN pid=(loop=28,local=1,gen=2)
2026-09-10 01:57:17.514 UTC postmaster[69699] pg_regress/xid ERROR:  invalid input syntax for type pg_snapshot: "0:1:" at character 8
2026-09-10 01:57:17.514 UTC postmaster[69699] pg_regress/xid STATEMENT:  select '0:1:'::pg_snapshot;
2026-09-10 01:57:17.514 UTC postmaster[69699] pg_regress/encoding ERROR:  invalid byte sequence for encoding "UTF8": 0xc3
2026-09-10 01:57:17.514 UTC postmaster[69699] pg_regress/encoding STATEMENT:  SELECT test_mblen_func('pg_mblen_with_len', 'UTF8', truncated, 3)
	FROM regress_encoding;
2026-09-10 01:57:17.514 UTC postmaster[69699] pg_regress/xid ERROR:  invalid input syntax for type pg_snapshot: "12:13:0" at character 8
2026-09-10 01:57:17.514 UTC postmaster[69699] pg_regress/xid STATEMENT:  select '12:13:0'::pg_snapshot;
2026-09-10 01:57:17.514 UTC postmaster[69699] pg_regress/xid ERROR:  invalid input syntax for type pg_snapshot: "12:16:14,13" at character 8
2026-09-10 01:57:17.514 UTC postmaster[69699] pg_regress/xid STATEMENT:  select '12:16:14,13'::pg_snapshot;
2026-09-10 01:57:17.514 UTC postmaster[69699] pg_regress/encoding ERROR:  invalid byte sequence for encoding "UTF8": 0xc3
2026-09-10 01:57:17.514 UTC postmaster[69699] pg_regress/encoding STATEMENT:  SELECT test_mblen_func('pg_mblen_range', 'UTF8', truncated, 3)
	FROM regress_encoding;
xtc: backend fiber exiting pid=(loop=31,local=1,gen=2) code=0
2026-09-10 01:57:17.514 UTC postmaster[69699] LOG:  checkpoint starting: fast force wait flush-unlogged
2026-09-10 01:57:17.515 UTC postmaster[69699] pg_regress/horology ERROR:  timestamp out of range
2026-09-10 01:57:17.515 UTC postmaster[69699] pg_regress/horology STATEMENT:  SELECT timestamp without time zone '2000-01-01' - interval '2483590 days' AS "out of range";
2026-09-10 01:57:17.515 UTC postmaster[69699] pg_regress/horology ERROR:  timestamp out of range
2026-09-10 01:57:17.515 UTC postmaster[69699] pg_regress/horology STATEMENT:  SELECT timestamp without time zone '294276-12-31 23:59:59' + interval '9223372036854775807 microseconds' AS "out of range";
2026-09-10 01:57:17.515 UTC postmaster[69699] pg_regress/encoding ERROR:  invalid byte sequence for encoding "UTF8": 0xc3
2026-09-10 01:57:17.515 UTC postmaster[69699] pg_regress/encoding STATEMENT:  SELECT test_mblen_func('pg_mblen_cstr', 'UTF8', truncated_with_nul, 3)
	FROM regress_encoding;
xtc: supervisor observed normal backend fiber DOWN pid=(loop=31,local=1,gen=2)
2026-09-10 01:57:17.519 UTC postmaster[69699] pg_regress/horology ERROR:  timestamp out of range
2026-09-10 01:57:17.519 UTC postmaster[69699] pg_regress/horology STATEMENT:  SELECT timestamp with time zone '2000-01-01' - interval '2483590 days' AS "out of range";
2026-09-10 01:57:17.519 UTC postmaster[69699] pg_regress/horology ERROR:  timestamp out of range
2026-09-10 01:57:17.519 UTC postmaster[69699] pg_regress/horology STATEMENT:  SELECT timestamp with time zone '294276-12-31 23:59:59 UTC' + interval '9223372036854775807 microseconds' AS "out of range";
xtc: backend fiber exiting pid=(loop=7,local=1,gen=3) code=0
xtc: supervisor observed normal backend fiber DOWN pid=(loop=7,local=1,gen=3)
2026-09-10 01:57:17.524 UTC postmaster[69699] pg_regress/horology ERROR:  cannot cast type time with time zone to interval at character 8
2026-09-10 01:57:17.524 UTC postmaster[69699] pg_regress/horology STATEMENT:  SELECT CAST(time with time zone '01:02-08' AS interval) AS "+00:01";
2026-09-10 01:57:17.524 UTC postmaster[69699] pg_regress/horology ERROR:  cannot cast type interval to time with time zone at character 8
2026-09-10 01:57:17.524 UTC postmaster[69699] pg_regress/horology STATEMENT:  SELECT CAST(interval '02:03' AS time with time zone) AS "02:03:00-08";
2026-09-10 01:57:17.524 UTC postmaster[69699] pg_regress/xid ERROR:  invalid input syntax for type pg_snapshot: "1:9223372036854775808:3" at character 20
2026-09-10 01:57:17.524 UTC postmaster[69699] pg_regress/xid STATEMENT:  SELECT pg_snapshot '1:9223372036854775808:3';
2026-09-10 01:57:17.530 UTC postmaster[69699] pg_regress/geometry ERROR:  operator does not exist: lseg # point at character 23
2026-09-10 01:57:17.530 UTC postmaster[69699] pg_regress/geometry DETAIL:  No operator of that name accepts the given argument types.
2026-09-10 01:57:17.530 UTC postmaster[69699] pg_regress/geometry HINT:  You might need to add explicit type casts.
2026-09-10 01:57:17.530 UTC postmaster[69699] pg_regress/geometry STATEMENT:  SELECT p.f1, l.s, l.s # p.f1 AS intersection
	   FROM LSEG_TBL l, POINT_TBL p;
xtc: backend fiber exiting pid=(loop=32,local=1,gen=2) code=0
xtc: supervisor observed normal backend fiber DOWN pid=(loop=32,local=1,gen=2)
2026-09-10 01:57:17.532 UTC postmaster[69699] pg_regress/expressions ERROR:  operator does not exist: point = box at character 23
2026-09-10 01:57:17.532 UTC postmaster[69699] pg_regress/expressions DETAIL:  No operator of that name accepts the given argument types.
2026-09-10 01:57:17.532 UTC postmaster[69699] pg_regress/expressions HINT:  You might need to add explicit type casts.
2026-09-10 01:57:17.532 UTC postmaster[69699] pg_regress/expressions STATEMENT:  select '(0,0)'::point in ('(0,0,0,0)'::box, point(0,0));
2026-09-10 01:57:17.538 UTC postmaster[69699] pg_regress/encoding ERROR:  invalid byte sequence for encoding "UTF8": 0xe2 0x80
2026-09-10 01:57:17.538 UTC postmaster[69699] pg_regress/encoding STATEMENT:  SELECT SUBSTRING(c FROM 4001 FOR 1) FROM toast_3b_utf8;
2026-09-10 01:57:17.540 UTC postmaster[69699] pg_regress/encoding ERROR:  invalid byte sequence for encoding "UTF8"
2026-09-10 01:57:17.540 UTC postmaster[69699] pg_regress/encoding STATEMENT:  SELECT ascii(test_bytea_to_text('\xc3'));
2026-09-10 01:57:17.541 UTC postmaster[69699] pg_regress/encoding ERROR:  invalid byte sequence for encoding "UTF8"
2026-09-10 01:57:17.541 UTC postmaster[69699] pg_regress/encoding STATEMENT:  SELECT ascii(test_bytea_to_text('\xe2'));
2026-09-10 01:57:17.541 UTC postmaster[69699] pg_regress/encoding ERROR:  invalid byte sequence for encoding "UTF8"
2026-09-10 01:57:17.541 UTC postmaster[69699] pg_regress/encoding STATEMENT:  SELECT ascii(test_bytea_to_text('\xe282'));
2026-09-10 01:57:17.541 UTC postmaster[69699] pg_regress/encoding ERROR:  invalid byte sequence for encoding "UTF8"
2026-09-10 01:57:17.541 UTC postmaster[69699] pg_regress/encoding STATEMENT:  SELECT ascii(test_bytea_to_text('\xf0'));
2026-09-10 01:57:17.541 UTC postmaster[69699] pg_regress/encoding ERROR:  invalid byte sequence for encoding "UTF8"
2026-09-10 01:57:17.541 UTC postmaster[69699] pg_regress/encoding STATEMENT:  SELECT ascii(test_bytea_to_text('\xf09f'));
2026-09-10 01:57:17.542 UTC postmaster[69699] pg_regress/encoding ERROR:  invalid byte sequence for encoding "UTF8"
2026-09-10 01:57:17.542 UTC postmaster[69699] pg_regress/encoding STATEMENT:  SELECT ascii(test_bytea_to_text('\xf09f98'));
2026-09-10 01:57:17.542 UTC postmaster[69699] pg_regress/encoding ERROR:  invalid byte sequence for encoding "UTF8"
2026-09-10 01:57:17.542 UTC postmaster[69699] pg_regress/encoding STATEMENT:  SELECT ascii(test_bytea_to_text('\xc3ff'));
2026-09-10 01:57:17.542 UTC postmaster[69699] pg_regress/encoding ERROR:  invalid byte sequence for encoding "UTF8"
2026-09-10 01:57:17.542 UTC postmaster[69699] pg_regress/encoding STATEMENT:  SELECT ascii(test_bytea_to_text('\x80'));
2026-09-10 01:57:17.547 UTC postmaster[69699] pg_regress/horology ERROR:  date out of range for timestamp
2026-09-10 01:57:17.547 UTC postmaster[69699] pg_regress/horology STATEMENT:  SELECT '2202020-10-05'::date::timestamp;
2026-09-10 01:57:17.547 UTC postmaster[69699] pg_regress/stats_import ERROR:  argument "schemaname" must not be null
2026-09-10 01:57:17.547 UTC postmaster[69699] pg_regress/stats_import STATEMENT:  SELECT pg_catalog.pg_restore_relation_stats(
	        'relname', 'test',
	        'relpages', 17::integer);
2026-09-10 01:57:17.547 UTC postmaster[69699] pg_regress/stats_import ERROR:  argument "relname" must not be null
2026-09-10 01:57:17.547 UTC postmaster[69699] pg_regress/stats_import STATEMENT:  SELECT pg_catalog.pg_restore_relation_stats(
	        'schemaname', 'stats_import',
	        'relpages', 17::integer);
2026-09-10 01:57:17.548 UTC postmaster[69699] pg_regress/horology ERROR:  date out of range for timestamp
2026-09-10 01:57:17.548 UTC postmaster[69699] pg_regress/horology STATEMENT:  SELECT '2202020-10-05'::date::timestamptz;
2026-09-10 01:57:17.548 UTC postmaster[69699] pg_regress/stats_import WARNING:  argument "schemaname" has type double precision, expected type text
2026-09-10 01:57:17.548 UTC postmaster[69699] pg_regress/stats_import ERROR:  argument "schemaname" must not be null
2026-09-10 01:57:17.548 UTC postmaster[69699] pg_regress/stats_import STATEMENT:  SELECT pg_catalog.pg_restore_relation_stats(
	        'schemaname', 3.6::float,
	        'relname', 'test',
	        'relpages', 17::integer);
2026-09-10 01:57:17.548 UTC postmaster[69699] pg_regress/stats_import WARNING:  argument "relname" has type oid, expected type text
2026-09-10 01:57:17.548 UTC postmaster[69699] pg_regress/stats_import ERROR:  argument "relname" must not be null
2026-09-10 01:57:17.548 UTC postmaster[69699] pg_regress/stats_import STATEMENT:  SELECT pg_catalog.pg_restore_relation_stats(
	        'schemaname', 'stats_import',
	        'relname', 0::oid,
	        'relpages', 17::integer);
2026-09-10 01:57:17.548 UTC postmaster[69699] pg_regress/stats_import ERROR:  relation "stats_import.nope" does not exist
2026-09-10 01:57:17.548 UTC postmaster[69699] pg_regress/stats_import STATEMENT:  SELECT pg_catalog.pg_restore_relation_stats(
	        'schemaname', 'stats_import',
	        'relname', 'nope',
	        'relpages', 17::integer);
2026-09-10 01:57:17.548 UTC postmaster[69699] pg_regress/stats_import ERROR:  variadic arguments must be name/value pairs
2026-09-10 01:57:17.548 UTC postmaster[69699] pg_regress/stats_import HINT:  Provide an even number of variadic arguments that can be divided into pairs.
2026-09-10 01:57:17.548 UTC postmaster[69699] pg_regress/stats_import STATEMENT:  SELECT pg_restore_relation_stats(
	        'schemaname', 'stats_import',
	        'relname', 'test',
	        'relallvisible');
2026-09-10 01:57:17.548 UTC postmaster[69699] pg_regress/stats_import ERROR:  name at variadic position 5 is null
2026-09-10 01:57:17.548 UTC postmaster[69699] pg_regress/stats_import STATEMENT:  SELECT pg_restore_relation_stats(
	        'schemaname', 'stats_import',
	        'relname', 'test',
	        NULL, '17'::integer);
2026-09-10 01:57:17.549 UTC postmaster[69699] pg_regress/horology ERROR:  date out of range for timestamp
2026-09-10 01:57:17.549 UTC postmaster[69699] pg_regress/horology STATEMENT:  SELECT '4714-11-24 BC'::date::timestamptz;
2026-09-10 01:57:17.551 UTC postmaster[69699] pg_regress/encoding ERROR:  column "real§_name" does not exist at character 8
2026-09-10 01:57:17.551 UTC postmaster[69699] pg_regress/encoding HINT:  Perhaps you meant to reference the column "x.real_name".
2026-09-10 01:57:17.551 UTC postmaster[69699] pg_regress/encoding STATEMENT:  SELECT U&"real\00A7_name" FROM (select 1) AS x(real_name);
2026-09-10 01:57:17.552 UTC postmaster[69699] pg_regress/encoding ERROR:  invalid input syntax for type json
2026-09-10 01:57:17.552 UTC postmaster[69699] pg_regress/encoding DETAIL:  Token "§§§§§§§§§§§§§§§§§§§§§§§§§§§§§§" is invalid.
2026-09-10 01:57:17.552 UTC postmaster[69699] pg_regress/encoding CONTEXT:  JSON data, line 1: ...§§§§§§§§§§§§§§§§§§§§§§§§
2026-09-10 01:57:17.552 UTC postmaster[69699] pg_regress/encoding STATEMENT:  SELECT repeat(U&'\00A7', 30)::json;
2026-09-10 01:57:17.553 UTC postmaster[69699] LOG:  checkpoint complete: fast force wait flush-unlogged: wrote 4028 buffers (24.6%), wrote 3 SLRU buffers; 0 WAL file(s) added, 0 removed, 2 recycled; write=0.037 s, sync=0.001 s, total=0.039 s; sync files=0, longest=0.000 s, average=0.000 s; distance=29408 kB, estimate=29408 kB; lsn=0/03591C68, redo lsn=0/034A89D0
2026-09-10 01:57:17.553 UTC postmaster[69699] pg_regress/geometry ERROR:  open path cannot be converted to polygon
2026-09-10 01:57:17.553 UTC postmaster[69699] pg_regress/geometry STATEMENT:  SELECT f1, f1::polygon FROM PATH_TBL WHERE isopen(f1);
xtc: backend fiber exiting pid=(loop=9,local=1,gen=3) code=0
xtc: supervisor observed normal backend fiber DOWN pid=(loop=9,local=1,gen=3)
xtc: backend fiber exiting pid=(loop=2,local=2,gen=2) code=0
xtc: supervisor observed normal backend fiber DOWN pid=(loop=2,local=2,gen=2)
2026-09-10 01:57:17.558 UTC postmaster[69699] pg_regress/horology ERROR:  invalid value "/Feb/16" for "Mon"
2026-09-10 01:57:17.558 UTC postmaster[69699] pg_regress/horology DETAIL:  The given value did not match any of the allowed values for this field.
2026-09-10 01:57:17.558 UTC postmaster[69699] pg_regress/horology STATEMENT:  SELECT to_timestamp('97/Feb/16', 'YYMonDD');
2026-09-10 01:57:17.562 UTC postmaster[69699] pg_regress/geometry ERROR:  division by zero
2026-09-10 01:57:17.562 UTC postmaster[69699] pg_regress/geometry STATEMENT:  SELECT p.f1, p1.f1, p.f1 / p1.f1 FROM PATH_TBL p, POINT_TBL p1 WHERE p1.f1 ~= '(0,0)'::point;
2026-09-10 01:57:17.563 UTC postmaster[69699] pg_regress/horology ERROR:  invalid value "JUNK" for "TZ"
2026-09-10 01:57:17.563 UTC postmaster[69699] pg_regress/horology DETAIL:  Time zone abbreviation is not recognized.
2026-09-10 01:57:17.563 UTC postmaster[69699] pg_regress/horology STATEMENT:  SELECT to_timestamp('2011-12-18 11:38 JUNK', 'YYYY-MM-DD HH12:MI TZ');
2026-09-10 01:57:17.564 UTC postmaster[69699] pg_regress/horology ERROR:  invalid value ".." for "TZ"
2026-09-10 01:57:17.564 UTC postmaster[69699] pg_regress/horology DETAIL:  Value must be an integer.
2026-09-10 01:57:17.564 UTC postmaster[69699] pg_regress/horology STATEMENT:  SELECT to_timestamp('2011-12-18 11:38 ...', 'YYYY-MM-DD HH12:MI TZ');
2026-09-10 01:57:17.564 UTC postmaster[69699] pg_regress/horology ERROR:  invalid value "xy" for "OF"
2026-09-10 01:57:17.564 UTC postmaster[69699] pg_regress/horology DETAIL:  Value must be an integer.
2026-09-10 01:57:17.564 UTC postmaster[69699] pg_regress/horology STATEMENT:  SELECT to_timestamp('2011-12-18 11:38 +xyz', 'YYYY-MM-DD HH12:MI OF');
2026-09-10 01:57:17.564 UTC postmaster[69699] pg_regress/horology ERROR:  invalid value "xy" for "OF"
2026-09-10 01:57:17.564 UTC postmaster[69699] pg_regress/horology DETAIL:  Value must be an integer.
2026-09-10 01:57:17.564 UTC postmaster[69699] pg_regress/horology STATEMENT:  SELECT to_timestamp('2011-12-18 11:38 +01:xyz', 'YYYY-MM-DD HH12:MI OF');
2026-09-10 01:57:17.566 UTC postmaster[69699] pg_regress/horology ERROR:  date/time field value out of range: "2018-11-02 12:34:56.123456789"
2026-09-10 01:57:17.566 UTC postmaster[69699] pg_regress/horology STATEMENT:  SELECT i, to_timestamp('2018-11-02 12:34:56.123456789', 'YYYY-MM-DD HH24:MI:SS.FF' || i) FROM generate_series(1, 6) i;
2026-09-10 01:57:17.570 UTC postmaster[69699] pg_regress/stats_import WARNING:  argument "reltuples" must be a finite value
2026-09-10 01:57:17.570 UTC postmaster[69699] pg_regress/horology ERROR:  invalid value "+" for "MON"
2026-09-10 01:57:17.570 UTC postmaster[69699] pg_regress/horology DETAIL:  The given value did not match any of the allowed values for this field.
2026-09-10 01:57:17.570 UTC postmaster[69699] pg_regress/horology STATEMENT:  SELECT to_timestamp('2000 + + JUN', 'YYYY  MON');
2026-09-10 01:57:17.570 UTC postmaster[69699] pg_regress/stats_import WARNING:  argument "reltuples" must be a finite value
2026-09-10 01:57:17.570 UTC postmaster[69699] pg_regress/stats_import WARNING:  argument "reltuples" must be a finite value
2026-09-10 01:57:17.571 UTC postmaster[69699] pg_regress/stats_import WARNING:  argument "reltuples" must not be less than -1.0
2026-09-10 01:57:17.571 UTC postmaster[69699] pg_regress/horology ERROR:  invalid value "x1" for "MM"
2026-09-10 01:57:17.571 UTC postmaster[69699] pg_regress/horology DETAIL:  Value must be an integer.
2026-09-10 01:57:17.571 UTC postmaster[69699] pg_regress/horology STATEMENT:  SELECT to_date('2011 x12 x18', 'YYYYxMMxDD');
2026-09-10 01:57:17.571 UTC postmaster[69699] pg_regress/horology ERROR:  invalid combination of date conventions
2026-09-10 01:57:17.571 UTC postmaster[69699] pg_regress/horology HINT:  Do not mix Gregorian and ISO week date conventions in a formatting template.
2026-09-10 01:57:17.571 UTC postmaster[69699] pg_regress/horology STATEMENT:  SELECT to_timestamp('2005527', 'YYYYIWID');
2026-09-10 01:57:17.571 UTC postmaster[69699] pg_regress/horology ERROR:  source string too short for "MM" formatting field
2026-09-10 01:57:17.571 UTC postmaster[69699] pg_regress/horology DETAIL:  Field requires 2 characters, but only 1 remain.
2026-09-10 01:57:17.571 UTC postmaster[69699] pg_regress/horology HINT:  If your source string is not fixed-width, try using the "FM" modifier.
2026-09-10 01:57:17.571 UTC postmaster[69699] pg_regress/horology STATEMENT:  SELECT to_timestamp('19971', 'YYYYMMDD');
2026-09-10 01:57:17.572 UTC postmaster[69699] pg_regress/horology ERROR:  invalid value "1)" for "MM"
2026-09-10 01:57:17.572 UTC postmaster[69699] pg_regress/horology DETAIL:  Field requires 2 characters, but only 1 could be parsed.
2026-09-10 01:57:17.572 UTC postmaster[69699] pg_regress/horology HINT:  If your source string is not fixed-width, try using the "FM" modifier.
2026-09-10 01:57:17.572 UTC postmaster[69699] pg_regress/horology STATEMENT:  SELECT to_timestamp('19971)24', 'YYYYMMDD');
2026-09-10 01:57:17.572 UTC postmaster[69699] pg_regress/horology ERROR:  invalid value "da" for "DD"
2026-09-10 01:57:17.572 UTC postmaster[69699] pg_regress/horology DETAIL:  Value must be an integer.
2026-09-10 01:57:17.572 UTC postmaster[69699] pg_regress/horology STATEMENT:  SELECT to_timestamp('Friday 1-January-1999', 'DY DD MON YYYY');
2026-09-10 01:57:17.572 UTC postmaster[69699] pg_regress/horology ERROR:  invalid value "uary" for "YYYY"
2026-09-10 01:57:17.572 UTC postmaster[69699] pg_regress/horology DETAIL:  Value must be an integer.
2026-09-10 01:57:17.572 UTC postmaster[69699] pg_regress/horology STATEMENT:  SELECT to_timestamp('Fri 1-January-1999', 'DY DD MON YYYY');
2026-09-10 01:57:17.572 UTC postmaster[69699] pg_regress/horology ERROR:  conflicting values for "Mon" field in formatting string
2026-09-10 01:57:17.572 UTC postmaster[69699] pg_regress/horology DETAIL:  This value contradicts a previous setting for the same field type.
2026-09-10 01:57:17.572 UTC postmaster[69699] pg_regress/horology STATEMENT:  SELECT to_timestamp('1997-11-Jan-16', 'YYYY-MM-Mon-DD');
2026-09-10 01:57:17.572 UTC postmaster[69699] pg_regress/horology ERROR:  invalid value "xy" for "DD"
2026-09-10 01:57:17.572 UTC postmaster[69699] pg_regress/horology DETAIL:  Value must be an integer.
2026-09-10 01:57:17.572 UTC postmaster[69699] pg_regress/horology STATEMENT:  SELECT to_timestamp('199711xy', 'YYYYMMDD');
2026-09-10 01:57:17.572 UTC postmaster[69699] pg_regress/horology ERROR:  value for "YYYY" in source string is out of range
2026-09-10 01:57:17.572 UTC postmaster[69699] pg_regress/horology DETAIL:  Value must be in the range -2147483648 to 2147483647.
2026-09-10 01:57:17.572 UTC postmaster[69699] pg_regress/horology STATEMENT:  SELECT to_timestamp('10000000000', 'FMYYYY');
2026-09-10 01:57:17.572 UTC postmaster[69699] pg_regress/horology ERROR:  date/time field value out of range: "2016-06-13 25:00:00"
2026-09-10 01:57:17.572 UTC postmaster[69699] pg_regress/horology STATEMENT:  SELECT to_timestamp('2016-06-13 25:00:00', 'YYYY-MM-DD HH24:MI:SS');
2026-09-10 01:57:17.572 UTC postmaster[69699] pg_regress/horology ERROR:  date/time field value out of range: "2016-06-13 15:60:00"
2026-09-10 01:57:17.572 UTC postmaster[69699] pg_regress/horology STATEMENT:  SELECT to_timestamp('2016-06-13 15:60:00', 'YYYY-MM-DD HH24:MI:SS');
2026-09-10 01:57:17.572 UTC postmaster[69699] pg_regress/horology ERROR:  date/time field value out of range: "2016-06-13 15:50:60"
2026-09-10 01:57:17.572 UTC postmaster[69699] pg_regress/horology STATEMENT:  SELECT to_timestamp('2016-06-13 15:50:60', 'YYYY-MM-DD HH24:MI:SS');
2026-09-10 01:57:17.573 UTC postmaster[69699] pg_regress/horology ERROR:  hour "15" is invalid for the 12-hour clock
2026-09-10 01:57:17.573 UTC postmaster[69699] pg_regress/horology HINT:  Use the 24-hour clock, or give an hour between 1 and 12.
2026-09-10 01:57:17.573 UTC postmaster[69699] pg_regress/horology STATEMENT:  SELECT to_timestamp('2016-06-13 15:50:55', 'YYYY-MM-DD HH:MI:SS');
2026-09-10 01:57:17.573 UTC postmaster[69699] pg_regress/horology ERROR:  date/time field value out of range: "2016-13-01 15:50:55"
2026-09-10 01:57:17.573 UTC postmaster[69699] pg_regress/horology STATEMENT:  SELECT to_timestamp('2016-13-01 15:50:55', 'YYYY-MM-DD HH24:MI:SS');
2026-09-10 01:57:17.573 UTC postmaster[69699] pg_regress/horology ERROR:  date/time field value out of range: "2016-02-30 15:50:55"
2026-09-10 01:57:17.573 UTC postmaster[69699] pg_regress/horology STATEMENT:  SELECT to_timestamp('2016-02-30 15:50:55', 'YYYY-MM-DD HH24:MI:SS');
2026-09-10 01:57:17.573 UTC postmaster[69699] pg_regress/horology ERROR:  date/time field value out of range: "2015-02-29 15:50:55"
2026-09-10 01:57:17.573 UTC postmaster[69699] pg_regress/horology STATEMENT:  SELECT to_timestamp('2015-02-29 15:50:55', 'YYYY-MM-DD HH24:MI:SS');
2026-09-10 01:57:17.573 UTC postmaster[69699] pg_regress/horology ERROR:  date/time field value out of range: "2015-02-11 86400"
2026-09-10 01:57:17.573 UTC postmaster[69699] pg_regress/horology STATEMENT:  SELECT to_timestamp('2015-02-11 86400', 'YYYY-MM-DD SSSS');
2026-09-10 01:57:17.573 UTC postmaster[69699] pg_regress/horology ERROR:  date/time field value out of range: "2015-02-11 86400"
2026-09-10 01:57:17.573 UTC postmaster[69699] pg_regress/horology STATEMENT:  SELECT to_timestamp('2015-02-11 86400', 'YYYY-MM-DD SSSSS');
2026-09-10 01:57:17.574 UTC postmaster[69699] pg_regress/horology ERROR:  value for "Y,YYY" in source string is out of range
2026-09-10 01:57:17.574 UTC postmaster[69699] pg_regress/horology STATEMENT:  SELECT to_timestamp('1000000000,999', 'Y,YYY');
2026-09-10 01:57:17.574 UTC postmaster[69699] pg_regress/horology ERROR:  date/time field value out of range: "0.-2147483648"
2026-09-10 01:57:17.574 UTC postmaster[69699] pg_regress/horology STATEMENT:  SELECT to_timestamp('0.-2147483648', 'SS.MS');
2026-09-10 01:57:17.574 UTC postmaster[69699] pg_regress/horology ERROR:  date/time field value out of range: "613566758"
2026-09-10 01:57:17.574 UTC postmaster[69699] pg_regress/horology STATEMENT:  SELECT to_timestamp('613566758', 'W');
2026-09-10 01:57:17.574 UTC postmaster[69699] pg_regress/horology ERROR:  date/time field value out of range: "2024 613566758 1"
2026-09-10 01:57:17.574 UTC postmaster[69699] pg_regress/horology STATEMENT:  SELECT to_timestamp('2024 613566758 1', 'YYYY WW D');
2026-09-10 01:57:17.574 UTC postmaster[69699] pg_regress/horology ERROR:  date/time field value out of range: "2016-13-10"
2026-09-10 01:57:17.574 UTC postmaster[69699] pg_regress/horology STATEMENT:  SELECT to_date('2016-13-10', 'YYYY-MM-DD');
2026-09-10 01:57:17.574 UTC postmaster[69699] pg_regress/horology ERROR:  date/time field value out of range: "2016-02-30"
2026-09-10 01:57:17.574 UTC postmaster[69699] pg_regress/horology STATEMENT:  SELECT to_date('2016-02-30', 'YYYY-MM-DD');
2026-09-10 01:57:17.574 UTC postmaster[69699] pg_regress/stats_import WARNING:  argument "relpages" has type text, expected type integer
2026-09-10 01:57:17.574 UTC postmaster[69699] pg_regress/horology ERROR:  date/time field value out of range: "2015-02-29"
2026-09-10 01:57:17.574 UTC postmaster[69699] pg_regress/horology STATEMENT:  SELECT to_date('2015-02-29', 'YYYY-MM-DD');
2026-09-10 01:57:17.574 UTC postmaster[69699] pg_regress/horology ERROR:  date/time field value out of range: "2015 366"
2026-09-10 01:57:17.574 UTC postmaster[69699] pg_regress/horology STATEMENT:  SELECT to_date('2015 366', 'YYYY DDD');
2026-09-10 01:57:17.575 UTC postmaster[69699] pg_regress/horology ERROR:  date/time field value out of range: "2016 367"
2026-09-10 01:57:17.575 UTC postmaster[69699] pg_regress/horology STATEMENT:  SELECT to_date('2016 367', 'YYYY DDD');
2026-09-10 01:57:17.575 UTC postmaster[69699] pg_regress/stats_import WARNING:  unrecognized argument name: "nope"
2026-09-10 01:57:17.575 UTC postmaster[69699] pg_regress/horology ERROR:  date/time field value out of range: "100000000"
2026-09-10 01:57:17.575 UTC postmaster[69699] pg_regress/horology STATEMENT:  SELECT to_date('100000000', 'CC');
2026-09-10 01:57:17.575 UTC postmaster[69699] pg_regress/horology ERROR:  date/time field value out of range: "-100000000"
2026-09-10 01:57:17.575 UTC postmaster[69699] pg_regress/horology STATEMENT:  SELECT to_date('-100000000', 'CC');
2026-09-10 01:57:17.575 UTC postmaster[69699] pg_regress/horology ERROR:  date/time field value out of range: "-2147483648 01"
2026-09-10 01:57:17.575 UTC postmaster[69699] pg_regress/horology STATEMENT:  SELECT to_date('-2147483648 01', 'CC YY');
2026-09-10 01:57:17.575 UTC postmaster[69699] pg_regress/horology ERROR:  date/time field value out of range: "2147483647 01"
2026-09-10 01:57:17.575 UTC postmaster[69699] pg_regress/horology STATEMENT:  SELECT to_date('2147483647 01', 'CC YY');
2026-09-10 01:57:17.578 UTC postmaster[69699] pg_regress/stats_import ERROR:  cannot modify statistics for relation "testseq"
2026-09-10 01:57:17.578 UTC postmaster[69699] pg_regress/stats_import DETAIL:  This operation is not supported for sequences.
2026-09-10 01:57:17.578 UTC postmaster[69699] pg_regress/stats_import STATEMENT:  SELECT pg_catalog.pg_restore_relation_stats(
	        'schemaname', 'stats_import',
	        'relname', 'testseq');
2026-09-10 01:57:17.578 UTC postmaster[69699] pg_regress/stats_import ERROR:  cannot modify statistics for relation "testseq"
2026-09-10 01:57:17.578 UTC postmaster[69699] pg_regress/stats_import DETAIL:  This operation is not supported for sequences.
2026-09-10 01:57:17.578 UTC postmaster[69699] pg_regress/stats_import STATEMENT:  SELECT pg_catalog.pg_clear_relation_stats(schemaname => 'stats_import', relname => 'testseq');
xtc: backend fiber exiting pid=(loop=24,local=1,gen=2) code=0
xtc: supervisor observed normal backend fiber DOWN pid=(loop=24,local=1,gen=2)
2026-09-10 01:57:17.579 UTC postmaster[69699] pg_regress/stats_import ERROR:  cannot modify statistics for relation "testview"
2026-09-10 01:57:17.579 UTC postmaster[69699] pg_regress/stats_import DETAIL:  This operation is not supported for views.
2026-09-10 01:57:17.579 UTC postmaster[69699] pg_regress/stats_import STATEMENT:  SELECT pg_catalog.pg_clear_relation_stats(schemaname => 'stats_import', relname => 'testview');
2026-09-10 01:57:17.580 UTC postmaster[69699] pg_regress/stats_import ERROR:  argument "schemaname" must not be null
2026-09-10 01:57:17.580 UTC postmaster[69699] pg_regress/stats_import STATEMENT:  SELECT pg_catalog.pg_restore_attribute_stats(
	    'relname', 'test',
	    'attname', 'id',
	    'inherited', false::boolean,
	    'null_frac', 0.1::real);
2026-09-10 01:57:17.580 UTC postmaster[69699] pg_regress/stats_import ERROR:  schema "nope" does not exist
2026-09-10 01:57:17.580 UTC postmaster[69699] pg_regress/stats_import STATEMENT:  SELECT pg_catalog.pg_restore_attribute_stats(
	    'schemaname', 'nope',
	    'relname', 'test',
	    'attname', 'id',
	    'inherited', false::boolean,
	    'null_frac', 0.1::real);
2026-09-10 01:57:17.580 UTC postmaster[69699] pg_regress/stats_import ERROR:  argument "relname" must not be null
2026-09-10 01:57:17.580 UTC postmaster[69699] pg_regress/stats_import STATEMENT:  SELECT pg_catalog.pg_restore_attribute_stats(
	    'schemaname', 'stats_import',
	    'attname', 'id',
	    'inherited', false::boolean,
	    'null_frac', 0.1::real);
2026-09-10 01:57:17.580 UTC postmaster[69699] pg_regress/stats_import ERROR:  relation "stats_import.nope" does not exist
2026-09-10 01:57:17.580 UTC postmaster[69699] pg_regress/stats_import STATEMENT:  SELECT pg_catalog.pg_restore_attribute_stats(
	    'schemaname', 'stats_import',
	    'relname', 'nope',
	    'attname', 'id',
	    'inherited', false::boolean,
	    'null_frac', 0.1::real);
2026-09-10 01:57:17.580 UTC postmaster[69699] pg_regress/stats_import ERROR:  argument "relname" must not be null
2026-09-10 01:57:17.580 UTC postmaster[69699] pg_regress/stats_import STATEMENT:  SELECT pg_catalog.pg_restore_attribute_stats(
	    'schemaname', 'stats_import',
	    'relname', NULL,
	    'attname', 'id',
	    'inherited', false::boolean,
	    'null_frac', 0.1::real);
2026-09-10 01:57:17.580 UTC postmaster[69699] pg_regress/geometry ERROR:  must request at least 2 points
2026-09-10 01:57:17.580 UTC postmaster[69699] pg_regress/geometry STATEMENT:  SELECT f1, polygon(1, f1) FROM CIRCLE_TBL WHERE f1 >= '<(0,0),1>';
2026-09-10 01:57:17.581 UTC postmaster[69699] pg_regress/stats_import ERROR:  must specify either "attname" or "attnum"
2026-09-10 01:57:17.581 UTC postmaster[69699] pg_regress/stats_import STATEMENT:  SELECT pg_catalog.pg_restore_attribute_stats(
	    'schemaname', 'stats_import',
	    'relname', 'test',
	    'attname', NULL,
	    'inherited', false::boolean,
	    'null_frac', 0.1::real);
2026-09-10 01:57:17.581 UTC postmaster[69699] pg_regress/geometry ERROR:  cannot convert circle with radius zero to polygon
2026-09-10 01:57:17.581 UTC postmaster[69699] pg_regress/geometry STATEMENT:  SELECT f1, polygon(10, f1) FROM CIRCLE_TBL WHERE f1 < '<(0,0),1>';
2026-09-10 01:57:17.581 UTC postmaster[69699] pg_regress/stats_import ERROR:  column "nope" of relation "test" does not exist
2026-09-10 01:57:17.581 UTC postmaster[69699] pg_regress/stats_import STATEMENT:  SELECT pg_catalog.pg_restore_attribute_stats(
	    'schemaname', 'stats_import',
	    'relname', 'test',
	    'attname', 'nope',
	    'inherited', false::boolean,
	    'null_frac', 0.1::real,
	    'avg_width', 2::integer,
	    'n_distinct', 0.3::real);
2026-09-10 01:57:17.581 UTC postmaster[69699] pg_regress/stats_import ERROR:  cannot specify both "attname" and "attnum"
2026-09-10 01:57:17.581 UTC postmaster[69699] pg_regress/stats_import STATEMENT:  SELECT pg_catalog.pg_restore_attribute_stats(
	    'schemaname', 'stats_import',
	    'relname', 'test',
	    'attname', 'id',
	    'attnum', 1::smallint,
	    'inherited', false::boolean,
	    'null_frac', 0.1::real);
2026-09-10 01:57:17.581 UTC postmaster[69699] pg_regress/stats_import ERROR:  must specify either "attname" or "attnum"
2026-09-10 01:57:17.581 UTC postmaster[69699] pg_regress/stats_import STATEMENT:  SELECT pg_catalog.pg_restore_attribute_stats(
	    'schemaname', 'stats_import',
	    'relname', 'test',
	    'inherited', false::boolean,
	    'null_frac', 0.1::real);
2026-09-10 01:57:17.581 UTC postmaster[69699] pg_regress/stats_import ERROR:  cannot modify statistics on system column "xmin"
2026-09-10 01:57:17.581 UTC postmaster[69699] pg_regress/stats_import STATEMENT:  SELECT pg_catalog.pg_restore_attribute_stats(
	    'schemaname', 'stats_import',
	    'relname', 'test',
	    'attname', 'xmin',
	    'inherited', false::boolean,
	    'null_frac', 0.1::real);
2026-09-10 01:57:17.582 UTC postmaster[69699] pg_regress/stats_import ERROR:  argument "inherited" must not be null
2026-09-10 01:57:17.582 UTC postmaster[69699] pg_regress/stats_import STATEMENT:  SELECT pg_catalog.pg_restore_attribute_stats(
	    'schemaname', 'stats_import',
	    'relname', 'test',
	    'attname', 'id',
	    'inherited', NULL::boolean,
	    'null_frac', 0.1::real);
2026-09-10 01:57:17.589 UTC postmaster[69699] pg_regress/stats_import WARNING:  unrecognized argument name: "nope"
2026-09-10 01:57:17.592 UTC postmaster[69699] pg_regress/stats_import WARNING:  argument "most_common_vals" must be specified when argument "most_common_freqs" is specified
2026-09-10 01:57:17.594 UTC postmaster[69699] pg_regress/geometry ERROR:  value out of range: overflow
2026-09-10 01:57:17.594 UTC postmaster[69699] pg_regress/geometry STATEMENT:  SELECT c.f1, p.f1, c.f1 / p.f1 FROM CIRCLE_TBL c, POINT_TBL p WHERE p.f1[0] > 1000;
2026-09-10 01:57:17.595 UTC postmaster[69699] pg_regress/geometry ERROR:  division by zero
2026-09-10 01:57:17.595 UTC postmaster[69699] pg_regress/geometry STATEMENT:  SELECT c.f1, p.f1, c.f1 / p.f1 FROM CIRCLE_TBL c, POINT_TBL p WHERE p.f1 ~= '(0,0)'::point;
2026-09-10 01:57:17.595 UTC postmaster[69699] pg_regress/stats_import WARNING:  argument "most_common_freqs" must be specified when argument "most_common_vals" is specified
2026-09-10 01:57:17.598 UTC postmaster[69699] pg_regress/stats_import WARNING:  argument "most_common_freqs" has type double precision[], expected type real[]
2026-09-10 01:57:17.598 UTC postmaster[69699] pg_regress/stats_import WARNING:  argument "most_common_freqs" must be specified when argument "most_common_vals" is specified
2026-09-10 01:57:17.601 UTC postmaster[69699] pg_regress/stats_import WARNING:  invalid input syntax for type integer: "four"
xtc: backend fiber exiting pid=(loop=23,local=1,gen=2) code=0
xtc: supervisor observed normal backend fiber DOWN pid=(loop=23,local=1,gen=2)
2026-09-10 01:57:17.605 UTC postmaster[69699] pg_regress/stats_import WARNING:  could not parse "most_common_vals": incorrect number of elements (same as "most_common_freqs" required)
2026-09-10 01:57:17.608 UTC postmaster[69699] pg_regress/stats_import WARNING:  could not parse "most_common_vals": incorrect number of elements (same as "most_common_freqs" required)
2026-09-10 01:57:17.611 UTC postmaster[69699] pg_regress/stats_import WARNING:  "most_common_vals" must be a one-dimensional array
2026-09-10 01:57:17.617 UTC postmaster[69699] pg_regress/stats_import WARNING:  "histogram_bounds" array must not contain null values
2026-09-10 01:57:17.623 UTC postmaster[69699] pg_regress/stats_import WARNING:  argument "elem_count_histogram" array must not contain null values
2026-09-10 01:57:17.630 UTC postmaster[69699] pg_regress/stats_import WARNING:  column "id" is not a range type
2026-09-10 01:57:17.630 UTC postmaster[69699] pg_regress/stats_import DETAIL:  Cannot set STATISTIC_KIND_RANGE_LENGTH_HISTOGRAM or STATISTIC_KIND_BOUNDS_HISTOGRAM.
xtc: backend fiber exiting pid=(loop=4,local=1,gen=3) code=0
xtc: supervisor observed normal backend fiber DOWN pid=(loop=4,local=1,gen=3)
xtc: backend fiber exiting pid=(loop=25,local=1,gen=2) code=0
xtc: supervisor observed normal backend fiber DOWN pid=(loop=25,local=1,gen=2)
2026-09-10 01:57:17.633 UTC postmaster[69699] pg_regress/stats_import WARNING:  argument "range_empty_frac" must be specified when argument "range_length_histogram" is specified
2026-09-10 01:57:17.637 UTC postmaster[69699] pg_regress/stats_import WARNING:  argument "range_length_histogram" must be specified when argument "range_empty_frac" is specified
2026-09-10 01:57:17.643 UTC postmaster[69699] pg_regress/stats_import WARNING:  column "id" is not a range type
2026-09-10 01:57:17.643 UTC postmaster[69699] pg_regress/stats_import DETAIL:  Cannot set STATISTIC_KIND_RANGE_LENGTH_HISTOGRAM or STATISTIC_KIND_BOUNDS_HISTOGRAM.
2026-09-10 01:57:17.650 UTC postmaster[69699] pg_regress/stats_import WARNING:  "range_bounds_histogram" must have its lower and upper bounds sorted in ascending order
2026-09-10 01:57:17.650 UTC postmaster[69699] pg_regress/stats_import WARNING:  "range_bounds_histogram" must not contain empty ranges
2026-09-10 01:57:17.651 UTC postmaster[69699] pg_regress/stats_import WARNING:  could not determine element type of column "arange"
2026-09-10 01:57:17.651 UTC postmaster[69699] pg_regress/stats_import DETAIL:  Cannot set STATISTIC_KIND_MCELEM or STATISTIC_KIND_DECHIST.
2026-09-10 01:57:17.654 UTC postmaster[69699] pg_regress/stats_import WARNING:  could not determine element type of column "id"
2026-09-10 01:57:17.654 UTC postmaster[69699] pg_regress/stats_import DETAIL:  Cannot set STATISTIC_KIND_MCELEM or STATISTIC_KIND_DECHIST.
2026-09-10 01:57:17.658 UTC postmaster[69699] pg_regress/stats_import WARNING:  argument "most_common_elem_freqs" must be specified when argument "most_common_elems" is specified
2026-09-10 01:57:17.661 UTC postmaster[69699] pg_regress/stats_import WARNING:  argument "most_common_elems" must be specified when argument "most_common_elem_freqs" is specified
2026-09-10 01:57:17.667 UTC postmaster[69699] pg_regress/stats_import WARNING:  could not determine element type of column "id"
2026-09-10 01:57:17.667 UTC postmaster[69699] pg_regress/stats_import DETAIL:  Cannot set STATISTIC_KIND_MCELEM or STATISTIC_KIND_DECHIST.
2026-09-10 01:57:17.672 UTC postmaster[69699] pg_regress/stats_import WARNING:  malformed multirange literal: "[1,3)"
2026-09-10 01:57:17.672 UTC postmaster[69699] pg_regress/stats_import DETAIL:  Missing left brace.
2026-09-10 01:57:17.720 UTC postmaster[69699] pg_regress/stats_import ERROR:  argument "schemaname" must not be null
2026-09-10 01:57:17.720 UTC postmaster[69699] pg_regress/stats_import STATEMENT:  SELECT pg_clear_extended_stats(schemaname => NULL,
	  relname => 'rel_foo',
	  statistics_schemaname => 'schema_foo',
	  statistics_name => 'stat_bar',
	  inherited => false);
2026-09-10 01:57:17.720 UTC postmaster[69699] pg_regress/stats_import ERROR:  argument "relname" must not be null
2026-09-10 01:57:17.720 UTC postmaster[69699] pg_regress/stats_import STATEMENT:  SELECT pg_clear_extended_stats(schemaname => 'schema_foo',
	  relname => NULL,
	  statistics_schemaname => 'schema_foo',
	  statistics_name => 'stat_bar',
	  inherited => false);
2026-09-10 01:57:17.720 UTC postmaster[69699] pg_regress/stats_import ERROR:  argument "statistics_schemaname" must not be null
2026-09-10 01:57:17.720 UTC postmaster[69699] pg_regress/stats_import STATEMENT:  SELECT pg_clear_extended_stats(schemaname => 'schema_foo',
	  relname => 'rel_foo',
	  statistics_schemaname => NULL,
	  statistics_name => 'stat_bar',
	  inherited => false);
2026-09-10 01:57:17.720 UTC postmaster[69699] pg_regress/stats_import ERROR:  argument "statistics_name" must not be null
2026-09-10 01:57:17.720 UTC postmaster[69699] pg_regress/stats_import STATEMENT:  SELECT pg_clear_extended_stats(schemaname => 'schema_foo',
	  relname => 'rel_foo',
	  statistics_schemaname => 'schema_foo',
	  statistics_name => NULL,
	  inherited => false);
2026-09-10 01:57:17.720 UTC postmaster[69699] pg_regress/stats_import ERROR:  argument "inherited" must not be null
2026-09-10 01:57:17.720 UTC postmaster[69699] pg_regress/stats_import STATEMENT:  SELECT pg_clear_extended_stats(schemaname => 'schema_foo',
	  relname => 'rel_foo',
	  statistics_schemaname => 'schema_foo',
	  statistics_name => 'stat_bar',
	  inherited => NULL);
2026-09-10 01:57:17.721 UTC postmaster[69699] pg_regress/stats_import ERROR:  schema "schema_not_exist" does not exist
2026-09-10 01:57:17.721 UTC postmaster[69699] pg_regress/stats_import STATEMENT:  SELECT pg_clear_extended_stats(schemaname => 'schema_not_exist',
	  relname => 'test',
	  statistics_schemaname => 'schema_not_exist',
	  statistics_name => 'test_stat',
	  inherited => false);
2026-09-10 01:57:17.721 UTC postmaster[69699] pg_regress/stats_import ERROR:  relation "stats_import.table_not_exist" does not exist
2026-09-10 01:57:17.721 UTC postmaster[69699] pg_regress/stats_import STATEMENT:  SELECT pg_clear_extended_stats(schemaname => 'stats_import',
	  relname => 'table_not_exist',
	  statistics_schemaname => 'stats_import',
	  statistics_name => 'test_stat',
	  inherited => false);
2026-09-10 01:57:17.721 UTC postmaster[69699] pg_regress/stats_import WARNING:  could not find schema "schema_not_exist"
2026-09-10 01:57:17.721 UTC postmaster[69699] pg_regress/stats_import WARNING:  could not find extended statistics object "stats_import.ext_stats_not_exist"
2026-09-10 01:57:17.722 UTC postmaster[69699] pg_regress/stats_import WARNING:  could not clear extended statistics object "stats_import.test_stat_clone": incorrect relation "stats_import.test" specified
2026-09-10 01:57:17.738 UTC postmaster[69699] pg_regress/stats_import ERROR:  permission denied for table test
2026-09-10 01:57:17.738 UTC postmaster[69699] pg_regress/stats_import STATEMENT:  SELECT pg_catalog.pg_clear_extended_stats(
	  schemaname => 'stats_import',
	  relname => 'test',
	  statistics_schemaname => 'stats_import',
	  statistics_name => 'test_stat',
	  inherited => false);
2026-09-10 01:57:17.742 UTC postmaster[69699] pg_regress/stats_import ERROR:  argument "schemaname" must not be null
2026-09-10 01:57:17.742 UTC postmaster[69699] pg_regress/stats_import STATEMENT:  SELECT pg_catalog.pg_restore_extended_stats(
	  'schemaname', NULL,
	  'relname', 'test_clone',
	  'statistics_schemaname', 'stats_import',
	  'statistics_name', 'test_stat_clone',
	  'inherited', false);
2026-09-10 01:57:17.742 UTC postmaster[69699] pg_regress/stats_import ERROR:  argument "relname" must not be null
2026-09-10 01:57:17.742 UTC postmaster[69699] pg_regress/stats_import STATEMENT:  SELECT pg_catalog.pg_restore_extended_stats(
	  'schemaname', 'stats_import',
	  'relname', NULL,
	  'statistics_schemaname', 'stats_import',
	  'statistics_name', 'test_stat_clone',
	  'inherited', false);
2026-09-10 01:57:17.742 UTC postmaster[69699] pg_regress/stats_import ERROR:  argument "statistics_schemaname" must not be null
2026-09-10 01:57:17.742 UTC postmaster[69699] pg_regress/stats_import STATEMENT:  SELECT pg_catalog.pg_restore_extended_stats(
	  'schemaname', 'stats_import',
	  'relname', 'test_clone',
	  'statistics_schemaname', NULL,
	  'statistics_name', 'test_stat_clone',
	  'inherited', false);
2026-09-10 01:57:17.743 UTC postmaster[69699] pg_regress/stats_import ERROR:  argument "statistics_name" must not be null
2026-09-10 01:57:17.743 UTC postmaster[69699] pg_regress/stats_import STATEMENT:  SELECT pg_catalog.pg_restore_extended_stats(
	  'schemaname', 'stats_import',
	  'relname', 'test_clone',
	  'statistics_schemaname', 'stats_import',
	  'statistics_name', NULL,
	  'inherited', false);
2026-09-10 01:57:17.743 UTC postmaster[69699] pg_regress/stats_import ERROR:  argument "inherited" must not be null
2026-09-10 01:57:17.743 UTC postmaster[69699] pg_regress/stats_import STATEMENT:  SELECT pg_catalog.pg_restore_extended_stats(
	  'schemaname', 'stats_import',
	  'relname', 'test_clone',
	  'statistics_schemaname', 'stats_import',
	  'statistics_name', 'test_stat_clone',
	  'inherited', NULL);
2026-09-10 01:57:17.743 UTC postmaster[69699] pg_regress/stats_import ERROR:  schema "schema_not_exist" does not exist
2026-09-10 01:57:17.743 UTC postmaster[69699] pg_regress/stats_import STATEMENT:  SELECT pg_catalog.pg_restore_extended_stats(
	  'schemaname', 'schema_not_exist',
	  'relname', 'test_clone',
	  'statistics_schemaname', 'stats_import',
	  'statistics_name', 'test_stat_clone',
	  'inherited', false);
2026-09-10 01:57:17.743 UTC postmaster[69699] pg_regress/stats_import ERROR:  relation "stats_import.table_not_exist" does not exist
2026-09-10 01:57:17.743 UTC postmaster[69699] pg_regress/stats_import STATEMENT:  SELECT pg_catalog.pg_restore_extended_stats(
	  'schemaname', 'stats_import',
	  'relname', 'table_not_exist',
	  'statistics_schemaname', 'stats_import',
	  'statistics_name', 'test_stat_clone',
	  'inherited', false);
2026-09-10 01:57:17.743 UTC postmaster[69699] pg_regress/stats_import WARNING:  could not find schema "schema_not_exist"
2026-09-10 01:57:17.744 UTC postmaster[69699] pg_regress/stats_import WARNING:  could not find extended statistics object "stats_import.ext_stats_not_exist"
2026-09-10 01:57:17.744 UTC postmaster[69699] pg_regress/stats_import WARNING:  could not restore extended statistics object "stats_import.test_stat_clone": incorrect relation "stats_import.test" specified
2026-09-10 01:57:17.746 UTC postmaster[69699] pg_regress/stats_import ERROR:  permission denied for table test_clone
2026-09-10 01:57:17.746 UTC postmaster[69699] pg_regress/stats_import STATEMENT:  SELECT pg_catalog.pg_restore_extended_stats(
	  'schemaname', 'stats_import',
	  'relname', 'test_clone',
	  'statistics_schemaname', 'stats_import',
	  'statistics_name', 'test_stat_clone',
	  'inherited', false);
2026-09-10 01:57:17.752 UTC postmaster[69699] pg_regress/stats_import WARNING:  could not validate "pg_ndistinct" object: invalid attribute number 1 found
2026-09-10 01:57:17.753 UTC postmaster[69699] pg_regress/stats_import WARNING:  cannot specify parameter "n_distinct"
2026-09-10 01:57:17.753 UTC postmaster[69699] pg_regress/stats_import HINT:  Extended statistics object "stats_import.test_stat_dependencies" does not support statistics of this type.
2026-09-10 01:57:17.753 UTC postmaster[69699] pg_regress/stats_import WARNING:  cannot specify parameter "dependencies"
2026-09-10 01:57:17.753 UTC postmaster[69699] pg_regress/stats_import HINT:  Extended statistics object "stats_import.test_stat_ndistinct" does not support statistics of this type.
2026-09-10 01:57:17.754 UTC postmaster[69699] pg_regress/stats_import WARNING:  could not validate "pg_dependencies" object: invalid attribute number 1 found
2026-09-10 01:57:17.755 UTC postmaster[69699] pg_regress/stats_import WARNING:  could not validate "pg_ndistinct" object: invalid attribute number 1 found
2026-09-10 01:57:17.756 UTC postmaster[69699] pg_regress/stats_import WARNING:  could not validate "pg_dependencies" object: invalid attribute number 1 found
2026-09-10 01:57:17.768 UTC postmaster[69699] pg_regress/stats_import WARNING:  cannot specify parameters "most_common_vals", "most_common_freqs", or "most_common_base_freqs"
2026-09-10 01:57:17.768 UTC postmaster[69699] pg_regress/stats_import HINT:  Extended statistics object "stats_import.test_stat_dependencies" does not support statistics of this type.
2026-09-10 01:57:17.768 UTC postmaster[69699] pg_regress/stats_import WARNING:  could not use "most_common_vals", "most_common_freqs", and "most_common_base_freqs": missing one or more parameters
2026-09-10 01:57:17.769 UTC postmaster[69699] pg_regress/stats_import WARNING:  could not use "most_common_vals", "most_common_freqs", and "most_common_base_freqs": missing one or more parameters
2026-09-10 01:57:17.770 UTC postmaster[69699] pg_regress/stats_import WARNING:  could not use "most_common_vals", "most_common_freqs", and "most_common_base_freqs": missing one or more parameters
2026-09-10 01:57:17.770 UTC postmaster[69699] pg_regress/stats_import WARNING:  could not parse array "most_common_vals": incorrect number of dimensions (2 required)
2026-09-10 01:57:17.771 UTC postmaster[69699] pg_regress/stats_import WARNING:  could not parse array "most_common_freqs": incorrect number of elements (same as "most_common_vals" required)
2026-09-10 01:57:17.772 UTC postmaster[69699] pg_regress/stats_import WARNING:  could not parse array "most_common_base_freqs": incorrect number of elements (same as "most_common_vals" required)
2026-09-10 01:57:17.772 UTC postmaster[69699] pg_regress/stats_import WARNING:  could not parse array "most_common_vals": found 4 attributes but expected 2
2026-09-10 01:57:17.780 UTC postmaster[69699] pg_regress/regex ERROR:  invalid regular expression: regular expression is too complex
2026-09-10 01:57:17.780 UTC postmaster[69699] pg_regress/regex STATEMENT:  select 'x' ~ repeat('x*y*z*', 1000);
2026-09-10 01:57:17.791 UTC postmaster[69699] pg_regress/stats_import WARNING:  could not parse array "most_common_vals": number of items (10001) exceeds maximum (10000)
2026-09-10 01:57:17.799 UTC postmaster[69699] pg_regress/stats_import WARNING:  could not parse "exprs": invalid element in expression -1
2026-09-10 01:57:17.799 UTC postmaster[69699] pg_regress/stats_import HINT:  "range_length_histogram", "range_empty_frac", and "range_bounds_histogram" must be all either strings or all nulls.
2026-09-10 01:57:17.800 UTC postmaster[69699] pg_regress/stats_import WARNING:  could not parse "exprs": invalid element in expression -1
2026-09-10 01:57:17.800 UTC postmaster[69699] pg_regress/stats_import HINT:  "range_length_histogram", "range_empty_frac", and "range_bounds_histogram" must be all either strings or all nulls.
2026-09-10 01:57:17.800 UTC postmaster[69699] pg_regress/stats_import WARNING:  could not parse "exprs": invalid element in expression -1
2026-09-10 01:57:17.800 UTC postmaster[69699] pg_regress/stats_import HINT:  "range_length_histogram", "range_empty_frac", and "range_bounds_histogram" must be all either strings or all nulls.
2026-09-10 01:57:17.801 UTC postmaster[69699] pg_regress/stats_import WARNING:  could not parse "exprs": invalid element in expression -1
2026-09-10 01:57:17.801 UTC postmaster[69699] pg_regress/stats_import HINT:  "range_length_histogram", "range_empty_frac", and "range_bounds_histogram" must be all either strings or all nulls.
2026-09-10 01:57:17.801 UTC postmaster[69699] pg_regress/stats_import WARNING:  "range_bounds_histogram" must have its lower and upper bounds sorted in ascending order
2026-09-10 01:57:17.802 UTC postmaster[69699] pg_regress/stats_import WARNING:  "range_bounds_histogram" must not contain empty ranges
2026-09-10 01:57:17.809 UTC postmaster[69699] pg_regress/regex ERROR:  invalid regular expression: invalid backreference number
2026-09-10 01:57:17.809 UTC postmaster[69699] pg_regress/regex STATEMENT:  select 'xyz' ~ 'x(\w)(?=\1)';
2026-09-10 01:57:17.810 UTC postmaster[69699] pg_regress/regex ERROR:  invalid regular expression: invalid backreference number
2026-09-10 01:57:17.810 UTC postmaster[69699] pg_regress/regex STATEMENT:  select 'xyz' ~ 'x(\w)(?=(\1))';
2026-09-10 01:57:17.810 UTC postmaster[69699] pg_regress/regex ERROR:  invalid regular expression: invalid escape \ sequence
2026-09-10 01:57:17.810 UTC postmaster[69699] pg_regress/regex STATEMENT:  select 'a' ~ '\x7fffffff';
2026-09-10 01:57:17.810 UTC postmaster[69699] pg_regress/stats_import WARNING:  cannot specify parameter "exprs"
2026-09-10 01:57:17.810 UTC postmaster[69699] pg_regress/stats_import HINT:  Extended statistics object "stats_import.test_stat_ndistinct" does not support statistics of this type.
2026-09-10 01:57:17.810 UTC postmaster[69699] pg_regress/stats_import WARNING:  could not parse "exprs": root-level array required
xtc: backend fiber exiting pid=(loop=29,local=1,gen=2) code=0
xtc: supervisor observed normal backend fiber DOWN pid=(loop=29,local=1,gen=2)
2026-09-10 01:57:17.811 UTC postmaster[69699] pg_regress/stats_import WARNING:  could not parse "exprs": incorrect number of elements (2 required)
2026-09-10 01:57:17.812 UTC postmaster[69699] pg_regress/stats_import WARNING:  could not parse "exprs": incorrect number of elements (2 required)
2026-09-10 01:57:17.812 UTC postmaster[69699] pg_regress/stats_import WARNING:  could not parse "exprs": invalid element in expression -1
2026-09-10 01:57:17.812 UTC postmaster[69699] pg_regress/stats_import HINT:  Value of element "null_frac" must be a null or a string.
2026-09-10 01:57:17.813 UTC postmaster[69699] pg_regress/stats_import WARNING:  invalid input syntax for type real: "BADNULLFRAC"
2026-09-10 01:57:17.813 UTC postmaster[69699] pg_regress/stats_import HINT:  Element "null_frac" in expression -1 could not be parsed.
2026-09-10 01:57:17.813 UTC postmaster[69699] pg_regress/stats_import WARNING:  invalid input syntax for type integer: "BADAVGWIDTH"
2026-09-10 01:57:17.813 UTC postmaster[69699] pg_regress/stats_import HINT:  Element "avg_width" in expression -1 could not be parsed.
2026-09-10 01:57:17.814 UTC postmaster[69699] pg_regress/stats_import WARNING:  invalid input syntax for type real: "BADNDISTINCT"
2026-09-10 01:57:17.814 UTC postmaster[69699] pg_regress/stats_import HINT:  Element "n_distinct" in expression -1 could not be parsed.
2026-09-10 01:57:17.815 UTC postmaster[69699] pg_regress/stats_import WARNING:  could not parse "exprs": invalid element in expression -1
2026-09-10 01:57:17.815 UTC postmaster[69699] pg_regress/stats_import HINT:  "most_common_vals" and "most_common_freqs" must be both either strings or nulls.
2026-09-10 01:57:17.815 UTC postmaster[69699] pg_regress/stats_import WARNING:  could not parse "exprs": invalid element in expression -1
2026-09-10 01:57:17.815 UTC postmaster[69699] pg_regress/stats_import HINT:  "most_common_vals" and "most_common_freqs" must be both either strings or nulls.
2026-09-10 01:57:17.816 UTC postmaster[69699] pg_regress/stats_import WARNING:  could not parse "exprs": invalid element in expression -1
2026-09-10 01:57:17.816 UTC postmaster[69699] pg_regress/stats_import HINT:  "most_common_vals" and "most_common_freqs" must be both either strings or nulls.
2026-09-10 01:57:17.816 UTC postmaster[69699] pg_regress/stats_import WARNING:  could not parse "exprs": invalid element in expression -1
2026-09-10 01:57:17.816 UTC postmaster[69699] pg_regress/stats_import HINT:  "most_common_vals" and "most_common_freqs" must be both either strings or nulls.
2026-09-10 01:57:17.817 UTC postmaster[69699] pg_regress/stats_import WARNING:  could not import element "most_common_vals" in expression -1: must be a one-dimensional array
2026-09-10 01:57:17.818 UTC postmaster[69699] pg_regress/stats_import WARNING:  invalid input syntax for type integer: "BADMCV"
2026-09-10 01:57:17.818 UTC postmaster[69699] pg_regress/stats_import HINT:  Element "most_common_vals" in expression -1 could not be parsed.
2026-09-10 01:57:17.818 UTC postmaster[69699] pg_regress/stats_import WARNING:  invalid input syntax for type real: "BADMCF"
2026-09-10 01:57:17.818 UTC postmaster[69699] pg_regress/stats_import HINT:  Element "most_common_freqs" in expression -1 could not be parsed.
2026-09-10 01:57:17.819 UTC postmaster[69699] pg_regress/stats_import WARNING:  could not parse "most_common_vals": incorrect number of elements (same as "most_common_freqs" required)
2026-09-10 01:57:17.819 UTC postmaster[69699] pg_regress/stats_import WARNING:  invalid input syntax for type integer: "BADHIST"
2026-09-10 01:57:17.819 UTC postmaster[69699] pg_regress/stats_import HINT:  Element "histogram_bounds" in expression -1 could not be parsed.
2026-09-10 01:57:17.820 UTC postmaster[69699] pg_regress/stats_import WARNING:  invalid input syntax for type real: "BADCORR"
2026-09-10 01:57:17.820 UTC postmaster[69699] pg_regress/stats_import HINT:  Element "correlation" in expression -1 could not be parsed.
2026-09-10 01:57:17.821 UTC postmaster[69699] pg_regress/stats_import WARNING:  could not parse "exprs": invalid element in expression -1
2026-09-10 01:57:17.821 UTC postmaster[69699] pg_regress/stats_import WARNING:  could not parse "exprs": invalid element in expression -2
2026-09-10 01:57:17.822 UTC postmaster[69699] pg_regress/stats_import WARNING:  could not parse "exprs": invalid data in expression -2
2026-09-10 01:57:17.822 UTC postmaster[69699] pg_regress/stats_import HINT:  "range_length_histogram", "range_empty_frac", and "range_bounds_histogram" can only be set for a range type.
2026-09-10 01:57:17.822 UTC postmaster[69699] pg_regress/stats_import WARNING:  could not parse "exprs": invalid element type in expression -2
2026-09-10 01:57:17.823 UTC postmaster[69699] pg_regress/stats_import WARNING:  could not parse "exprs": invalid element type in expression -2
2026-09-10 01:57:17.834 UTC postmaster[69699] pg_regress/stats_import WARNING:  could not parse "exprs": invalid element in expression -1
2026-09-10 01:57:17.834 UTC postmaster[69699] pg_regress/stats_import HINT:  "most_common_elems" and "most_common_elem_freqs" must be both either strings or nulls.
2026-09-10 01:57:17.835 UTC postmaster[69699] pg_regress/stats_import WARNING:  could not parse "exprs": invalid element in expression -1
2026-09-10 01:57:17.835 UTC postmaster[69699] pg_regress/stats_import HINT:  "most_common_elems" and "most_common_elem_freqs" must be both either strings or nulls.
2026-09-10 01:57:17.836 UTC postmaster[69699] pg_regress/stats_import WARNING:  could not parse "exprs": invalid element in expression -1
2026-09-10 01:57:17.836 UTC postmaster[69699] pg_regress/stats_import HINT:  "most_common_elems" and "most_common_elem_freqs" must be both either strings or nulls.
2026-09-10 01:57:17.836 UTC postmaster[69699] pg_regress/stats_import WARNING:  could not parse "exprs": invalid element in expression -1
2026-09-10 01:57:17.836 UTC postmaster[69699] pg_regress/stats_import HINT:  "most_common_elems" and "most_common_elem_freqs" must be both either strings or nulls.
2026-09-10 01:57:17.837 UTC postmaster[69699] pg_regress/stats_import WARNING:  invalid input syntax for type integer: "BADELEM"
2026-09-10 01:57:17.837 UTC postmaster[69699] pg_regress/stats_import HINT:  Element "most_common_elems" in expression -1 could not be parsed.
2026-09-10 01:57:17.837 UTC postmaster[69699] pg_regress/stats_import WARNING:  invalid input syntax for type real: "BADELEMFREQ"
2026-09-10 01:57:17.837 UTC postmaster[69699] pg_regress/stats_import HINT:  Element "most_common_elem_freqs" in expression -1 could not be parsed.
2026-09-10 01:57:17.838 UTC postmaster[69699] pg_regress/tstypes ERROR:  lexeme array may not contain nulls
2026-09-10 01:57:17.838 UTC postmaster[69699] pg_regress/tstypes STATEMENT:  SELECT array_to_tsvector(ARRAY['base','hidden','rebel','spaceship', NULL]);
2026-09-10 01:57:17.838 UTC postmaster[69699] pg_regress/tstypes ERROR:  lexeme array may not contain empty strings
2026-09-10 01:57:17.838 UTC postmaster[69699] pg_regress/tstypes STATEMENT:  SELECT array_to_tsvector(ARRAY['base','hidden','rebel','spaceship', '']);
2026-09-10 01:57:17.838 UTC postmaster[69699] pg_regress/stats_import WARNING:  invalid input syntax for type real: "BADELEMHIST"
2026-09-10 01:57:17.838 UTC postmaster[69699] pg_regress/stats_import HINT:  Element "elem_count_histogram" in expression -1 could not be parsed.
2026-09-10 01:57:17.840 UTC postmaster[69699] pg_regress/tstypes ERROR:  weight array may not contain nulls
2026-09-10 01:57:17.840 UTC postmaster[69699] pg_regress/tstypes STATEMENT:  SELECT ts_filter('base hidden rebel spaceship strike'::tsvector, '{a,b,NULL}');
xtc: backend fiber exiting pid=(loop=27,local=1,gen=2) code=0
xtc: supervisor observed normal backend fiber DOWN pid=(loop=27,local=1,gen=2)
2026-09-10 01:57:17.842 UTC postmaster[69699] pg_regress/stats_import WARNING:  could not import element in expression -1: invalid key name
2026-09-10 01:57:17.845 UTC postmaster[69699] pg_regress/stats_import WARNING:  could not import element in expression -1: invalid key name
xtc: backend fiber exiting pid=(loop=3,local=2,gen=2) code=0
xtc: supervisor observed normal backend fiber DOWN pid=(loop=3,local=2,gen=2)
2026-09-10 01:57:17.934 UTC postmaster[69699] LOG:  checkpoint starting: fast force wait
2026-09-10 01:57:17.936 UTC postmaster[69699] LOG:  checkpoint complete: fast force wait: wrote 163 buffers (1.0%), wrote 3 SLRU buffers; 0 WAL file(s) added, 0 removed, 0 recycled; write=0.003 s, sync=0.001 s, total=0.003 s; sync files=0, longest=0.000 s, average=0.000 s; distance=2489 kB, estimate=26716 kB; lsn=0/037170A8, redo lsn=0/03717048
2026-09-10 01:57:17.940 UTC postmaster[69699] LOG:  checkpoint starting: fast force wait flush-unlogged
2026-09-10 01:57:17.941 UTC postmaster[69699] LOG:  checkpoint complete: fast force wait flush-unlogged: wrote 3 buffers (0.0%), wrote 1 SLRU buffers; 0 WAL file(s) added, 0 removed, 0 recycled; write=0.001 s, sync=0.001 s, total=0.001 s; sync files=0, longest=0.000 s, average=0.000 s; distance=2 kB, estimate=24045 kB; lsn=0/03717A60, redo lsn=0/03717A00
xtc: backend fiber exiting pid=(loop=26,local=1,gen=2) code=0
xtc: supervisor observed normal backend fiber DOWN pid=(loop=26,local=1,gen=2)
2026-09-10 01:57:22.949 UTC postmaster[69699] LOG:  checkpoint starting: fast force wait
2026-09-10 01:57:22.950 UTC postmaster[69699] LOG:  checkpoint complete: fast force wait: wrote 18 buffers (0.1%), wrote 0 SLRU buffers; 0 WAL file(s) added, 0 removed, 0 recycled; write=0.001 s, sync=0.001 s, total=0.001 s; sync files=0, longest=0.000 s, average=0.000 s; distance=108 kB, estimate=21651 kB; lsn=0/03732D68, redo lsn=0/03732D08
2026-09-10 01:57:23.066 UTC postmaster[69699] LOG:  checkpoint starting: fast force wait
2026-09-10 01:57:23.067 UTC postmaster[69699] LOG:  checkpoint complete: fast force wait: wrote 35 buffers (0.2%), wrote 1 SLRU buffers; 0 WAL file(s) added, 0 removed, 0 recycled; write=0.001 s, sync=0.001 s, total=0.002 s; sync files=0, longest=0.000 s, average=0.000 s; distance=211 kB, estimate=19507 kB; lsn=0/03767CA0, redo lsn=0/03767C40
xtc: backend fiber exiting pid=(loop=1,local=3,gen=2) code=0
xtc: supervisor observed normal backend fiber DOWN pid=(loop=1,local=3,gen=2)
2026-09-10 01:57:28.109 UTC postmaster[69699] LOG:  xtc: client backend launched as xtc fiber (child_slot=6)
xtc: spawned backend fiber pid=(loop=10,local=1,gen=3) migratable=1
2026-09-10 01:57:28.109 UTC postmaster[69699] LOG:  xtc: client backend launched as xtc fiber (child_slot=8)
2026-09-10 01:57:28.109 UTC postmaster[69699] LOG:  xtc: client backend launched as xtc fiber (child_slot=3)
xtc: spawned backend fiber pid=(loop=11,local=1,gen=3) migratable=1
xtc: spawned backend fiber pid=(loop=12,local=1,gen=3) migratable=1
2026-09-10 01:57:28.109 UTC postmaster[69699] LOG:  xtc: client backend launched as xtc fiber (child_slot=7)
xtc: spawned backend fiber pid=(loop=13,local=1,gen=3) migratable=1
2026-09-10 01:57:28.109 UTC postmaster[69699] LOG:  xtc: client backend launched as xtc fiber (child_slot=15)
xtc: spawned backend fiber pid=(loop=14,local=1,gen=3) migratable=1
2026-09-10 01:57:28.109 UTC postmaster[69699] LOG:  xtc: client backend launched as xtc fiber (child_slot=17)
xtc: spawned backend fiber pid=(loop=15,local=1,gen=3) migratable=1
2026-09-10 01:57:28.137 UTC postmaster[69699] pg_regress/insert_conflict ERROR:  operator class options are not allowed in ON CONFLICT clause at character 56
2026-09-10 01:57:28.137 UTC postmaster[69699] pg_regress/insert_conflict STATEMENT:  insert into insertconflicttest values (1) on conflict (key int4_ops (fillfactor=10)) do nothing;
2026-09-10 01:57:28.137 UTC postmaster[69699] pg_regress/insert_conflict ERROR:  ASC/DESC is not allowed in ON CONFLICT clause at character 56
2026-09-10 01:57:28.137 UTC postmaster[69699] pg_regress/insert_conflict STATEMENT:  insert into insertconflicttest values (1) on conflict (key asc) do nothing;
2026-09-10 01:57:28.137 UTC postmaster[69699] pg_regress/insert_conflict ERROR:  NULLS FIRST/LAST is not allowed in ON CONFLICT clause at character 56
2026-09-10 01:57:28.137 UTC postmaster[69699] pg_regress/insert_conflict STATEMENT:  insert into insertconflicttest values (1) on conflict (key nulls last) do nothing;
2026-09-10 01:57:28.138 UTC postmaster[69699] pg_regress/insert ERROR:  null value in column "col2" of relation "inserttest" violates not-null constraint
2026-09-10 01:57:28.138 UTC postmaster[69699] pg_regress/insert DETAIL:  Failing row contains (null, null, testing).
2026-09-10 01:57:28.138 UTC postmaster[69699] pg_regress/insert STATEMENT:  insert into inserttest (col1, col2, col3) values (DEFAULT, DEFAULT, DEFAULT);
2026-09-10 01:57:28.140 UTC postmaster[69699] pg_regress/insert ERROR:  INSERT has more target columns than expressions at character 37
2026-09-10 01:57:28.140 UTC postmaster[69699] pg_regress/insert STATEMENT:  insert into inserttest (col1, col2, col3) values (DEFAULT, DEFAULT);
2026-09-10 01:57:28.140 UTC postmaster[69699] pg_regress/insert ERROR:  INSERT has more target columns than expressions at character 37
2026-09-10 01:57:28.140 UTC postmaster[69699] pg_regress/insert STATEMENT:  insert into inserttest (col1, col2, col3) values (1, 2);
2026-09-10 01:57:28.140 UTC postmaster[69699] pg_regress/insert ERROR:  INSERT has more expressions than target columns at character 42
2026-09-10 01:57:28.140 UTC postmaster[69699] pg_regress/insert STATEMENT:  insert into inserttest (col1) values (1, 2);
2026-09-10 01:57:28.140 UTC postmaster[69699] pg_regress/insert ERROR:  INSERT has more expressions than target columns at character 48
2026-09-10 01:57:28.140 UTC postmaster[69699] pg_regress/insert STATEMENT:  insert into inserttest (col1) values (DEFAULT, DEFAULT);
2026-09-10 01:57:28.148 UTC postmaster[69699] pg_regress/insert_conflict ERROR:  there is no unique or exclusion constraint matching the ON CONFLICT specification
2026-09-10 01:57:28.148 UTC postmaster[69699] pg_regress/insert_conflict STATEMENT:  explain (costs off) insert into insertconflicttest values(0, 'Crowberry') on conflict (key) do nothing;
2026-09-10 01:57:28.148 UTC postmaster[69699] pg_regress/insert_conflict ERROR:  there is no unique or exclusion constraint matching the ON CONFLICT specification
2026-09-10 01:57:28.148 UTC postmaster[69699] pg_regress/insert_conflict STATEMENT:  explain (costs off) insert into insertconflicttest values(0, 'Crowberry') on conflict (fruit) do nothing;
2026-09-10 01:57:28.150 UTC postmaster[69699] pg_regress/copydml ERROR:  COPY query must have a RETURNING clause
2026-09-10 01:57:28.150 UTC postmaster[69699] pg_regress/copydml STATEMENT:  copy (insert into copydml_test default values) to stdout;
2026-09-10 01:57:28.150 UTC postmaster[69699] pg_regress/copydml ERROR:  COPY query must have a RETURNING clause
2026-09-10 01:57:28.150 UTC postmaster[69699] pg_regress/copydml STATEMENT:  copy (update copydml_test set t = 'g') to stdout;
2026-09-10 01:57:28.150 UTC postmaster[69699] pg_regress/copydml ERROR:  COPY query must have a RETURNING clause
2026-09-10 01:57:28.150 UTC postmaster[69699] pg_regress/copydml STATEMENT:  copy (delete from copydml_test) to stdout;
2026-09-10 01:57:28.152 UTC postmaster[69699] pg_regress/copydml ERROR:  DO INSTEAD NOTHING rules are not supported for COPY
2026-09-10 01:57:28.152 UTC postmaster[69699] pg_regress/copydml STATEMENT:  copy (insert into copydml_test default values) to stdout;
2026-09-10 01:57:28.153 UTC postmaster[69699] pg_regress/copyselect ERROR:  cannot copy from view "v_test1"
2026-09-10 01:57:28.153 UTC postmaster[69699] pg_regress/copyselect HINT:  Try the COPY (SELECT ...) TO variant.
2026-09-10 01:57:28.153 UTC postmaster[69699] pg_regress/copyselect STATEMENT:  copy v_test1 to stdout;
2026-09-10 01:57:28.153 UTC postmaster[69699] pg_regress/copyencoding ERROR:  invalid byte sequence for encoding "EUC_JP": 0xe3 0x81
2026-09-10 01:57:28.153 UTC postmaster[69699] pg_regress/copyencoding CONTEXT:  COPY copy_encoding_tab, line 1
2026-09-10 01:57:28.153 UTC postmaster[69699] pg_regress/copyencoding STATEMENT:  COPY copy_encoding_tab FROM '/mnt/nvme/work/pg/src/test/regress/results/copyencoding_utf8.csv' WITH (FORMAT csv, ENCODING 'EUC_JP');
2026-09-10 01:57:28.154 UTC postmaster[69699] pg_regress/copyselect ERROR:  COPY (SELECT INTO) is not supported
2026-09-10 01:57:28.154 UTC postmaster[69699] pg_regress/copyselect STATEMENT:  copy (select t into temp test3 from test1 where id=3) to stdout;
2026-09-10 01:57:28.154 UTC postmaster[69699] pg_regress/copydml ERROR:  DO ALSO rules are not supported for COPY
2026-09-10 01:57:28.154 UTC postmaster[69699] pg_regress/copydml STATEMENT:  copy (insert into copydml_test default values) to stdout;
2026-09-10 01:57:28.154 UTC postmaster[69699] pg_regress/copyselect ERROR:  syntax error at or near "from" at character 28
2026-09-10 01:57:28.154 UTC postmaster[69699] pg_regress/copyselect STATEMENT:  copy (select * from test1) from stdin;
2026-09-10 01:57:28.154 UTC postmaster[69699] pg_regress/copyselect ERROR:  syntax error at or near "(" at character 28
2026-09-10 01:57:28.154 UTC postmaster[69699] pg_regress/copyselect STATEMENT:  copy (select * from test1) (t,id) to stdout;
2026-09-10 01:57:28.156 UTC postmaster[69699] pg_regress/copydml ERROR:  multi-statement DO INSTEAD rules are not supported for COPY
2026-09-10 01:57:28.156 UTC postmaster[69699] pg_regress/copydml STATEMENT:  copy (insert into copydml_test default values) to stdout;
2026-09-10 01:57:28.158 UTC postmaster[69699] pg_regress/copyencoding ERROR:  invalid byte sequence for encoding "EUC_JP": 0xe3 0x81
2026-09-10 01:57:28.158 UTC postmaster[69699] pg_regress/copyencoding CONTEXT:  COPY copy_encoding_tab, line 1
2026-09-10 01:57:28.158 UTC postmaster[69699] pg_regress/copyencoding STATEMENT:  COPY copy_encoding_tab FROM '/mnt/nvme/work/pg/src/test/regress/results/copyencoding_utf8.csv' WITH (FORMAT csv);
2026-09-10 01:57:28.158 UTC postmaster[69699] pg_regress/copydml ERROR:  conditional DO INSTEAD rules are not supported for COPY
2026-09-10 01:57:28.158 UTC postmaster[69699] pg_regress/copydml STATEMENT:  copy (insert into copydml_test default values) to stdout;
2026-09-10 01:57:28.158 UTC postmaster[69699] pg_regress/copyselect ERROR:  cannot copy from view "v_test1"
2026-09-10 01:57:28.158 UTC postmaster[69699] pg_regress/copyselect HINT:  Try the COPY (SELECT ...) TO variant.
2026-09-10 01:57:28.158 UTC postmaster[69699] pg_regress/copyselect STATEMENT:  COPY  v_test1 TO STDOUT 
2026-09-10 01:57:28.159 UTC postmaster[69699] pg_regress/insert ERROR:  cannot set an array element to DEFAULT at character 32
2026-09-10 01:57:28.159 UTC postmaster[69699] pg_regress/insert STATEMENT:  insert into inserttest (f2[1], f2[2]) values (1,default);
2026-09-10 01:57:28.159 UTC postmaster[69699] pg_regress/copydml ERROR:  DO INSTEAD NOTHING rules are not supported for COPY
2026-09-10 01:57:28.159 UTC postmaster[69699] pg_regress/copydml STATEMENT:  copy (update copydml_test set t = 'f') to stdout;
2026-09-10 01:57:28.161 UTC postmaster[69699] pg_regress/copydml ERROR:  DO ALSO rules are not supported for COPY
2026-09-10 01:57:28.161 UTC postmaster[69699] pg_regress/copydml STATEMENT:  copy (update copydml_test set t = 'f') to stdout;
2026-09-10 01:57:28.161 UTC postmaster[69699] pg_regress/insert ERROR:  cannot set a subfield to DEFAULT at character 33
2026-09-10 01:57:28.161 UTC postmaster[69699] pg_regress/insert STATEMENT:  insert into inserttest (f3.if1, f3.if2) values (1,default);
2026-09-10 01:57:28.163 UTC postmaster[69699] pg_regress/copydml ERROR:  multi-statement DO INSTEAD rules are not supported for COPY
2026-09-10 01:57:28.163 UTC postmaster[69699] pg_regress/copydml STATEMENT:  copy (update copydml_test set t = 'f') to stdout;
2026-09-10 01:57:28.164 UTC postmaster[69699] pg_regress/copyselect ERROR:  division by zero
2026-09-10 01:57:28.164 UTC postmaster[69699] pg_regress/copyselect STATEMENT:  copy (select 1) to stdout; select 1/0;
2026-09-10 01:57:28.164 UTC postmaster[69699] pg_regress/copyselect ERROR:  division by zero
2026-09-10 01:57:28.164 UTC postmaster[69699] pg_regress/copyselect STATEMENT:  select 1/0; copy (select 1) to stdout;
xtc: backend fiber exiting pid=(loop=13,local=1,gen=3) code=0
xtc: supervisor observed normal backend fiber DOWN pid=(loop=13,local=1,gen=3)
2026-09-10 01:57:28.166 UTC postmaster[69699] pg_regress/copydml ERROR:  conditional DO INSTEAD rules are not supported for COPY
2026-09-10 01:57:28.166 UTC postmaster[69699] pg_regress/copydml STATEMENT:  copy (update copydml_test set t = 'f') to stdout;
2026-09-10 01:57:28.168 UTC postmaster[69699] pg_regress/copy ERROR:  end-of-copy marker is not alone on its line
2026-09-10 01:57:28.168 UTC postmaster[69699] pg_regress/copy CONTEXT:  COPY copytest2, line 3
2026-09-10 01:57:28.168 UTC postmaster[69699] pg_regress/copy STATEMENT:  copy copytest2(test) from stdin;
2026-09-10 01:57:28.168 UTC postmaster[69699] pg_regress/copydml ERROR:  DO INSTEAD NOTHING rules are not supported for COPY
2026-09-10 01:57:28.168 UTC postmaster[69699] pg_regress/copydml STATEMENT:  copy (delete from copydml_test) to stdout;
xtc: backend fiber exiting pid=(loop=11,local=1,gen=3) code=0
xtc: supervisor observed normal backend fiber DOWN pid=(loop=11,local=1,gen=3)
2026-09-10 01:57:28.170 UTC postmaster[69699] pg_regress/copy ERROR:  end-of-copy marker is not alone on its line
2026-09-10 01:57:28.170 UTC postmaster[69699] pg_regress/copy CONTEXT:  COPY copytest2, line 3
2026-09-10 01:57:28.170 UTC postmaster[69699] pg_regress/copy STATEMENT:  copy copytest2(test) from stdin;
2026-09-10 01:57:28.175 UTC postmaster[69699] pg_regress/copydml ERROR:  DO ALSO rules are not supported for COPY
2026-09-10 01:57:28.175 UTC postmaster[69699] pg_regress/copydml STATEMENT:  copy (delete from copydml_test) to stdout;
2026-09-10 01:57:28.180 UTC postmaster[69699] pg_regress/insert_conflict ERROR:  there is no unique or exclusion constraint matching the ON CONFLICT specification
2026-09-10 01:57:28.180 UTC postmaster[69699] pg_regress/insert_conflict STATEMENT:  explain (costs off) insert into insertconflicttest values(0, 'Crowberry') on conflict (lower(fruit) text_pattern_ops, upper(fruit) collate "C") do nothing;
2026-09-10 01:57:28.187 UTC postmaster[69699] pg_regress/copydml ERROR:  multi-statement DO INSTEAD rules are not supported for COPY
2026-09-10 01:57:28.187 UTC postmaster[69699] pg_regress/copydml STATEMENT:  copy (delete from copydml_test) to stdout;
2026-09-10 01:57:28.190 UTC postmaster[69699] pg_regress/insert_conflict ERROR:  ON CONFLICT DO UPDATE requires inference specification or constraint name at character 52
2026-09-10 01:57:28.190 UTC postmaster[69699] pg_regress/insert_conflict HINT:  For example, ON CONFLICT (column_name).
2026-09-10 01:57:28.190 UTC postmaster[69699] pg_regress/insert_conflict STATEMENT:  insert into insertconflicttest values (1, 'Apple') on conflict do update set fruit = excluded.fruit;
2026-09-10 01:57:28.193 UTC postmaster[69699] pg_regress/insert_conflict ERROR:  invalid reference to FROM-clause entry for table "excluded" at character 117
2026-09-10 01:57:28.193 UTC postmaster[69699] pg_regress/insert_conflict DETAIL:  There is an entry for table "excluded", but it cannot be referenced from this part of the query.
2026-09-10 01:57:28.193 UTC postmaster[69699] pg_regress/insert_conflict STATEMENT:  insert into insertconflicttest values (1, 'Apple') on conflict (key) do update set fruit = excluded.fruit RETURNING excluded.fruit;
2026-09-10 01:57:28.193 UTC postmaster[69699] pg_regress/copy ERROR:  cannot specify DELIMITER in JSON mode
2026-09-10 01:57:28.193 UTC postmaster[69699] pg_regress/copy STATEMENT:  copy copytest to stdout (format json, delimiter '|');
2026-09-10 01:57:28.193 UTC postmaster[69699] pg_regress/insert_conflict ERROR:  column "keyy" does not exist at character 64
2026-09-10 01:57:28.193 UTC postmaster[69699] pg_regress/insert_conflict HINT:  Perhaps you meant to reference the column "insertconflicttest.key" or the column "excluded.key".
2026-09-10 01:57:28.193 UTC postmaster[69699] pg_regress/insert_conflict STATEMENT:  insert into insertconflicttest values (1, 'Apple') on conflict (keyy) do update set fruit = excluded.fruit;
2026-09-10 01:57:28.193 UTC postmaster[69699] pg_regress/copy ERROR:  cannot specify NULL in JSON mode
2026-09-10 01:57:28.193 UTC postmaster[69699] pg_regress/copy STATEMENT:  copy copytest to stdout (format json, null '\N');
2026-09-10 01:57:28.194 UTC postmaster[69699] pg_regress/insert_conflict ERROR:  column excluded.fruitt does not exist at character 92
2026-09-10 01:57:28.194 UTC postmaster[69699] pg_regress/insert_conflict HINT:  Perhaps you meant to reference the column "excluded.fruit".
2026-09-10 01:57:28.194 UTC postmaster[69699] pg_regress/insert_conflict STATEMENT:  insert into insertconflicttest values (1, 'Apple') on conflict (key) do update set fruit = excluded.fruitt;
2026-09-10 01:57:28.194 UTC postmaster[69699] pg_regress/copy ERROR:  cannot specify DEFAULT in JSON mode
2026-09-10 01:57:28.194 UTC postmaster[69699] pg_regress/copy STATEMENT:  copy copytest to stdout (format json, default '|');
2026-09-10 01:57:28.194 UTC postmaster[69699] pg_regress/insert_conflict ERROR:  there is no unique or exclusion constraint matching the ON CONFLICT specification
2026-09-10 01:57:28.194 UTC postmaster[69699] pg_regress/insert_conflict STATEMENT:  insert into insertconflicttest values (3, 'Kiwi') on conflict (key, fruit) do update set fruit = excluded.fruit;
2026-09-10 01:57:28.194 UTC postmaster[69699] pg_regress/copy ERROR:  cannot specify HEADER in JSON mode
2026-09-10 01:57:28.194 UTC postmaster[69699] pg_regress/copy STATEMENT:  copy copytest to stdout (format json, header);
2026-09-10 01:57:28.195 UTC postmaster[69699] pg_regress/insert_conflict ERROR:  there is no unique or exclusion constraint matching the ON CONFLICT specification
2026-09-10 01:57:28.195 UTC postmaster[69699] pg_regress/insert_conflict STATEMENT:  insert into insertconflicttest values (4, 'Mango') on conflict (fruit, key) do update set fruit = excluded.fruit;
2026-09-10 01:57:28.195 UTC postmaster[69699] pg_regress/copy ERROR:  cannot specify HEADER in JSON mode
2026-09-10 01:57:28.195 UTC postmaster[69699] pg_regress/copy STATEMENT:  copy copytest to stdout (format json, header 1);
2026-09-10 01:57:28.195 UTC postmaster[69699] pg_regress/copydml ERROR:  conditional DO INSTEAD rules are not supported for COPY
2026-09-10 01:57:28.195 UTC postmaster[69699] pg_regress/copydml STATEMENT:  copy (delete from copydml_test) to stdout;
2026-09-10 01:57:28.195 UTC postmaster[69699] pg_regress/insert_conflict ERROR:  there is no unique or exclusion constraint matching the ON CONFLICT specification
2026-09-10 01:57:28.195 UTC postmaster[69699] pg_regress/insert_conflict STATEMENT:  insert into insertconflicttest values (5, 'Lemon') on conflict (fruit) do update set fruit = excluded.fruit;
2026-09-10 01:57:28.195 UTC postmaster[69699] pg_regress/copy ERROR:  COPY QUOTE requires CSV mode
2026-09-10 01:57:28.195 UTC postmaster[69699] pg_regress/copy STATEMENT:  copy copytest to stdout (format json, quote '"');
2026-09-10 01:57:28.196 UTC postmaster[69699] pg_regress/insert_conflict ERROR:  there is no unique or exclusion constraint matching the ON CONFLICT specification
2026-09-10 01:57:28.196 UTC postmaster[69699] pg_regress/insert_conflict STATEMENT:  insert into insertconflicttest values (6, 'Passionfruit') on conflict (lower(fruit)) do update set fruit = excluded.fruit;
2026-09-10 01:57:28.196 UTC postmaster[69699] pg_regress/copy ERROR:  COPY ESCAPE requires CSV mode
2026-09-10 01:57:28.196 UTC postmaster[69699] pg_regress/copy STATEMENT:  copy copytest to stdout (format json, escape '"');
2026-09-10 01:57:28.196 UTC postmaster[69699] pg_regress/copy ERROR:  COPY FORCE_QUOTE requires CSV mode
2026-09-10 01:57:28.196 UTC postmaster[69699] pg_regress/copy STATEMENT:  copy copytest to stdout (format json, force_quote *);
2026-09-10 01:57:28.197 UTC postmaster[69699] pg_regress/copy ERROR:  COPY FORCE_NOT_NULL requires CSV mode
2026-09-10 01:57:28.197 UTC postmaster[69699] pg_regress/copy STATEMENT:  copy copytest to stdout (format json, force_not_null *);
2026-09-10 01:57:28.197 UTC postmaster[69699] pg_regress/insert_conflict ERROR:  invalid reference to FROM-clause entry for table "insertconflicttest" at character 106
2026-09-10 01:57:28.197 UTC postmaster[69699] pg_regress/insert_conflict HINT:  Perhaps you meant to reference the table alias "ict".
2026-09-10 01:57:28.197 UTC postmaster[69699] pg_regress/insert_conflict STATEMENT:  insert into insertconflicttest AS ict values (6, 'Passionfruit') on conflict (key) do update set fruit = insertconflicttest.fruit;
2026-09-10 01:57:28.197 UTC postmaster[69699] pg_regress/copy ERROR:  COPY FORCE_NULL requires CSV mode
2026-09-10 01:57:28.197 UTC postmaster[69699] pg_regress/copy STATEMENT:  copy copytest to stdout (format json, force_null *);
2026-09-10 01:57:28.198 UTC postmaster[69699] pg_regress/insert_conflict ERROR:  column "insertconflicttest" of relation "insertconflicttest" does not exist at character 90
2026-09-10 01:57:28.198 UTC postmaster[69699] pg_regress/insert_conflict HINT:  SET target columns cannot be qualified with the relation name.
2026-09-10 01:57:28.198 UTC postmaster[69699] pg_regress/insert_conflict STATEMENT:  insert into insertconflicttest values (3, 'Kiwi') on conflict (key, fruit) do update set insertconflicttest.fruit = 'Mango';
2026-09-10 01:57:28.198 UTC postmaster[69699] pg_regress/copy ERROR:  COPY ON_ERROR cannot be used with COPY TO at character 39
2026-09-10 01:57:28.198 UTC postmaster[69699] pg_regress/copy STATEMENT:  copy copytest to stdout (format json, on_error ignore);
2026-09-10 01:57:28.199 UTC postmaster[69699] pg_regress/copy ERROR:  COPY REJECT_LIMIT requires ON_ERROR to be set to IGNORE
2026-09-10 01:57:28.199 UTC postmaster[69699] pg_regress/copy STATEMENT:  copy copytest to stdout (format json, reject_limit 1);
2026-09-10 01:57:28.199 UTC postmaster[69699] pg_regress/insert_conflict ERROR:  ON CONFLICT DO SELECT requires a RETURNING clause at character 52
2026-09-10 01:57:28.199 UTC postmaster[69699] pg_regress/insert_conflict STATEMENT:  insert into insertconflicttest values (1, 'Apple') on conflict (key) do select;
2026-09-10 01:57:28.199 UTC postmaster[69699] pg_regress/copy ERROR:  COPY FORMAT JSON is not supported for COPY FROM
2026-09-10 01:57:28.199 UTC postmaster[69699] pg_regress/copy STATEMENT:  copy copytest from stdin(format json);
2026-09-10 01:57:28.200 UTC postmaster[69699] pg_regress/copy ERROR:  COPY FORCE_ARRAY can only be used with JSON mode
2026-09-10 01:57:28.200 UTC postmaster[69699] pg_regress/copy STATEMENT:  copy copytest to stdout (format csv, force_array true);
2026-09-10 01:57:28.205 UTC postmaster[69699] pg_regress/copydml ERROR:  COPY query must not be a utility command
2026-09-10 01:57:28.205 UTC postmaster[69699] pg_regress/copydml STATEMENT:  copy (insert into copydml_test default values) to stdout;
2026-09-10 01:57:28.217 UTC postmaster[69699] pg_regress/insert_conflict ERROR:  there is no unique or exclusion constraint matching the ON CONFLICT specification
2026-09-10 01:57:28.217 UTC postmaster[69699] pg_regress/insert_conflict STATEMENT:  insert into insertconflicttest values (9, 'Banana') on conflict (key) do update set fruit = excluded.fruit;
2026-09-10 01:57:28.218 UTC postmaster[69699] pg_regress/insert_conflict ERROR:  there is no unique or exclusion constraint matching the ON CONFLICT specification
2026-09-10 01:57:28.218 UTC postmaster[69699] pg_regress/insert_conflict STATEMENT:  insert into insertconflicttest values (10, 'Blueberry') on conflict (key, key, key) do update set fruit = excluded.fruit;
2026-09-10 01:57:28.219 UTC postmaster[69699] pg_regress/insert_conflict ERROR:  there is no unique or exclusion constraint matching the ON CONFLICT specification
2026-09-10 01:57:28.219 UTC postmaster[69699] pg_regress/insert_conflict STATEMENT:  insert into insertconflicttest values (11, 'Cherry') on conflict (key, lower(fruit)) do update set fruit = excluded.fruit;
2026-09-10 01:57:28.223 UTC postmaster[69699] pg_regress/insert_conflict ERROR:  there is no unique or exclusion constraint matching the ON CONFLICT specification
2026-09-10 01:57:28.223 UTC postmaster[69699] pg_regress/insert_conflict STATEMENT:  insert into insertconflicttest values (12, 'Date') on conflict (lower(fruit), key) do update set fruit = excluded.fruit;
xtc: backend fiber exiting pid=(loop=12,local=1,gen=3) code=0
xtc: supervisor observed normal backend fiber DOWN pid=(loop=12,local=1,gen=3)
2026-09-10 01:57:28.237 UTC postmaster[69699] pg_regress/insert_conflict ERROR:  there is no unique or exclusion constraint matching the ON CONFLICT specification
2026-09-10 01:57:28.237 UTC postmaster[69699] pg_regress/insert_conflict STATEMENT:  insert into insertconflicttest values (13, 'Grape') on conflict (key, fruit) do update set fruit = excluded.fruit;
2026-09-10 01:57:28.237 UTC postmaster[69699] pg_regress/insert_conflict ERROR:  there is no unique or exclusion constraint matching the ON CONFLICT specification
2026-09-10 01:57:28.237 UTC postmaster[69699] pg_regress/insert_conflict STATEMENT:  insert into insertconflicttest values (14, 'Raisin') on conflict (fruit, key) do update set fruit = excluded.fruit;
2026-09-10 01:57:28.238 UTC postmaster[69699] pg_regress/insert_conflict ERROR:  there is no unique or exclusion constraint matching the ON CONFLICT specification
2026-09-10 01:57:28.238 UTC postmaster[69699] pg_regress/insert_conflict STATEMENT:  insert into insertconflicttest values (15, 'Cranberry') on conflict (key) do update set fruit = excluded.fruit;
2026-09-10 01:57:28.238 UTC postmaster[69699] pg_regress/insert ERROR:  cannot set an array element to DEFAULT at character 33
2026-09-10 01:57:28.238 UTC postmaster[69699] pg_regress/insert STATEMENT:  insert into inserttesta (f2[1], f2[2]) values (1,default);
2026-09-10 01:57:28.238 UTC postmaster[69699] pg_regress/insert_conflict ERROR:  there is no unique or exclusion constraint matching the ON CONFLICT specification
2026-09-10 01:57:28.238 UTC postmaster[69699] pg_regress/insert_conflict STATEMENT:  insert into insertconflicttest values (16, 'Melon') on conflict (key, key, key) do update set fruit = excluded.fruit;
2026-09-10 01:57:28.238 UTC postmaster[69699] pg_regress/insert ERROR:  value for domain insert_pos_ints violates check constraint "insert_pos_ints_check"
2026-09-10 01:57:28.238 UTC postmaster[69699] pg_regress/insert STATEMENT:  insert into inserttesta (f2[1], f2[2]) values (0,2);
2026-09-10 01:57:28.238 UTC postmaster[69699] pg_regress/insert_conflict ERROR:  there is no unique or exclusion constraint matching the ON CONFLICT specification
2026-09-10 01:57:28.238 UTC postmaster[69699] pg_regress/insert_conflict STATEMENT:  insert into insertconflicttest values (17, 'Mulberry') on conflict (key, lower(fruit)) do update set fruit = excluded.fruit;
2026-09-10 01:57:28.239 UTC postmaster[69699] pg_regress/insert ERROR:  value for domain insert_pos_ints violates check constraint "insert_pos_ints_check"
2026-09-10 01:57:28.239 UTC postmaster[69699] pg_regress/insert STATEMENT:  insert into inserttesta (f2[1], f2[2]) values (3,4), (0,6);
2026-09-10 01:57:28.239 UTC postmaster[69699] pg_regress/insert_conflict ERROR:  there is no unique or exclusion constraint matching the ON CONFLICT specification
2026-09-10 01:57:28.239 UTC postmaster[69699] pg_regress/insert_conflict STATEMENT:  insert into insertconflicttest values (18, 'Pineapple') on conflict (lower(fruit), key) do update set fruit = excluded.fruit;
2026-09-10 01:57:28.239 UTC postmaster[69699] pg_regress/insert ERROR:  value for domain insert_pos_ints violates check constraint "insert_pos_ints_check"
2026-09-10 01:57:28.239 UTC postmaster[69699] pg_regress/insert STATEMENT:  insert into inserttesta (f2[1], f2[2]) select 0,8;
2026-09-10 01:57:28.243 UTC postmaster[69699] pg_regress/insert ERROR:  cannot set a subfield to DEFAULT at character 34
2026-09-10 01:57:28.243 UTC postmaster[69699] pg_regress/insert STATEMENT:  insert into inserttestb (f3.if1, f3.if2) values (1,default);
2026-09-10 01:57:28.244 UTC postmaster[69699] pg_regress/insert ERROR:  value for domain insert_test_domain violates check constraint "insert_test_domain_check"
2026-09-10 01:57:28.244 UTC postmaster[69699] pg_regress/insert STATEMENT:  insert into inserttestb (f3.if1, f3.if2) values (1,array[null]);
2026-09-10 01:57:28.244 UTC postmaster[69699] pg_regress/insert_conflict ERROR:  there is no unique or exclusion constraint matching the ON CONFLICT specification
2026-09-10 01:57:28.244 UTC postmaster[69699] pg_regress/insert_conflict STATEMENT:  insert into insertconflicttest values (22, 'Apricot') on conflict (upper(fruit)) do update set fruit = excluded.fruit;
2026-09-10 01:57:28.244 UTC postmaster[69699] pg_regress/insert ERROR:  value for domain insert_test_domain violates check constraint "insert_test_domain_check"
2026-09-10 01:57:28.244 UTC postmaster[69699] pg_regress/insert STATEMENT:  insert into inserttestb (f3.if1, f3.if2) values (1,'{null}'), (2,'{bar}');
2026-09-10 01:57:28.244 UTC postmaster[69699] pg_regress/insert_conflict ERROR:  there is no unique or exclusion constraint matching the ON CONFLICT specification
2026-09-10 01:57:28.244 UTC postmaster[69699] pg_regress/insert_conflict STATEMENT:  insert into insertconflicttest values (23, 'Blackberry') on conflict (fruit) do update set fruit = excluded.fruit;
2026-09-10 01:57:28.245 UTC postmaster[69699] pg_regress/insert ERROR:  value for domain insert_test_domain violates check constraint "insert_test_domain_check"
2026-09-10 01:57:28.245 UTC postmaster[69699] pg_regress/insert STATEMENT:  insert into inserttestb (f3.if1, f3.if2) select 3, '{null,quux}';
2026-09-10 01:57:28.252 UTC postmaster[69699] pg_regress/insert_conflict ERROR:  there is no unique or exclusion constraint matching the ON CONFLICT specification
2026-09-10 01:57:28.252 UTC postmaster[69699] pg_regress/insert_conflict STATEMENT:  insert into insertconflicttest values (27, 'Prune') on conflict (key, upper(fruit)) do update set fruit = excluded.fruit;
2026-09-10 01:57:28.253 UTC postmaster[69699] pg_regress/insert_conflict ERROR:  there is no unique or exclusion constraint matching the ON CONFLICT specification
2026-09-10 01:57:28.253 UTC postmaster[69699] pg_regress/insert_conflict STATEMENT:  insert into insertconflicttest values (28, 'Redcurrant') on conflict (fruit, key) do update set fruit = excluded.fruit;
2026-09-10 01:57:28.253 UTC postmaster[69699] pg_regress/insert_conflict ERROR:  there is no unique or exclusion constraint matching the ON CONFLICT specification
2026-09-10 01:57:28.253 UTC postmaster[69699] pg_regress/insert_conflict STATEMENT:  insert into insertconflicttest values (29, 'Nectarine') on conflict (key) do update set fruit = excluded.fruit;
2026-09-10 01:57:28.265 UTC postmaster[69699] pg_regress/insert_conflict ERROR:  duplicate key value violates unique constraint "fruit_index"
2026-09-10 01:57:28.265 UTC postmaster[69699] pg_regress/insert_conflict DETAIL:  Key (fruit)=(Peach) already exists.
2026-09-10 01:57:28.265 UTC postmaster[69699] pg_regress/insert_conflict STATEMENT:  insert into insertconflicttest values (26, 'Peach') on conflict (key) do update set fruit = excluded.fruit;
2026-09-10 01:57:28.267 UTC postmaster[69699] pg_regress/copy ERROR:  cannot perform COPY FREEZE on a partitioned table
2026-09-10 01:57:28.267 UTC postmaster[69699] pg_regress/copy STATEMENT:  copy parted_copytest from '/mnt/nvme/work/pg/src/test/regress/results/parted_copytest.csv' (freeze);
2026-09-10 01:57:28.277 UTC postmaster[69699] pg_regress/insert_conflict ERROR:  there is no unique or exclusion constraint matching the ON CONFLICT specification
2026-09-10 01:57:28.277 UTC postmaster[69699] pg_regress/insert_conflict STATEMENT:  insert into insertconflicttest values (23, 'Blackberry') on conflict (key) do update set fruit = excluded.fruit;
2026-09-10 01:57:28.278 UTC postmaster[69699] pg_regress/insert_conflict ERROR:  there is no unique or exclusion constraint matching the ON CONFLICT specification
2026-09-10 01:57:28.278 UTC postmaster[69699] pg_regress/insert_conflict STATEMENT:  insert into insertconflicttest values (23, 'Blackberry') on conflict (key) where fruit like '%berry' or fruit = 'consequential' do nothing;
2026-09-10 01:57:28.279 UTC postmaster[69699] pg_regress/insert_conflict ERROR:  there is no unique or exclusion constraint matching the ON CONFLICT specification
2026-09-10 01:57:28.279 UTC postmaster[69699] pg_regress/insert_conflict STATEMENT:  insert into insertconflicttest values (23, 'Blackberry') on conflict (fruit) where fruit like '%berry' do update set fruit = excluded.fruit;
2026-09-10 01:57:28.296 UTC postmaster[69699] pg_regress/insert ERROR:  value for domain insert_nnarray violates check constraint "insert_nnarray_check"
2026-09-10 01:57:28.296 UTC postmaster[69699] pg_regress/insert STATEMENT:  insert into inserttesta (f1[1]) values (1);
2026-09-10 01:57:28.302 UTC postmaster[69699] pg_regress/insert ERROR:  value for domain insert_test_domain violates check constraint "insert_test_domain_check"
2026-09-10 01:57:28.302 UTC postmaster[69699] pg_regress/insert STATEMENT:  insert into inserttestb (f1.if1) values (1);
2026-09-10 01:57:28.303 UTC postmaster[69699] pg_regress/insert_conflict ERROR:  column excluded.ctid does not exist at character 82
2026-09-10 01:57:28.303 UTC postmaster[69699] pg_regress/insert_conflict STATEMENT:  insert into syscolconflicttest values (1) on conflict (key) do update set data = excluded.ctid::text;
2026-09-10 01:57:28.309 UTC postmaster[69699] pg_regress/copy ERROR:  cannot use "match" with HEADER in COPY TO
2026-09-10 01:57:28.309 UTC postmaster[69699] pg_regress/copy STATEMENT:  copy header_copytest to stdout with (header match);
2026-09-10 01:57:28.309 UTC postmaster[69699] pg_regress/copy ERROR:  header requires a Boolean value, an integer value greater than or equal to zero, or the string "match"
2026-09-10 01:57:28.309 UTC postmaster[69699] pg_regress/copy STATEMENT:  copy header_copytest from stdin with (header wrong_choice);
2026-09-10 01:57:28.310 UTC postmaster[69699] pg_regress/copy ERROR:  column name mismatch in header line field 1: got "a", expected "c"
2026-09-10 01:57:28.310 UTC postmaster[69699] pg_regress/copy CONTEXT:  COPY header_copytest, line 1: "a	b	c"
2026-09-10 01:57:28.310 UTC postmaster[69699] pg_regress/copy STATEMENT:  copy header_copytest (c, b, a) from stdin with (header match);
2026-09-10 01:57:28.310 UTC postmaster[69699] pg_regress/copy ERROR:  column name mismatch in header line field 3: got null value ("\N"), expected "c"
2026-09-10 01:57:28.310 UTC postmaster[69699] pg_regress/copy CONTEXT:  COPY header_copytest, line 1: "a	b	\N"
2026-09-10 01:57:28.310 UTC postmaster[69699] pg_regress/copy STATEMENT:  copy header_copytest from stdin with (header match);
2026-09-10 01:57:28.310 UTC postmaster[69699] pg_regress/copy ERROR:  wrong number of fields in header line: got 2, expected 3
2026-09-10 01:57:28.310 UTC postmaster[69699] pg_regress/copy CONTEXT:  COPY header_copytest, line 1: "a	b"
2026-09-10 01:57:28.310 UTC postmaster[69699] pg_regress/copy STATEMENT:  copy header_copytest from stdin with (header match);
2026-09-10 01:57:28.311 UTC postmaster[69699] pg_regress/copy ERROR:  wrong number of fields in header line: got 4, expected 3
2026-09-10 01:57:28.311 UTC postmaster[69699] pg_regress/copy CONTEXT:  COPY header_copytest, line 1: "a	b	c	d"
2026-09-10 01:57:28.311 UTC postmaster[69699] pg_regress/copy STATEMENT:  copy header_copytest from stdin with (header match);
2026-09-10 01:57:28.311 UTC postmaster[69699] pg_regress/copy ERROR:  column name mismatch in header line field 3: got "d", expected "c"
2026-09-10 01:57:28.311 UTC postmaster[69699] pg_regress/copy CONTEXT:  COPY header_copytest, line 1: "a	b	d"
2026-09-10 01:57:28.311 UTC postmaster[69699] pg_regress/copy STATEMENT:  copy header_copytest from stdin with (header match);
2026-09-10 01:57:28.311 UTC postmaster[69699] pg_regress/insert ERROR:  no partition of relation "range_parted" found for row
2026-09-10 01:57:28.311 UTC postmaster[69699] pg_regress/insert DETAIL:  Partition key of the failing row contains (a, (b + 0)) = (a, 11).
2026-09-10 01:57:28.311 UTC postmaster[69699] pg_regress/insert STATEMENT:  insert into range_parted values ('a', 11);
2026-09-10 01:57:28.312 UTC postmaster[69699] pg_regress/copy ERROR:  wrong number of fields in header line: got 3, expected 2
2026-09-10 01:57:28.312 UTC postmaster[69699] pg_regress/copy CONTEXT:  COPY header_copytest, line 1: "a	........pg.dropped.2........	c"
2026-09-10 01:57:28.312 UTC postmaster[69699] pg_regress/copy STATEMENT:  copy header_copytest from stdin with (header match);
2026-09-10 01:57:28.312 UTC postmaster[69699] pg_regress/copy ERROR:  wrong number of fields in header line: got 3, expected 2
2026-09-10 01:57:28.312 UTC postmaster[69699] pg_regress/copy CONTEXT:  COPY header_copytest, line 1: "a	c	b"
2026-09-10 01:57:28.312 UTC postmaster[69699] pg_regress/copy STATEMENT:  copy header_copytest (a, c) from stdin with (header match);
2026-09-10 01:57:28.316 UTC postmaster[69699] pg_regress/copy ERROR:  value too long for type character varying(5)
2026-09-10 01:57:28.316 UTC postmaster[69699] pg_regress/copy STATEMENT:  copy oversized_column_default (col2) from stdin;
2026-09-10 01:57:28.316 UTC postmaster[69699] pg_regress/copy ERROR:  value too long for type character varying(5)
2026-09-10 01:57:28.316 UTC postmaster[69699] pg_regress/copy STATEMENT:  copy oversized_column_default from stdin (default '');
2026-09-10 01:57:28.328 UTC postmaster[69699] pg_regress/insert ERROR:  new row for relation "part1" violates partition constraint
2026-09-10 01:57:28.328 UTC postmaster[69699] pg_regress/insert DETAIL:  Failing row contains (a, 11).
2026-09-10 01:57:28.328 UTC postmaster[69699] pg_regress/insert STATEMENT:  insert into part1 values ('a', 11);
2026-09-10 01:57:28.329 UTC postmaster[69699] pg_regress/insert ERROR:  new row for relation "part1" violates partition constraint
2026-09-10 01:57:28.329 UTC postmaster[69699] pg_regress/insert DETAIL:  Failing row contains (b, 1).
2026-09-10 01:57:28.329 UTC postmaster[69699] pg_regress/insert STATEMENT:  insert into part1 values ('b', 1);
2026-09-10 01:57:28.329 UTC postmaster[69699] pg_regress/insert ERROR:  new row for relation "part4" violates partition constraint
2026-09-10 01:57:28.329 UTC postmaster[69699] pg_regress/insert DETAIL:  Failing row contains (b, 21).
2026-09-10 01:57:28.329 UTC postmaster[69699] pg_regress/insert STATEMENT:  insert into part4 values ('b', 21);
2026-09-10 01:57:28.330 UTC postmaster[69699] pg_regress/insert ERROR:  new row for relation "part4" violates partition constraint
2026-09-10 01:57:28.330 UTC postmaster[69699] pg_regress/insert DETAIL:  Failing row contains (a, 10).
2026-09-10 01:57:28.330 UTC postmaster[69699] pg_regress/insert STATEMENT:  insert into part4 values ('a', 10);
2026-09-10 01:57:28.330 UTC postmaster[69699] pg_regress/insert ERROR:  new row for relation "part1" violates partition constraint
2026-09-10 01:57:28.330 UTC postmaster[69699] pg_regress/insert DETAIL:  Failing row contains (null, null).
2026-09-10 01:57:28.330 UTC postmaster[69699] pg_regress/insert STATEMENT:  insert into part1 values (null);
2026-09-10 01:57:28.330 UTC postmaster[69699] pg_regress/insert ERROR:  new row for relation "part1" violates partition constraint
2026-09-10 01:57:28.330 UTC postmaster[69699] pg_regress/insert DETAIL:  Failing row contains (1, null).
2026-09-10 01:57:28.330 UTC postmaster[69699] pg_regress/insert STATEMENT:  insert into part1 values (1);
2026-09-10 01:57:28.388 UTC postmaster[69699] pg_regress/insert_conflict ERROR:  table reference "excluded" is ambiguous at character 76
2026-09-10 01:57:28.388 UTC postmaster[69699] pg_regress/insert_conflict STATEMENT:  insert into excluded values(1, '2') on conflict (key) do update set data = excluded.data RETURNING *;
2026-09-10 01:57:28.396 UTC postmaster[69699] pg_regress/insert ERROR:  new row for relation "part_aa_bb" violates partition constraint
2026-09-10 01:57:28.396 UTC postmaster[69699] pg_regress/insert DETAIL:  Failing row contains (cc, 1).
2026-09-10 01:57:28.396 UTC postmaster[69699] pg_regress/insert STATEMENT:  insert into part_aa_bb values ('cc', 1);
2026-09-10 01:57:28.397 UTC postmaster[69699] pg_regress/insert ERROR:  new row for relation "part_aa_bb" violates partition constraint
2026-09-10 01:57:28.397 UTC postmaster[69699] pg_regress/insert DETAIL:  Failing row contains (AAa, 1).
2026-09-10 01:57:28.397 UTC postmaster[69699] pg_regress/insert STATEMENT:  insert into part_aa_bb values ('AAa', 1);
2026-09-10 01:57:28.398 UTC postmaster[69699] pg_regress/insert ERROR:  new row for relation "part_aa_bb" violates partition constraint
2026-09-10 01:57:28.398 UTC postmaster[69699] pg_regress/insert DETAIL:  Failing row contains (null, null).
2026-09-10 01:57:28.398 UTC postmaster[69699] pg_regress/insert STATEMENT:  insert into part_aa_bb values (null);
2026-09-10 01:57:28.399 UTC postmaster[69699] pg_regress/copy ERROR:  cannot perform COPY FREEZE on a foreign table
2026-09-10 01:57:28.399 UTC postmaster[69699] pg_regress/copy STATEMENT:  copy copytest_foreign_table from stdin (freeze);
2026-09-10 01:57:28.402 UTC postmaster[69699] pg_regress/insert_conflict ERROR:  duplicate key value violates unique constraint "twoconstraints_f1_key"
2026-09-10 01:57:28.402 UTC postmaster[69699] pg_regress/insert_conflict DETAIL:  Key (f1)=(1) already exists.
2026-09-10 01:57:28.402 UTC postmaster[69699] pg_regress/insert_conflict STATEMENT:  insert into twoconstraints values(1, '((2,2),(3,3))');
2026-09-10 01:57:28.403 UTC postmaster[69699] pg_regress/insert_conflict ERROR:  conflicting key value violates exclusion constraint "twoconstraints_f2_excl"
2026-09-10 01:57:28.403 UTC postmaster[69699] pg_regress/insert_conflict DETAIL:  Key (f2)=((1,2),(0,0)) conflicts with existing key (f2)=((1,1),(0,0)).
2026-09-10 01:57:28.403 UTC postmaster[69699] pg_regress/insert_conflict STATEMENT:  insert into twoconstraints values(2, '((0,0),(1,2))');
2026-09-10 01:57:28.403 UTC postmaster[69699] pg_regress/copy ERROR:  cannot copy from unpopulated materialized view "copytest_mv"
2026-09-10 01:57:28.403 UTC postmaster[69699] pg_regress/copy HINT:  Use the REFRESH MATERIALIZED VIEW command.
2026-09-10 01:57:28.403 UTC postmaster[69699] pg_regress/copy STATEMENT:  COPY copytest_mv(id) TO stdout WITH (header);
2026-09-10 01:57:28.403 UTC postmaster[69699] pg_regress/insert_conflict ERROR:  conflicting key value violates exclusion constraint "twoconstraints_f2_excl"
2026-09-10 01:57:28.403 UTC postmaster[69699] pg_regress/insert_conflict DETAIL:  Key (f2)=((1,2),(0,0)) conflicts with existing key (f2)=((1,1),(0,0)).
2026-09-10 01:57:28.403 UTC postmaster[69699] pg_regress/insert_conflict STATEMENT:  insert into twoconstraints values(2, '((0,0),(1,2))')
	  on conflict on constraint twoconstraints_f1_key do nothing;
2026-09-10 01:57:28.409 UTC postmaster[69699] pg_regress/insert_conflict ERROR:  ON CONFLICT DO UPDATE command cannot affect row a second time
2026-09-10 01:57:28.409 UTC postmaster[69699] pg_regress/insert_conflict HINT:  Ensure that no rows proposed for insertion within the same command have duplicate constrained values.
2026-09-10 01:57:28.409 UTC postmaster[69699] pg_regress/insert_conflict STATEMENT:  insert into selfconflict values (4,1), (4,2) on conflict(f1) do update set f2 = 0;
2026-09-10 01:57:28.409 UTC postmaster[69699] pg_regress/insert_conflict ERROR:  ON CONFLICT DO UPDATE command cannot affect row a second time
2026-09-10 01:57:28.409 UTC postmaster[69699] pg_regress/insert_conflict HINT:  Ensure that no rows proposed for insertion within the same command have duplicate constrained values.
2026-09-10 01:57:28.409 UTC postmaster[69699] pg_regress/insert_conflict STATEMENT:  insert into selfconflict values (5,1), (5,2) on conflict(f1) do update set f2 = 0;
2026-09-10 01:57:28.410 UTC postmaster[69699] pg_regress/insert_conflict ERROR:  ON CONFLICT DO UPDATE command cannot affect row a second time
2026-09-10 01:57:28.410 UTC postmaster[69699] pg_regress/insert_conflict HINT:  Ensure that no rows proposed for insertion within the same command have duplicate constrained values.
2026-09-10 01:57:28.410 UTC postmaster[69699] pg_regress/insert_conflict STATEMENT:  insert into selfconflict values (6,1), (6,2) on conflict(f1) do update set f2 = 0;
2026-09-10 01:57:28.412 UTC postmaster[69699] pg_regress/insert_conflict ERROR:  ON CONFLICT DO SELECT command cannot affect row a second time
2026-09-10 01:57:28.412 UTC postmaster[69699] pg_regress/insert_conflict HINT:  Ensure that no rows proposed for insertion within the same command have duplicate constrained values.
2026-09-10 01:57:28.412 UTC postmaster[69699] pg_regress/insert_conflict STATEMENT:  insert into selfconflict values (10,1), (10,2) on conflict(f1) do select for update returning *;
2026-09-10 01:57:28.412 UTC postmaster[69699] pg_regress/insert_conflict ERROR:  ON CONFLICT DO SELECT command cannot affect row a second time
2026-09-10 01:57:28.412 UTC postmaster[69699] pg_regress/insert_conflict HINT:  Ensure that no rows proposed for insertion within the same command have duplicate constrained values.
2026-09-10 01:57:28.412 UTC postmaster[69699] pg_regress/insert_conflict STATEMENT:  insert into selfconflict values (11,1), (11,2) on conflict(f1) do select for update returning *;
2026-09-10 01:57:28.413 UTC postmaster[69699] pg_regress/insert_conflict ERROR:  ON CONFLICT DO SELECT command cannot affect row a second time
2026-09-10 01:57:28.413 UTC postmaster[69699] pg_regress/insert_conflict HINT:  Ensure that no rows proposed for insertion within the same command have duplicate constrained values.
2026-09-10 01:57:28.413 UTC postmaster[69699] pg_regress/insert_conflict STATEMENT:  insert into selfconflict values (12,1), (12,2) on conflict(f1) do select for update returning *;
2026-09-10 01:57:28.414 UTC postmaster[69699] pg_regress/insert ERROR:  new row for relation "part_default" violates partition constraint
2026-09-10 01:57:28.414 UTC postmaster[69699] pg_regress/insert DETAIL:  Failing row contains (aa, 2).
2026-09-10 01:57:28.414 UTC postmaster[69699] pg_regress/insert STATEMENT:  insert into part_default values ('aa', 2);
2026-09-10 01:57:28.415 UTC postmaster[69699] pg_regress/insert ERROR:  new row for relation "part_default" violates partition constraint
2026-09-10 01:57:28.415 UTC postmaster[69699] pg_regress/insert DETAIL:  Failing row contains (null, 2).
2026-09-10 01:57:28.415 UTC postmaster[69699] pg_regress/insert STATEMENT:  insert into part_default values (null, 2);
2026-09-10 01:57:28.423 UTC postmaster[69699] pg_regress/insert_conflict ERROR:  there is no unique or exclusion constraint matching the ON CONFLICT specification
2026-09-10 01:57:28.423 UTC postmaster[69699] pg_regress/insert_conflict STATEMENT:  insert into parted_conflict_test values (2, 'b') on conflict (b) do update set a = excluded.a;
2026-09-10 01:57:28.423 UTC postmaster[69699] pg_regress/insert_conflict ERROR:  there is no unique or exclusion constraint matching the ON CONFLICT specification
2026-09-10 01:57:28.423 UTC postmaster[69699] pg_regress/insert_conflict STATEMENT:  insert into parted_conflict_test values (2, 'b') on conflict (b) do select returning b;
2026-09-10 01:57:28.442 UTC postmaster[69699] pg_regress/insert ERROR:  new row for relation "part_ee_ff1" violates partition constraint
2026-09-10 01:57:28.442 UTC postmaster[69699] pg_regress/insert DETAIL:  Failing row contains (EE, 11).
2026-09-10 01:57:28.442 UTC postmaster[69699] pg_regress/insert STATEMENT:  insert into part_ee_ff1 values ('EE', 11);
2026-09-10 01:57:28.444 UTC postmaster[69699] pg_regress/insert ERROR:  new row for relation "part_default_p2" violates partition constraint
2026-09-10 01:57:28.444 UTC postmaster[69699] pg_regress/insert DETAIL:  Failing row contains (gg, 43).
2026-09-10 01:57:28.444 UTC postmaster[69699] pg_regress/insert STATEMENT:  insert into part_default_p2 values ('gg', 43);
2026-09-10 01:57:28.444 UTC postmaster[69699] pg_regress/insert ERROR:  new row for relation "part_ee_ff1" violates partition constraint
2026-09-10 01:57:28.444 UTC postmaster[69699] pg_regress/insert DETAIL:  Failing row contains (cc, 1).
2026-09-10 01:57:28.444 UTC postmaster[69699] pg_regress/insert STATEMENT:  insert into part_ee_ff1 values ('cc', 1);
2026-09-10 01:57:28.446 UTC postmaster[69699] pg_regress/insert ERROR:  no partition of relation "part_default" found for row
2026-09-10 01:57:28.446 UTC postmaster[69699] pg_regress/insert DETAIL:  Partition key of the failing row contains (b) = (43).
2026-09-10 01:57:28.446 UTC postmaster[69699] pg_regress/insert STATEMENT:  insert into part_default values ('gg', 43);
xtc: backend fiber exiting pid=(loop=10,local=1,gen=3) code=0
xtc: supervisor observed normal backend fiber DOWN pid=(loop=10,local=1,gen=3)
2026-09-10 01:57:28.458 UTC postmaster[69699] pg_regress/insert ERROR:  no partition of relation "range_parted" found for row
2026-09-10 01:57:28.458 UTC postmaster[69699] pg_regress/insert DETAIL:  Partition key of the failing row contains (a, (b + 0)) = (a, 0).
2026-09-10 01:57:28.458 UTC postmaster[69699] pg_regress/insert STATEMENT:  insert into range_parted values ('a', 0);
2026-09-10 01:57:28.459 UTC postmaster[69699] pg_regress/insert ERROR:  no partition of relation "range_parted" found for row
2026-09-10 01:57:28.459 UTC postmaster[69699] pg_regress/insert DETAIL:  Partition key of the failing row contains (a, (b + 0)) = (a, 20).
2026-09-10 01:57:28.459 UTC postmaster[69699] pg_regress/insert STATEMENT:  insert into range_parted values ('a', 20);
2026-09-10 01:57:28.459 UTC postmaster[69699] pg_regress/insert ERROR:  no partition of relation "range_parted" found for row
2026-09-10 01:57:28.459 UTC postmaster[69699] pg_regress/insert DETAIL:  Partition key of the failing row contains (a, (b + 0)) = (a, null).
2026-09-10 01:57:28.459 UTC postmaster[69699] pg_regress/insert STATEMENT:  insert into range_parted values ('a');
2026-09-10 01:57:28.462 UTC postmaster[69699] pg_regress/insert ERROR:  new row for relation "part_def" violates partition constraint
2026-09-10 01:57:28.462 UTC postmaster[69699] pg_regress/insert DETAIL:  Failing row contains (b, 10).
2026-09-10 01:57:28.462 UTC postmaster[69699] pg_regress/insert STATEMENT:  insert into part_def values ('b', 10);
2026-09-10 01:57:28.465 UTC postmaster[69699] pg_regress/insert ERROR:  no partition of relation "part_ee_ff" found for row
2026-09-10 01:57:28.465 UTC postmaster[69699] pg_regress/insert DETAIL:  Partition key of the failing row contains (b) = (0).
2026-09-10 01:57:28.465 UTC postmaster[69699] pg_regress/insert STATEMENT:  insert into list_parted values ('EE', 0);
2026-09-10 01:57:28.465 UTC postmaster[69699] pg_regress/insert ERROR:  no partition of relation "part_ee_ff" found for row
2026-09-10 01:57:28.465 UTC postmaster[69699] pg_regress/insert DETAIL:  Partition key of the failing row contains (b) = (0).
2026-09-10 01:57:28.465 UTC postmaster[69699] pg_regress/insert STATEMENT:  insert into part_ee_ff values ('EE', 0);
2026-09-10 01:57:28.490 UTC postmaster[69699] pg_regress/insert_conflict ERROR:  there is no unique or exclusion constraint matching the ON CONFLICT specification
2026-09-10 01:57:28.490 UTC postmaster[69699] pg_regress/insert_conflict STATEMENT:  insert into parted_conflict_1 values (40, 'cuarenta')
	  on conflict (a) do update set b = excluded.b;
2026-09-10 01:57:28.508 UTC postmaster[69699] pg_regress/insert ERROR:  new row for relation "hpart0" violates partition constraint
2026-09-10 01:57:28.508 UTC postmaster[69699] pg_regress/insert DETAIL:  Failing row contains (11).
2026-09-10 01:57:28.508 UTC postmaster[69699] pg_regress/insert STATEMENT:  insert into hpart0 values(11);
xtc: backend fiber exiting pid=(loop=15,local=1,gen=3) code=0
xtc: supervisor observed normal backend fiber DOWN pid=(loop=15,local=1,gen=3)
2026-09-10 01:57:28.565 UTC postmaster[69699] pg_regress/insert ERROR:  no partition of relation "mlparted1" found for row
2026-09-10 01:57:28.565 UTC postmaster[69699] pg_regress/insert DETAIL:  Partition key of the failing row contains ((b + 0)) = (5).
2026-09-10 01:57:28.565 UTC postmaster[69699] pg_regress/insert STATEMENT:  insert into mlparted (a, b) values (1, 5);
2026-09-10 01:57:28.569 UTC postmaster[69699] pg_regress/insert ERROR:  new row for relation "mlparted11" violates check constraint "check_b"
2026-09-10 01:57:28.569 UTC postmaster[69699] pg_regress/insert DETAIL:  Failing row contains (1, 4).
2026-09-10 01:57:28.569 UTC postmaster[69699] pg_regress/insert STATEMENT:  insert into mlparted values (1, 2);
2026-09-10 01:57:28.570 UTC postmaster[69699] pg_regress/insert ERROR:  new row for relation "mlparted1" violates partition constraint
2026-09-10 01:57:28.570 UTC postmaster[69699] pg_regress/insert DETAIL:  Failing row contains (3, 2).
2026-09-10 01:57:28.570 UTC postmaster[69699] pg_regress/insert STATEMENT:  insert into mlparted1 (a, b) values (2, 3);
2026-09-10 01:57:28.572 UTC postmaster[69699] pg_regress/insert ERROR:  no partition of relation "lparted_nonullpart" found for row
2026-09-10 01:57:28.572 UTC postmaster[69699] pg_regress/insert DETAIL:  Partition key of the failing row contains (b) = (null).
2026-09-10 01:57:28.572 UTC postmaster[69699] pg_regress/insert STATEMENT:  insert into lparted_nonullpart values (1);
2026-09-10 01:57:28.600 UTC postmaster[69699] pg_regress/insert ERROR:  new row for relation "mlparted5a" violates check constraint "check_b"
2026-09-10 01:57:28.600 UTC postmaster[69699] pg_regress/insert DETAIL:  Failing row contains (1, 45, a).
2026-09-10 01:57:28.600 UTC postmaster[69699] pg_regress/insert STATEMENT:  insert into mlparted values (1, 45, 'a');
2026-09-10 01:57:28.602 UTC postmaster[69699] pg_regress/insert ERROR:  new row for relation "mlparted5a" violates partition constraint
2026-09-10 01:57:28.602 UTC postmaster[69699] pg_regress/insert DETAIL:  Failing row contains (b, 1, 40).
2026-09-10 01:57:28.602 UTC postmaster[69699] pg_regress/insert STATEMENT:  insert into mlparted5 (a, b, c) values (1, 40, 'a');
2026-09-10 01:57:28.614 UTC postmaster[69699] pg_regress/insert ERROR:  no partition of relation "mlparted_def" found for row
2026-09-10 01:57:28.614 UTC postmaster[69699] pg_regress/insert DETAIL:  Partition key of the failing row contains (a) = (70).
2026-09-10 01:57:28.614 UTC postmaster[69699] pg_regress/insert STATEMENT:  insert into mlparted values (70, 100);
2026-09-10 01:57:28.615 UTC postmaster[69699] pg_regress/insert ERROR:  new row for relation "mlparted_def1" violates partition constraint
2026-09-10 01:57:28.615 UTC postmaster[69699] pg_regress/insert DETAIL:  Failing row contains (52, 50, null).
2026-09-10 01:57:28.615 UTC postmaster[69699] pg_regress/insert STATEMENT:  insert into mlparted_def1 values (52, 50);
2026-09-10 01:57:28.615 UTC postmaster[69699] pg_regress/insert ERROR:  new row for relation "mlparted_def2" violates partition constraint
2026-09-10 01:57:28.615 UTC postmaster[69699] pg_regress/insert DETAIL:  Failing row contains (34, 50, null).
2026-09-10 01:57:28.615 UTC postmaster[69699] pg_regress/insert STATEMENT:  insert into mlparted_def2 values (34, 50);
2026-09-10 01:57:28.646 UTC postmaster[69699] pg_regress/insert ERROR:  no partition of relation "mlparted5_cd" found for row
2026-09-10 01:57:28.646 UTC postmaster[69699] pg_regress/insert DETAIL:  Partition key of the failing row contains (c) = (c).
2026-09-10 01:57:28.646 UTC postmaster[69699] pg_regress/insert STATEMENT:  insert into mlparted values (1, 45, 'c', 1);
2026-09-10 01:57:28.646 UTC postmaster[69699] pg_regress/insert ERROR:  no partition of relation "mlparted5" found for row
2026-09-10 01:57:28.646 UTC postmaster[69699] pg_regress/insert DETAIL:  Partition key of the failing row contains (c) = (f).
2026-09-10 01:57:28.646 UTC postmaster[69699] pg_regress/insert STATEMENT:  insert into mlparted values (1, 45, 'f', 1);
2026-09-10 01:57:28.672 UTC postmaster[69699] pg_regress/insert ERROR:  no partition of relation "mlparted5_cd" found for row
2026-09-10 01:57:28.672 UTC postmaster[69699] pg_regress/insert DETAIL:  Partition key of the failing row contains (c) = (c).
2026-09-10 01:57:28.672 UTC postmaster[69699] pg_regress/insert STATEMENT:  insert into mlparted values (1, 45, 'c', 1);
2026-09-10 01:57:28.672 UTC postmaster[69699] pg_regress/insert ERROR:  no partition of relation "mlparted5" found for row
2026-09-10 01:57:28.672 UTC postmaster[69699] pg_regress/insert DETAIL:  Partition key of the failing row contains (c) = (f).
2026-09-10 01:57:28.672 UTC postmaster[69699] pg_regress/insert STATEMENT:  insert into mlparted values (1, 45, 'f', 1);
2026-09-10 01:57:28.684 UTC postmaster[69699] pg_regress/insert ERROR:  no partition of relation "key_desc_1" found for row
2026-09-10 01:57:28.684 UTC postmaster[69699] pg_regress/insert STATEMENT:  insert into key_desc values (1, 1);
2026-09-10 01:57:28.685 UTC postmaster[69699] pg_regress/insert ERROR:  no partition of relation "key_desc_1" found for row
2026-09-10 01:57:28.685 UTC postmaster[69699] pg_regress/insert DETAIL:  Partition key of the failing row contains (b) = (1).
2026-09-10 01:57:28.685 UTC postmaster[69699] pg_regress/insert STATEMENT:  insert into key_desc values (1, 1);
2026-09-10 01:57:28.685 UTC postmaster[69699] pg_regress/insert ERROR:  no partition of relation "key_desc" found for row
2026-09-10 01:57:28.685 UTC postmaster[69699] pg_regress/insert STATEMENT:  insert into key_desc values (2, 1);
2026-09-10 01:57:28.690 UTC postmaster[69699] pg_regress/insert ERROR:  every bound following MINVALUE must also be MINVALUE at character 75
2026-09-10 01:57:28.690 UTC postmaster[69699] pg_regress/insert STATEMENT:  create table mcrparted0 partition of mcrparted for values from (minvalue, 0, 0) to (1, maxvalue, maxvalue);
2026-09-10 01:57:28.691 UTC postmaster[69699] pg_regress/insert ERROR:  every bound following MAXVALUE must also be MAXVALUE at character 100
2026-09-10 01:57:28.691 UTC postmaster[69699] pg_regress/insert STATEMENT:  create table mcrparted2 partition of mcrparted for values from (10, 6, minvalue) to (10, maxvalue, minvalue);
2026-09-10 01:57:28.692 UTC postmaster[69699] pg_regress/insert ERROR:  every bound following MINVALUE must also be MINVALUE at character 79
2026-09-10 01:57:28.692 UTC postmaster[69699] pg_regress/insert STATEMENT:  create table mcrparted4 partition of mcrparted for values from (21, minvalue, 0) to (30, 20, minvalue);
2026-09-10 01:57:28.699 UTC postmaster[69699] pg_regress/insert ERROR:  no partition of relation "mcrparted" found for row
2026-09-10 01:57:28.699 UTC postmaster[69699] pg_regress/insert DETAIL:  Partition key of the failing row contains (a, abs(b), c) = (null, null, null).
2026-09-10 01:57:28.699 UTC postmaster[69699] pg_regress/insert STATEMENT:  insert into mcrparted values (null, null, null);
2026-09-10 01:57:28.703 UTC postmaster[69699] pg_regress/insert ERROR:  no partition of relation "mcrparted" found for row
2026-09-10 01:57:28.703 UTC postmaster[69699] pg_regress/insert DETAIL:  Partition key of the failing row contains (a, abs(b), c) = (11, 1, -1).
2026-09-10 01:57:28.703 UTC postmaster[69699] pg_regress/insert STATEMENT:  insert into mcrparted values (11, 1, -1);
2026-09-10 01:57:28.703 UTC postmaster[69699] pg_regress/insert ERROR:  new row for relation "mcrparted3" violates partition constraint
2026-09-10 01:57:28.703 UTC postmaster[69699] pg_regress/insert DETAIL:  Failing row contains (11, 1, -1).
2026-09-10 01:57:28.703 UTC postmaster[69699] pg_regress/insert STATEMENT:  insert into mcrparted3 values (11, 1, -1);
2026-09-10 01:57:28.704 UTC postmaster[69699] pg_regress/insert ERROR:  new row for relation "mcrparted4" violates partition constraint
2026-09-10 01:57:28.704 UTC postmaster[69699] pg_regress/insert DETAIL:  Failing row contains (30, 21, 20).
2026-09-10 01:57:28.704 UTC postmaster[69699] pg_regress/insert STATEMENT:  insert into mcrparted4 values (30, 21, 20);
2026-09-10 01:57:28.713 UTC postmaster[69699] pg_regress/insert ERROR:  new row for relation "brtrigpartcon1" violates partition constraint
2026-09-10 01:57:28.713 UTC postmaster[69699] pg_regress/insert DETAIL:  Failing row contains (2, hi there).
2026-09-10 01:57:28.713 UTC postmaster[69699] pg_regress/insert STATEMENT:  insert into brtrigpartcon values (1, 'hi there');
2026-09-10 01:57:28.713 UTC postmaster[69699] pg_regress/insert ERROR:  new row for relation "brtrigpartcon1" violates partition constraint
2026-09-10 01:57:28.713 UTC postmaster[69699] pg_regress/insert DETAIL:  Failing row contains (2, hi there).
2026-09-10 01:57:28.713 UTC postmaster[69699] pg_regress/insert STATEMENT:  insert into brtrigpartcon1 values (1, 'hi there');
2026-09-10 01:57:28.718 UTC postmaster[69699] pg_regress/insert ERROR:  new row for relation "brtrigpartcon1" violates partition constraint
2026-09-10 01:57:28.718 UTC postmaster[69699] pg_regress/insert DETAIL:  Failing row contains (a, b) = (2, hi there).
2026-09-10 01:57:28.718 UTC postmaster[69699] pg_regress/insert STATEMENT:  with result as (insert into brtrigpartcon values (1, 'hi there') returning 1)
	  insert into inserttest3 (f3) select * from result;
xtc: backend fiber exiting pid=(loop=14,local=1,gen=3) code=0
xtc: supervisor observed normal backend fiber DOWN pid=(loop=14,local=1,gen=3)
2026-09-10 01:57:28.884 UTC postmaster[69699] LOG:  xtc: client backend launched as xtc fiber (child_slot=15)
xtc: spawned backend fiber pid=(loop=16,local=1,gen=3) migratable=1
2026-09-10 01:57:28.884 UTC postmaster[69699] LOG:  xtc: client backend launched as xtc fiber (child_slot=17)
xtc: spawned backend fiber pid=(loop=17,local=1,gen=3) migratable=1
2026-09-10 01:57:28.884 UTC postmaster[69699] LOG:  xtc: client backend launched as xtc fiber (child_slot=6)
xtc: spawned backend fiber pid=(loop=18,local=1,gen=3) migratable=1
2026-09-10 01:57:28.884 UTC postmaster[69699] LOG:  xtc: client backend launched as xtc fiber (child_slot=3)
xtc: spawned backend fiber pid=(loop=19,local=1,gen=3) migratable=1
2026-09-10 01:57:28.884 UTC postmaster[69699] LOG:  xtc: client backend launched as xtc fiber (child_slot=8)
2026-09-10 01:57:28.884 UTC postmaster[69699] LOG:  xtc: client backend launched as xtc fiber (child_slot=7)
xtc: spawned backend fiber pid=(loop=20,local=1,gen=3) migratable=1
xtc: spawned backend fiber pid=(loop=21,local=1,gen=3) migratable=1
2026-09-10 01:57:28.884 UTC postmaster[69699] LOG:  xtc: client backend launched as xtc fiber (child_slot=20)
xtc: spawned backend fiber pid=(loop=22,local=1,gen=3) migratable=1
2026-09-10 01:57:28.907 UTC postmaster[69699] pg_regress/create_procedure ERROR:  procedure nonexistent() does not exist at character 6
2026-09-10 01:57:28.907 UTC postmaster[69699] pg_regress/create_procedure DETAIL:  There is no procedure of that name.
2026-09-10 01:57:28.907 UTC postmaster[69699] pg_regress/create_procedure STATEMENT:  CALL nonexistent();
2026-09-10 01:57:28.908 UTC postmaster[69699] pg_regress/create_procedure ERROR:  random() is not a procedure at character 6
2026-09-10 01:57:28.908 UTC postmaster[69699] pg_regress/create_procedure HINT:  To call a function, use SELECT.
2026-09-10 01:57:28.908 UTC postmaster[69699] pg_regress/create_procedure STATEMENT:  CALL random();
2026-09-10 01:57:28.908 UTC postmaster[69699] pg_regress/create_table ERROR:  column "u" has pseudo-type unknown
2026-09-10 01:57:28.908 UTC postmaster[69699] pg_regress/create_table STATEMENT:  CREATE TABLE unknowntab (
		u unknown    -- fail
	);
2026-09-10 01:57:28.908 UTC postmaster[69699] pg_regress/create_table ERROR:  column "u" has pseudo-type unknown
2026-09-10 01:57:28.908 UTC postmaster[69699] pg_regress/create_table STATEMENT:  CREATE TYPE unknown_comptype AS (
		u unknown    -- fail
	);
2026-09-10 01:57:28.908 UTC postmaster[69699] pg_regress/create_function_c ERROR:  could not access file "nosuchfile": No such file or directory
2026-09-10 01:57:28.908 UTC postmaster[69699] pg_regress/create_function_c STATEMENT:  CREATE FUNCTION test1 (int) RETURNS int LANGUAGE C
	    AS 'nosuchfile';
2026-09-10 01:57:28.908 UTC postmaster[69699] pg_regress/create_table ERROR:  unrecognized parameter "Fillfactor"
2026-09-10 01:57:28.908 UTC postmaster[69699] pg_regress/create_table STATEMENT:  CREATE TABLE tas_case WITH ("Fillfactor" = 10) AS SELECT 1 a;
2026-09-10 01:57:28.908 UTC postmaster[69699] pg_regress/create_schema ERROR:  CREATE specifies a schema (schema_not_existing) different from the one being created (regress_create_schema_role) at character 74
2026-09-10 01:57:28.908 UTC postmaster[69699] pg_regress/create_schema STATEMENT:  CREATE SCHEMA AUTHORIZATION regress_create_schema_role
	  CREATE SEQUENCE schema_not_existing.seq;
2026-09-10 01:57:28.908 UTC postmaster[69699] pg_regress/create_function_c ERROR:  could not find function "nosuchsymbol" in file "/mnt/nvme/work/pg/src/test/regress/regress.so"
2026-09-10 01:57:28.908 UTC postmaster[69699] pg_regress/create_function_c STATEMENT:  CREATE FUNCTION test1 (int) RETURNS int LANGUAGE C
	    AS '/mnt/nvme/work/pg/src/test/regress/regress.so', 'nosuchsymbol';
2026-09-10 01:57:28.909 UTC postmaster[69699] pg_regress/create_operator ERROR:  operator right argument type must be specified
2026-09-10 01:57:28.909 UTC postmaster[69699] pg_regress/create_operator DETAIL:  Postfix operators are not supported.
2026-09-10 01:57:28.909 UTC postmaster[69699] pg_regress/create_operator STATEMENT:  CREATE OPERATOR #%# (
	   leftarg = int8,		-- fail, postfix is no longer supported
	   procedure = factorial
	);
2026-09-10 01:57:28.909 UTC postmaster[69699] pg_regress/create_schema ERROR:  CREATE specifies a schema (schema_not_existing) different from the one being created (regress_create_schema_role) at character 71
2026-09-10 01:57:28.909 UTC postmaster[69699] pg_regress/create_schema STATEMENT:  CREATE SCHEMA AUTHORIZATION regress_create_schema_role
	  CREATE TABLE schema_not_existing.tab (id int);
2026-09-10 01:57:28.909 UTC postmaster[69699] pg_regress/create_function_c ERROR:  there is no built-in function named "nosuch"
2026-09-10 01:57:28.909 UTC postmaster[69699] pg_regress/create_function_c STATEMENT:  CREATE FUNCTION test1 (int) RETURNS int LANGUAGE internal
	    AS 'nosuch';
2026-09-10 01:57:28.909 UTC postmaster[69699] pg_regress/create_schema ERROR:  CREATE specifies a schema (schema_not_existing) different from the one being created (regress_create_schema_role) at character 70
2026-09-10 01:57:28.909 UTC postmaster[69699] pg_regress/create_schema STATEMENT:  CREATE SCHEMA AUTHORIZATION regress_create_schema_role
	  CREATE VIEW schema_not_existing.view AS SELECT 1;
2026-09-10 01:57:28.910 UTC postmaster[69699] pg_regress/create_operator ERROR:  operator does not exist: @@##@@ integer at character 8
2026-09-10 01:57:28.910 UTC postmaster[69699] pg_regress/create_operator DETAIL:  There is no operator of that name.
2026-09-10 01:57:28.910 UTC postmaster[69699] pg_regress/create_operator STATEMENT:  select @@##@@ 24;
2026-09-10 01:57:28.910 UTC postmaster[69699] pg_regress/create_schema ERROR:  CREATE specifies a schema (schema_not_existing) different from the one being created (regress_create_schema_role) at character 74
2026-09-10 01:57:28.910 UTC postmaster[69699] pg_regress/create_schema STATEMENT:  CREATE SCHEMA AUTHORIZATION regress_create_schema_role
	  CREATE INDEX ON schema_not_existing.tab (id);
xtc: backend fiber exiting pid=(loop=16,local=1,gen=3) code=0
xtc: supervisor observed normal backend fiber DOWN pid=(loop=16,local=1,gen=3)
2026-09-10 01:57:28.910 UTC postmaster[69699] pg_regress/create_schema ERROR:  CREATE specifies a schema (schema_not_existing) different from the one being created (regress_create_schema_role) at character 102
2026-09-10 01:57:28.910 UTC postmaster[69699] pg_regress/create_schema STATEMENT:  CREATE SCHEMA AUTHORIZATION regress_create_schema_role
	  CREATE TRIGGER schema_trig BEFORE INSERT ON schema_not_existing.tab
	  EXECUTE FUNCTION schema_trig.no_func();
2026-09-10 01:57:28.910 UTC postmaster[69699] pg_regress/create_operator ERROR:  operator does not exist: @#@ integer at character 8
2026-09-10 01:57:28.910 UTC postmaster[69699] pg_regress/create_operator DETAIL:  An operator of that name exists, but it is not in the search_path.
2026-09-10 01:57:28.910 UTC postmaster[69699] pg_regress/create_operator STATEMENT:  select @#@ 24;
2026-09-10 01:57:28.910 UTC postmaster[69699] pg_regress/create_schema ERROR:  CREATE specifies a schema (schema_not_existing) different from the one being created (regress_create_schema_role)
2026-09-10 01:57:28.910 UTC postmaster[69699] pg_regress/create_schema STATEMENT:  CREATE SCHEMA AUTHORIZATION regress_create_schema_role
	  CREATE FUNCTION schema_not_existing.func(int) RETURNS int
	  AS 'SELECT $1' LANGUAGE sql;
2026-09-10 01:57:28.910 UTC postmaster[69699] pg_regress/create_operator ERROR:  operator does not exist: @#@ numeric at character 8
2026-09-10 01:57:28.910 UTC postmaster[69699] pg_regress/create_operator DETAIL:  No operator of that name accepts the given argument type.
2026-09-10 01:57:28.910 UTC postmaster[69699] pg_regress/create_operator HINT:  You might need to add an explicit type cast.
2026-09-10 01:57:28.910 UTC postmaster[69699] pg_regress/create_operator STATEMENT:  select @#@ 24.0;
2026-09-10 01:57:28.911 UTC postmaster[69699] pg_regress/create_operator ERROR:  operator does not exist: ###### integer
2026-09-10 01:57:28.911 UTC postmaster[69699] pg_regress/create_operator STATEMENT:  COMMENT ON OPERATOR ###### (NONE, int4) IS 'bad prefix';
2026-09-10 01:57:28.911 UTC postmaster[69699] pg_regress/create_operator ERROR:  postfix operators are not supported
2026-09-10 01:57:28.911 UTC postmaster[69699] pg_regress/create_operator STATEMENT:  COMMENT ON OPERATOR ###### (int4, NONE) IS 'bad postfix';
2026-09-10 01:57:28.911 UTC postmaster[69699] pg_regress/create_schema ERROR:  CREATE specifies a schema (schema_not_existing) different from the one being created (regress_create_schema_role) at character 60
2026-09-10 01:57:28.911 UTC postmaster[69699] pg_regress/create_schema STATEMENT:  CREATE SCHEMA AUTHORIZATION CURRENT_ROLE
	  CREATE SEQUENCE schema_not_existing.seq;
2026-09-10 01:57:28.911 UTC postmaster[69699] pg_regress/create_operator ERROR:  operator does not exist: integer ###### bigint
2026-09-10 01:57:28.911 UTC postmaster[69699] pg_regress/create_operator STATEMENT:  COMMENT ON OPERATOR ###### (int4, int8) IS 'bad infix';
2026-09-10 01:57:28.911 UTC postmaster[69699] pg_regress/create_operator ERROR:  operator does not exist: ###### integer
2026-09-10 01:57:28.911 UTC postmaster[69699] pg_regress/create_operator STATEMENT:  DROP OPERATOR ###### (NONE, int4);
2026-09-10 01:57:28.911 UTC postmaster[69699] pg_regress/create_schema ERROR:  CREATE specifies a schema (schema_not_existing) different from the one being created (regress_create_schema_role) at character 57
2026-09-10 01:57:28.911 UTC postmaster[69699] pg_regress/create_schema STATEMENT:  CREATE SCHEMA AUTHORIZATION CURRENT_ROLE
	  CREATE TABLE schema_not_existing.tab (id int);
2026-09-10 01:57:28.911 UTC postmaster[69699] pg_regress/create_operator ERROR:  postfix operators are not supported
2026-09-10 01:57:28.911 UTC postmaster[69699] pg_regress/create_operator STATEMENT:  DROP OPERATOR ###### (int4, NONE);
2026-09-10 01:57:28.911 UTC postmaster[69699] pg_regress/create_operator ERROR:  operator does not exist: integer ###### bigint
2026-09-10 01:57:28.911 UTC postmaster[69699] pg_regress/create_operator STATEMENT:  DROP OPERATOR ###### (int4, int8);
2026-09-10 01:57:28.912 UTC postmaster[69699] pg_regress/create_operator ERROR:  syntax error at or near "=>" at character 17
2026-09-10 01:57:28.912 UTC postmaster[69699] pg_regress/create_operator STATEMENT:  CREATE OPERATOR => (
	   rightarg = int8,
	   procedure = factorial
	);
2026-09-10 01:57:28.912 UTC postmaster[69699] pg_regress/create_schema ERROR:  CREATE specifies a schema (schema_not_existing) different from the one being created (regress_create_schema_role) at character 56
2026-09-10 01:57:28.912 UTC postmaster[69699] pg_regress/create_schema STATEMENT:  CREATE SCHEMA AUTHORIZATION CURRENT_ROLE
	  CREATE VIEW schema_not_existing.view AS SELECT 1;
2026-09-10 01:57:28.912 UTC postmaster[69699] pg_regress/create_schema ERROR:  CREATE specifies a schema (schema_not_existing) different from the one being created (regress_create_schema_role) at character 60
2026-09-10 01:57:28.912 UTC postmaster[69699] pg_regress/create_schema STATEMENT:  CREATE SCHEMA AUTHORIZATION CURRENT_ROLE
	  CREATE INDEX ON schema_not_existing.tab (id);
2026-09-10 01:57:28.912 UTC postmaster[69699] pg_regress/create_schema ERROR:  CREATE specifies a schema (schema_not_existing) different from the one being created (regress_create_schema_role) at character 88
2026-09-10 01:57:28.912 UTC postmaster[69699] pg_regress/create_schema STATEMENT:  CREATE SCHEMA AUTHORIZATION CURRENT_ROLE
	  CREATE TRIGGER schema_trig BEFORE INSERT ON schema_not_existing.tab
	  EXECUTE FUNCTION schema_trig.no_func();
2026-09-10 01:57:28.912 UTC postmaster[69699] pg_regress/create_operator ERROR:  syntax error at or near ";" at character 14
2026-09-10 01:57:28.912 UTC postmaster[69699] pg_regress/create_operator STATEMENT:  SELECT 10 !=-;
2026-09-10 01:57:28.913 UTC postmaster[69699] pg_regress/create_type ERROR:  type "shell" already exists
2026-09-10 01:57:28.913 UTC postmaster[69699] pg_regress/create_type STATEMENT:  CREATE TYPE shell;
2026-09-10 01:57:28.913 UTC postmaster[69699] pg_regress/create_schema ERROR:  CREATE specifies a schema (schema_not_existing) different from the one being created (regress_schema_1) at character 77
2026-09-10 01:57:28.913 UTC postmaster[69699] pg_regress/create_schema STATEMENT:  CREATE SCHEMA regress_schema_1 AUTHORIZATION CURRENT_ROLE
	  CREATE SEQUENCE schema_not_existing.seq;
2026-09-10 01:57:28.913 UTC postmaster[69699] pg_regress/create_schema ERROR:  CREATE specifies a schema (schema_not_existing) different from the one being created (regress_schema_1) at character 74
2026-09-10 01:57:28.913 UTC postmaster[69699] pg_regress/create_schema STATEMENT:  CREATE SCHEMA regress_schema_1 AUTHORIZATION CURRENT_ROLE
	  CREATE TABLE schema_not_existing.tab (id int);
2026-09-10 01:57:28.913 UTC postmaster[69699] pg_regress/create_schema ERROR:  CREATE specifies a schema (schema_not_existing) different from the one being created (regress_schema_1) at character 73
2026-09-10 01:57:28.913 UTC postmaster[69699] pg_regress/create_schema STATEMENT:  CREATE SCHEMA regress_schema_1 AUTHORIZATION CURRENT_ROLE
	  CREATE VIEW schema_not_existing.view AS SELECT 1;
2026-09-10 01:57:28.914 UTC postmaster[69699] pg_regress/create_type ERROR:  type "shell" does not exist
2026-09-10 01:57:28.914 UTC postmaster[69699] pg_regress/create_type STATEMENT:  DROP TYPE shell;
2026-09-10 01:57:28.914 UTC postmaster[69699] pg_regress/create_schema ERROR:  CREATE specifies a schema (schema_not_existing) different from the one being created (regress_schema_1) at character 77
2026-09-10 01:57:28.914 UTC postmaster[69699] pg_regress/create_schema STATEMENT:  CREATE SCHEMA regress_schema_1 AUTHORIZATION CURRENT_ROLE
	  CREATE INDEX ON schema_not_existing.tab (id);
2026-09-10 01:57:28.914 UTC postmaster[69699] pg_regress/create_schema ERROR:  CREATE specifies a schema (schema_not_existing) different from the one being created (regress_schema_1) at character 105
2026-09-10 01:57:28.914 UTC postmaster[69699] pg_regress/create_schema STATEMENT:  CREATE SCHEMA regress_schema_1 AUTHORIZATION CURRENT_ROLE
	  CREATE TRIGGER schema_trig BEFORE INSERT ON schema_not_existing.tab
	  EXECUTE FUNCTION schema_trig.no_func();
2026-09-10 01:57:28.915 UTC postmaster[69699] pg_regress/create_schema ERROR:  relation "abcd" does not exist at character 100
2026-09-10 01:57:28.915 UTC postmaster[69699] pg_regress/create_schema STATEMENT:  CREATE SCHEMA regress_schema_1 AUTHORIZATION CURRENT_ROLE
	  CREATE VIEW abcd_view AS SELECT a FROM abcd
	  CREATE TABLE abcd (a int);
2026-09-10 01:57:28.921 UTC postmaster[69699] pg_regress/create_type WARNING:  type attribute "Internallength" not recognized at character 27
2026-09-10 01:57:28.921 UTC postmaster[69699] pg_regress/create_type WARNING:  type attribute "Input" not recognized at character 50
2026-09-10 01:57:28.921 UTC postmaster[69699] pg_regress/create_type WARNING:  type attribute "Output" not recognized at character 71
2026-09-10 01:57:28.921 UTC postmaster[69699] pg_regress/create_type WARNING:  type attribute "Alignment" not recognized at character 94
2026-09-10 01:57:28.921 UTC postmaster[69699] pg_regress/create_type WARNING:  type attribute "Default" not recognized at character 115
2026-09-10 01:57:28.921 UTC postmaster[69699] pg_regress/create_type WARNING:  type attribute "Passedbyvalue" not recognized at character 132
2026-09-10 01:57:28.921 UTC postmaster[69699] pg_regress/create_type ERROR:  type input function must be specified
2026-09-10 01:57:28.921 UTC postmaster[69699] pg_regress/create_type STATEMENT:  CREATE TYPE bogus_type (
		"Internallength" = 4,
		"Input" = int42_in,
		"Output" = int42_out,
		"Alignment" = int4,
		"Default" = 42,
		"Passedbyvalue"
	);
2026-09-10 01:57:28.921 UTC postmaster[69699] pg_regress/create_type ERROR:  type input function array_in must return type bogus_type
2026-09-10 01:57:28.921 UTC postmaster[69699] pg_regress/create_type STATEMENT:  CREATE TYPE bogus_type (INPUT = array_in,
	    OUTPUT = array_out,
	    ELEMENT = int,
	    INTERNALLENGTH = 32);
2026-09-10 01:57:28.922 UTC postmaster[69699] pg_regress/create_type ERROR:  type "bogus_type" does not exist
2026-09-10 01:57:28.922 UTC postmaster[69699] pg_regress/create_type HINT:  Create the type as a shell type, then create its I/O functions, then do a full CREATE TYPE.
2026-09-10 01:57:28.922 UTC postmaster[69699] pg_regress/create_type STATEMENT:  CREATE TYPE bogus_type (INPUT = array_in,
	    OUTPUT = array_out,
	    ELEMENT = int,
	    INTERNALLENGTH = 32);
2026-09-10 01:57:28.923 UTC postmaster[69699] pg_regress/create_type ERROR:  type "bad" does not exist
2026-09-10 01:57:28.923 UTC postmaster[69699] pg_regress/create_type STATEMENT:  COMMENT ON TYPE bad IS 'bad comment';
2026-09-10 01:57:28.924 UTC postmaster[69699] pg_regress/create_type ERROR:  column "nope" of relation "default_test_row" does not exist
2026-09-10 01:57:28.924 UTC postmaster[69699] pg_regress/create_type STATEMENT:  COMMENT ON COLUMN default_test_row.nope IS 'bad comment';
2026-09-10 01:57:28.925 UTC postmaster[69699] pg_regress/create_type ERROR:  type "text_w_default" already exists
2026-09-10 01:57:28.925 UTC postmaster[69699] pg_regress/create_type STATEMENT:  CREATE TYPE text_w_default;
2026-09-10 01:57:28.926 UTC postmaster[69699] pg_regress/create_table ERROR:  only temporary relations may be created in temporary schemas at character 23
2026-09-10 01:57:28.926 UTC postmaster[69699] pg_regress/create_table STATEMENT:  CREATE UNLOGGED TABLE pg_temp.unlogged3 (a int primary key);
2026-09-10 01:57:28.929 UTC postmaster[69699] pg_regress/create_type ERROR:  cannot drop function base_fn_in(cstring) because other objects depend on it
2026-09-10 01:57:28.929 UTC postmaster[69699] pg_regress/create_type DETAIL:  type base_type depends on function base_fn_in(cstring)
	function base_fn_out(base_type) depends on type base_type
2026-09-10 01:57:28.929 UTC postmaster[69699] pg_regress/create_type HINT:  Use DROP ... CASCADE to drop the dependent objects too.
2026-09-10 01:57:28.929 UTC postmaster[69699] pg_regress/create_type STATEMENT:  DROP FUNCTION base_fn_in(cstring);
2026-09-10 01:57:28.929 UTC postmaster[69699] pg_regress/create_type ERROR:  cannot drop function base_fn_out(base_type) because other objects depend on it
2026-09-10 01:57:28.929 UTC postmaster[69699] pg_regress/create_type DETAIL:  type base_type depends on function base_fn_out(base_type)
	function base_fn_in(cstring) depends on type base_type
2026-09-10 01:57:28.929 UTC postmaster[69699] pg_regress/create_type HINT:  Use DROP ... CASCADE to drop the dependent objects too.
2026-09-10 01:57:28.929 UTC postmaster[69699] pg_regress/create_type STATEMENT:  DROP FUNCTION base_fn_out(base_type);
2026-09-10 01:57:28.929 UTC postmaster[69699] pg_regress/create_type ERROR:  cannot drop type base_type because other objects depend on it
2026-09-10 01:57:28.929 UTC postmaster[69699] pg_regress/create_type DETAIL:  function base_fn_in(cstring) depends on type base_type
	function base_fn_out(base_type) depends on type base_type
2026-09-10 01:57:28.929 UTC postmaster[69699] pg_regress/create_type HINT:  Use DROP ... CASCADE to drop the dependent objects too.
2026-09-10 01:57:28.929 UTC postmaster[69699] pg_regress/create_type STATEMENT:  DROP TYPE base_type;
2026-09-10 01:57:28.930 UTC postmaster[69699] pg_regress/create_type ERROR:  invalid NUMERIC type modifier at character 30
2026-09-10 01:57:28.930 UTC postmaster[69699] pg_regress/create_type STATEMENT:  CREATE TEMP TABLE mytab (foo widget(42,13,7));
2026-09-10 01:57:28.932 UTC postmaster[69699] pg_regress/create_table ERROR:  cannot create temporary relation in non-temporary schema at character 19
2026-09-10 01:57:28.932 UTC postmaster[69699] pg_regress/create_table STATEMENT:  CREATE TEMP TABLE public.temp_to_perm (a int primary key);
2026-09-10 01:57:28.933 UTC postmaster[69699] pg_regress/create_procedure ERROR:  ptest1(unknown) is a procedure at character 8
2026-09-10 01:57:28.933 UTC postmaster[69699] pg_regress/create_procedure HINT:  To call a procedure, use CALL.
2026-09-10 01:57:28.933 UTC postmaster[69699] pg_regress/create_procedure STATEMENT:  SELECT ptest1('x');
2026-09-10 01:57:28.935 UTC postmaster[69699] pg_regress/create_table ERROR:  partitioned tables cannot be unlogged
2026-09-10 01:57:28.935 UTC postmaster[69699] pg_regress/create_table STATEMENT:  CREATE UNLOGGED TABLE unlogged1 (a int) PARTITION BY RANGE (a);
2026-09-10 01:57:28.936 UTC postmaster[69699] pg_regress/create_type ERROR:  invalid input syntax for type widget: "(1,2)"
2026-09-10 01:57:28.936 UTC postmaster[69699] pg_regress/create_type STATEMENT:  SELECT pg_input_is_valid('(1,2)', 'widget');
2026-09-10 01:57:28.936 UTC postmaster[69699] pg_regress/create_table ERROR:  ALTER action SET LOGGED cannot be performed on relation "unlogged1"
2026-09-10 01:57:28.936 UTC postmaster[69699] pg_regress/create_table DETAIL:  This operation is not supported for partitioned tables.
2026-09-10 01:57:28.936 UTC postmaster[69699] pg_regress/create_table STATEMENT:  ALTER TABLE unlogged1 SET LOGGED;
2026-09-10 01:57:28.936 UTC postmaster[69699] pg_regress/create_table ERROR:  ALTER action SET UNLOGGED cannot be performed on relation "unlogged1"
2026-09-10 01:57:28.936 UTC postmaster[69699] pg_regress/create_table DETAIL:  This operation is not supported for partitioned tables.
2026-09-10 01:57:28.936 UTC postmaster[69699] pg_regress/create_table STATEMENT:  ALTER TABLE unlogged1 SET UNLOGGED;
2026-09-10 01:57:28.937 UTC postmaster[69699] pg_regress/create_type ERROR:  invalid input syntax for type widget: "(1,2)"
2026-09-10 01:57:28.937 UTC postmaster[69699] pg_regress/create_type STATEMENT:  SELECT pg_input_is_valid('{"(1,2)"}', 'widget[]');
2026-09-10 01:57:28.937 UTC postmaster[69699] pg_regress/create_type ERROR:  invalid input syntax for type widget: "(1,2)"
2026-09-10 01:57:28.937 UTC postmaster[69699] pg_regress/create_type STATEMENT:  SELECT pg_input_is_valid('("(1,2)")', 'mytab');
2026-09-10 01:57:28.940 UTC postmaster[69699] pg_regress/create_procedure ERROR:  CREATE TABLE is not yet supported in unquoted SQL function body
2026-09-10 01:57:28.940 UTC postmaster[69699] pg_regress/create_procedure STATEMENT:  CREATE PROCEDURE ptestx()
	LANGUAGE SQL
	BEGIN ATOMIC
	  CREATE TABLE x (a int);
	END;
2026-09-10 01:57:28.941 UTC postmaster[69699] pg_regress/create_operator ERROR:  permission denied for schema schema_op1
2026-09-10 01:57:28.941 UTC postmaster[69699] pg_regress/create_operator STATEMENT:  CREATE OPERATOR schema_op1.#*# (
	   rightarg = int8,
	   procedure = factorial
	);
2026-09-10 01:57:28.943 UTC postmaster[69699] pg_regress/create_table ERROR:  relation "as_select1" already exists
2026-09-10 01:57:28.943 UTC postmaster[69699] pg_regress/create_table STATEMENT:  CREATE TABLE as_select1 AS SELECT * FROM pg_class WHERE relkind = 'r';
2026-09-10 01:57:28.943 UTC postmaster[69699] pg_regress/create_operator ERROR:  SETOF type not allowed for operator argument
2026-09-10 01:57:28.943 UTC postmaster[69699] pg_regress/create_operator STATEMENT:  CREATE OPERATOR #*# (
	   leftarg = SETOF int8,
	   procedure = factorial
	);
2026-09-10 01:57:28.944 UTC postmaster[69699] pg_regress/create_type ERROR:  type "myvarchar" is only a shell
2026-09-10 01:57:28.944 UTC postmaster[69699] pg_regress/create_type STATEMENT:  ALTER TYPE myvarchar SET (storage = extended);
2026-09-10 01:57:28.944 UTC postmaster[69699] pg_regress/create_procedure ERROR:  calling procedures with output arguments is not supported in SQL functions
2026-09-10 01:57:28.944 UTC postmaster[69699] pg_regress/create_procedure CONTEXT:  SQL function "ptest4b"
2026-09-10 01:57:28.944 UTC postmaster[69699] pg_regress/create_procedure STATEMENT:  CREATE PROCEDURE ptest4b(INOUT b int, INOUT a int)
	LANGUAGE SQL
	AS $$
	CALL ptest4a(a, b);  -- error, not supported
	$$;
2026-09-10 01:57:28.945 UTC postmaster[69699] pg_regress/create_type ERROR:  cannot change type's storage to PLAIN
2026-09-10 01:57:28.945 UTC postmaster[69699] pg_regress/create_type STATEMENT:  ALTER TYPE myvarchar SET (storage = plain);
2026-09-10 01:57:28.946 UTC postmaster[69699] pg_regress/create_operator ERROR:  SETOF type not allowed for operator argument
2026-09-10 01:57:28.946 UTC postmaster[69699] pg_regress/create_operator STATEMENT:  CREATE OPERATOR #*# (
	   rightarg = SETOF int8,
	   procedure = factorial
	);
2026-09-10 01:57:28.947 UTC postmaster[69699] pg_regress/create_table ERROR:  relation "as_select1" already exists
2026-09-10 01:57:28.947 UTC postmaster[69699] pg_regress/create_table STATEMENT:  CREATE TABLE as_select1 AS EXECUTE select1;
2026-09-10 01:57:28.951 UTC postmaster[69699] pg_regress/create_type ERROR:  cannot drop function myvarcharsend(myvarchar) because other objects depend on it
2026-09-10 01:57:28.951 UTC postmaster[69699] pg_regress/create_type DETAIL:  type myvarchar depends on function myvarcharsend(myvarchar)
	function myvarcharin(cstring,oid,integer) depends on type myvarchar
	function myvarcharout(myvarchar) depends on type myvarchar
	function myvarcharrecv(internal,oid,integer) depends on type myvarchar
	type myvarchardom depends on function myvarcharsend(myvarchar)
2026-09-10 01:57:28.951 UTC postmaster[69699] pg_regress/create_type HINT:  Use DROP ... CASCADE to drop the dependent objects too.
2026-09-10 01:57:28.951 UTC postmaster[69699] pg_regress/create_type STATEMENT:  DROP FUNCTION myvarcharsend(myvarchar);
2026-09-10 01:57:28.951 UTC postmaster[69699] pg_regress/create_type ERROR:  cannot drop type myvarchar because other objects depend on it
2026-09-10 01:57:28.951 UTC postmaster[69699] pg_regress/create_type DETAIL:  function myvarcharin(cstring,oid,integer) depends on type myvarchar
	function myvarcharout(myvarchar) depends on type myvarchar
	function myvarcharsend(myvarchar) depends on type myvarchar
	function myvarcharrecv(internal,oid,integer) depends on type myvarchar
	type myvarchardom depends on type myvarchar
2026-09-10 01:57:28.951 UTC postmaster[69699] pg_regress/create_type HINT:  Use DROP ... CASCADE to drop the dependent objects too.
2026-09-10 01:57:28.951 UTC postmaster[69699] pg_regress/create_type STATEMENT:  DROP TYPE myvarchar;
2026-09-10 01:57:28.951 UTC postmaster[69699] pg_regress/create_operator WARNING:  operator attribute "invalid_att" not recognized
2026-09-10 01:57:28.952 UTC postmaster[69699] pg_regress/create_operator ERROR:  operator argument types must be specified
2026-09-10 01:57:28.952 UTC postmaster[69699] pg_regress/create_operator STATEMENT:  CREATE OPERATOR #@%# (
	   procedure = factorial
	);
2026-09-10 01:57:28.953 UTC postmaster[69699] pg_regress/create_operator ERROR:  operator function must be specified
2026-09-10 01:57:28.953 UTC postmaster[69699] pg_regress/create_operator STATEMENT:  CREATE OPERATOR #@%# (
	   rightarg = int8
	);
xtc: backend fiber exiting pid=(loop=21,local=1,gen=3) code=0
xtc: supervisor observed normal backend fiber DOWN pid=(loop=21,local=1,gen=3)
2026-09-10 01:57:28.958 UTC postmaster[69699] pg_regress/create_operator ERROR:  permission denied for type type_op3
2026-09-10 01:57:28.958 UTC postmaster[69699] pg_regress/create_operator STATEMENT:  CREATE OPERATOR #*# (
	   leftarg = type_op3,
	   rightarg = int8,
	   procedure = fn_op3
	);
2026-09-10 01:57:28.964 UTC postmaster[69699] pg_regress/create_operator ERROR:  permission denied for type type_op4
2026-09-10 01:57:28.964 UTC postmaster[69699] pg_regress/create_operator STATEMENT:  CREATE OPERATOR #*# (
	   leftarg = int8,
	   rightarg = type_op4,
	   procedure = fn_op4
	);
2026-09-10 01:57:28.966 UTC postmaster[69699] pg_regress/create_procedure ERROR:  procedure ptest9(numeric) does not exist at character 6
2026-09-10 01:57:28.966 UTC postmaster[69699] pg_regress/create_procedure DETAIL:  No procedure of that name accepts the given argument types.
2026-09-10 01:57:28.966 UTC postmaster[69699] pg_regress/create_procedure HINT:  You might need to add explicit type casts.
2026-09-10 01:57:28.966 UTC postmaster[69699] pg_regress/create_procedure STATEMENT:  CALL ptest9(1./0.);
2026-09-10 01:57:28.973 UTC postmaster[69699] pg_regress/create_operator ERROR:  permission denied for function fn_op5
2026-09-10 01:57:28.973 UTC postmaster[69699] pg_regress/create_operator STATEMENT:  CREATE OPERATOR #*# (
	   leftarg = int8,
	   rightarg = int8,
	   procedure = fn_op5
	);
xtc: backend fiber exiting pid=(loop=17,local=1,gen=3) code=0
xtc: supervisor observed normal backend fiber DOWN pid=(loop=17,local=1,gen=3)
2026-09-10 01:57:28.981 UTC postmaster[69699] pg_regress/create_procedure ERROR:  procedure name "ptest10" is not unique
2026-09-10 01:57:28.981 UTC postmaster[69699] pg_regress/create_procedure HINT:  Specify the argument list to select the procedure unambiguously.
2026-09-10 01:57:28.981 UTC postmaster[69699] pg_regress/create_procedure STATEMENT:  drop procedure ptest10;
2026-09-10 01:57:28.981 UTC postmaster[69699] pg_regress/create_procedure ERROR:  procedure name "ptest10" is not unique
2026-09-10 01:57:28.981 UTC postmaster[69699] pg_regress/create_procedure STATEMENT:  drop procedure ptest10(int, int, int);
2026-09-10 01:57:28.984 UTC postmaster[69699] pg_regress/create_procedure ERROR:  version() is not a procedure at character 6
2026-09-10 01:57:28.984 UTC postmaster[69699] pg_regress/create_procedure HINT:  To call a function, use SELECT.
2026-09-10 01:57:28.984 UTC postmaster[69699] pg_regress/create_procedure STATEMENT:  CALL version();
2026-09-10 01:57:28.984 UTC postmaster[69699] pg_regress/create_procedure ERROR:  sum(integer) is not a procedure at character 6
2026-09-10 01:57:28.984 UTC postmaster[69699] pg_regress/create_procedure HINT:  To call a function, use SELECT.
2026-09-10 01:57:28.984 UTC postmaster[69699] pg_regress/create_procedure STATEMENT:  CALL sum(1);
2026-09-10 01:57:28.984 UTC postmaster[69699] pg_regress/create_procedure ERROR:  invalid attribute in procedure definition at character 40
2026-09-10 01:57:28.984 UTC postmaster[69699] pg_regress/create_procedure STATEMENT:  CREATE PROCEDURE ptestx() LANGUAGE SQL WINDOW AS $$ INSERT INTO cp_test VALUES (1, 'a') $$;
2026-09-10 01:57:28.984 UTC postmaster[69699] pg_regress/create_procedure ERROR:  invalid attribute in procedure definition at character 40
2026-09-10 01:57:28.984 UTC postmaster[69699] pg_regress/create_procedure STATEMENT:  CREATE PROCEDURE ptestx() LANGUAGE SQL STRICT AS $$ INSERT INTO cp_test VALUES (1, 'a') $$;
2026-09-10 01:57:28.985 UTC postmaster[69699] pg_regress/create_procedure ERROR:  VARIADIC parameter must be the last parameter at character 43
2026-09-10 01:57:28.985 UTC postmaster[69699] pg_regress/create_procedure STATEMENT:  CREATE PROCEDURE ptestx(a VARIADIC int[], b OUT int) LANGUAGE SQL
	  AS $$ SELECT a[1] $$;
2026-09-10 01:57:28.985 UTC postmaster[69699] pg_regress/create_procedure ERROR:  procedure OUT parameters cannot appear after one with a default value at character 43
2026-09-10 01:57:28.985 UTC postmaster[69699] pg_regress/create_procedure STATEMENT:  CREATE PROCEDURE ptestx(a int DEFAULT 42, b OUT int) LANGUAGE SQL
	  AS $$ SELECT a $$;
2026-09-10 01:57:28.985 UTC postmaster[69699] pg_regress/create_procedure ERROR:  invalid attribute in procedure definition at character 30
2026-09-10 01:57:28.985 UTC postmaster[69699] pg_regress/create_procedure STATEMENT:  ALTER PROCEDURE ptest1(text) STRICT;
2026-09-10 01:57:28.985 UTC postmaster[69699] pg_regress/create_procedure ERROR:  ptest1(text) is not a function
2026-09-10 01:57:28.985 UTC postmaster[69699] pg_regress/create_procedure STATEMENT:  ALTER FUNCTION ptest1(text) VOLATILE;
2026-09-10 01:57:28.985 UTC postmaster[69699] pg_regress/create_procedure ERROR:  cp_testfunc1(integer) is not a procedure
2026-09-10 01:57:28.985 UTC postmaster[69699] pg_regress/create_procedure STATEMENT:  ALTER PROCEDURE cp_testfunc1(int) VOLATILE;
2026-09-10 01:57:28.985 UTC postmaster[69699] pg_regress/create_procedure ERROR:  procedure nonexistent() does not exist
2026-09-10 01:57:28.985 UTC postmaster[69699] pg_regress/create_procedure STATEMENT:  ALTER PROCEDURE nonexistent() VOLATILE;
2026-09-10 01:57:28.985 UTC postmaster[69699] pg_regress/create_procedure ERROR:  ptest1(text) is not a function
2026-09-10 01:57:28.985 UTC postmaster[69699] pg_regress/create_procedure STATEMENT:  DROP FUNCTION ptest1(text);
2026-09-10 01:57:28.985 UTC postmaster[69699] pg_regress/create_procedure ERROR:  cp_testfunc1(integer) is not a procedure
2026-09-10 01:57:28.985 UTC postmaster[69699] pg_regress/create_procedure STATEMENT:  DROP PROCEDURE cp_testfunc1(int);
2026-09-10 01:57:28.985 UTC postmaster[69699] pg_regress/create_procedure ERROR:  procedure nonexistent() does not exist
2026-09-10 01:57:28.985 UTC postmaster[69699] pg_regress/create_procedure STATEMENT:  DROP PROCEDURE nonexistent();
2026-09-10 01:57:28.986 UTC postmaster[69699] pg_regress/create_procedure ERROR:  permission denied for procedure ptest1
2026-09-10 01:57:28.986 UTC postmaster[69699] pg_regress/create_procedure STATEMENT:  CALL ptest1('a');
xtc: backend fiber exiting pid=(loop=19,local=1,gen=3) code=0
xtc: supervisor observed normal backend fiber DOWN pid=(loop=19,local=1,gen=3)
2026-09-10 01:57:28.993 UTC postmaster[69699] pg_regress/create_operator ERROR:  permission denied for type type_op6
2026-09-10 01:57:28.993 UTC postmaster[69699] pg_regress/create_operator STATEMENT:  CREATE OPERATOR #*# (
	   leftarg = int8,
	   rightarg = int8,
	   procedure = fn_op6
	);
2026-09-10 01:57:28.993 UTC postmaster[69699] pg_regress/create_operator ERROR:  operator cannot be its own negator
2026-09-10 01:57:28.993 UTC postmaster[69699] pg_regress/create_operator STATEMENT:  CREATE OPERATOR === (
	    leftarg = integer,
	    rightarg = integer,
	    procedure = int4eq,
	    negator = ===
	);
2026-09-10 01:57:28.994 UTC postmaster[69699] pg_regress/create_operator ERROR:  operator cannot be its own negator
2026-09-10 01:57:28.994 UTC postmaster[69699] pg_regress/create_operator STATEMENT:  CREATE OPERATOR ===!!! (
	    leftarg = integer,
	    rightarg = integer,
	    procedure = int4ne,
	    negator = ===!!!
	);
2026-09-10 01:57:28.994 UTC postmaster[69699] pg_regress/create_operator ERROR:  commutator operator = is already the commutator of operator =
2026-09-10 01:57:28.994 UTC postmaster[69699] pg_regress/create_operator STATEMENT:  CREATE OPERATOR === (
	    leftarg = integer,
	    rightarg = integer,
	    procedure = int4eq,
	    commutator = =
	);
2026-09-10 01:57:28.994 UTC postmaster[69699] pg_regress/create_operator ERROR:  negator operator <> is already the negator of operator =
2026-09-10 01:57:28.994 UTC postmaster[69699] pg_regress/create_operator STATEMENT:  CREATE OPERATOR === (
	    leftarg = integer,
	    rightarg = integer,
	    procedure = int4eq,
	    negator = <>
	);
2026-09-10 01:57:28.995 UTC postmaster[69699] pg_regress/create_operator WARNING:  operator attribute "Leftarg" not recognized
2026-09-10 01:57:28.995 UTC postmaster[69699] pg_regress/create_operator WARNING:  operator attribute "Rightarg" not recognized
2026-09-10 01:57:28.995 UTC postmaster[69699] pg_regress/create_operator WARNING:  operator attribute "Procedure" not recognized
2026-09-10 01:57:28.995 UTC postmaster[69699] pg_regress/create_operator WARNING:  operator attribute "Commutator" not recognized
2026-09-10 01:57:28.995 UTC postmaster[69699] pg_regress/create_operator WARNING:  operator attribute "Negator" not recognized
2026-09-10 01:57:28.995 UTC postmaster[69699] pg_regress/create_operator WARNING:  operator attribute "Restrict" not recognized
2026-09-10 01:57:28.995 UTC postmaster[69699] pg_regress/create_operator WARNING:  operator attribute "Join" not recognized
2026-09-10 01:57:28.995 UTC postmaster[69699] pg_regress/create_operator WARNING:  operator attribute "Hashes" not recognized
2026-09-10 01:57:28.995 UTC postmaster[69699] pg_regress/create_operator WARNING:  operator attribute "Merges" not recognized
2026-09-10 01:57:28.995 UTC postmaster[69699] pg_regress/create_operator ERROR:  operator function must be specified
2026-09-10 01:57:28.995 UTC postmaster[69699] pg_regress/create_operator STATEMENT:  CREATE OPERATOR ===
	(
		"Leftarg" = box,
		"Rightarg" = box,
		"Procedure" = area_equal_function,
		"Commutator" = ===,
		"Negator" = !==,
		"Restrict" = area_restriction_function,
		"Join" = area_join_function,
		"Hashes",
		"Merges"
	);
xtc: backend fiber exiting pid=(loop=18,local=1,gen=3) code=0
xtc: supervisor observed normal backend fiber DOWN pid=(loop=18,local=1,gen=3)
2026-09-10 01:57:29.011 UTC postmaster[69699] pg_regress/create_table ERROR:  syntax error at or near "OIDS" at character 29
2026-09-10 01:57:29.011 UTC postmaster[69699] pg_regress/create_table STATEMENT:  CREATE TABLE withoid() WITH OIDS;
2026-09-10 01:57:29.011 UTC postmaster[69699] pg_regress/create_table ERROR:  tables declared WITH OIDS are not supported
2026-09-10 01:57:29.011 UTC postmaster[69699] pg_regress/create_table STATEMENT:  CREATE TABLE withoid() WITH (oids);
2026-09-10 01:57:29.011 UTC postmaster[69699] pg_regress/create_table ERROR:  tables declared WITH OIDS are not supported
2026-09-10 01:57:29.011 UTC postmaster[69699] pg_regress/create_table STATEMENT:  CREATE TABLE withoid() WITH (oids = true);
2026-09-10 01:57:29.017 UTC postmaster[69699] pg_regress/create_table ERROR:  cannot use column reference in DEFAULT expression at character 51
2026-09-10 01:57:29.017 UTC postmaster[69699] pg_regress/create_table STATEMENT:  CREATE TABLE default_expr_column (id int DEFAULT (id));
2026-09-10 01:57:29.018 UTC postmaster[69699] pg_regress/create_table ERROR:  cannot use column reference in DEFAULT expression at character 51
2026-09-10 01:57:29.018 UTC postmaster[69699] pg_regress/create_table STATEMENT:  CREATE TABLE default_expr_column (id int DEFAULT (bar.id));
2026-09-10 01:57:29.019 UTC postmaster[69699] pg_regress/create_table ERROR:  cannot use column reference in DEFAULT expression at character 59
2026-09-10 01:57:29.019 UTC postmaster[69699] pg_regress/create_table STATEMENT:  CREATE TABLE default_expr_agg_column (id int DEFAULT (avg(id)));
2026-09-10 01:57:29.019 UTC postmaster[69699] pg_regress/create_table ERROR:  cannot use column reference in DEFAULT expression at character 58
2026-09-10 01:57:29.019 UTC postmaster[69699] pg_regress/create_table STATEMENT:  CREATE TABLE default_expr_non_column (a int DEFAULT (avg(non_existent)));
2026-09-10 01:57:29.020 UTC postmaster[69699] pg_regress/create_table ERROR:  aggregate functions are not allowed in DEFAULT expressions at character 47
2026-09-10 01:57:29.020 UTC postmaster[69699] pg_regress/create_table STATEMENT:  CREATE TABLE default_expr_agg (a int DEFAULT (avg(1)));
2026-09-10 01:57:29.021 UTC postmaster[69699] pg_regress/create_table ERROR:  cannot use subquery in DEFAULT expression at character 46
2026-09-10 01:57:29.021 UTC postmaster[69699] pg_regress/create_table STATEMENT:  CREATE TABLE default_expr_agg (a int DEFAULT (select 1));
2026-09-10 01:57:29.022 UTC postmaster[69699] pg_regress/create_table ERROR:  set-returning functions are not allowed in DEFAULT expressions at character 47
2026-09-10 01:57:29.022 UTC postmaster[69699] pg_regress/create_table STATEMENT:  CREATE TABLE default_expr_agg (a int DEFAULT (generate_series(1,3)));
2026-09-10 01:57:29.033 UTC postmaster[69699] pg_regress/create_table ERROR:  cannot create partitioned table as inheritance child
2026-09-10 01:57:29.033 UTC postmaster[69699] pg_regress/create_table STATEMENT:  CREATE TABLE partitioned (
		a int
	) INHERITS (some_table) PARTITION BY LIST (a);
2026-09-10 01:57:29.033 UTC postmaster[69699] pg_regress/create_table ERROR:  cannot use "list" partition strategy with more than one column
2026-09-10 01:57:29.033 UTC postmaster[69699] pg_regress/create_table STATEMENT:  CREATE TABLE partitioned (
		a1 int,
		a2 int
	) PARTITION BY LIST (a1, a2);
2026-09-10 01:57:29.035 UTC postmaster[69699] pg_regress/create_table ERROR:  set-returning functions are not allowed in partition key expressions
2026-09-10 01:57:29.035 UTC postmaster[69699] pg_regress/create_table STATEMENT:  CREATE TABLE partitioned (
		a int
	) PARTITION BY RANGE (retset(a));
2026-09-10 01:57:29.036 UTC postmaster[69699] pg_regress/create_table ERROR:  aggregate functions are not allowed in partition key expressions
2026-09-10 01:57:29.036 UTC postmaster[69699] pg_regress/create_table STATEMENT:  CREATE TABLE partitioned (
		a int
	) PARTITION BY RANGE ((avg(a)));
2026-09-10 01:57:29.036 UTC postmaster[69699] pg_regress/create_table ERROR:  window functions are not allowed in partition key expressions
2026-09-10 01:57:29.036 UTC postmaster[69699] pg_regress/create_table STATEMENT:  CREATE TABLE partitioned (
		a int,
		b int
	) PARTITION BY RANGE ((avg(a) OVER (PARTITION BY b)));
2026-09-10 01:57:29.037 UTC postmaster[69699] pg_regress/create_table ERROR:  cannot use subquery in partition key expression
2026-09-10 01:57:29.037 UTC postmaster[69699] pg_regress/create_table STATEMENT:  CREATE TABLE partitioned (
		a int
	) PARTITION BY LIST ((a LIKE (SELECT 1)));
2026-09-10 01:57:29.038 UTC postmaster[69699] pg_regress/create_table ERROR:  cannot use constant expression as partition key
2026-09-10 01:57:29.038 UTC postmaster[69699] pg_regress/create_table STATEMENT:  CREATE TABLE partitioned (
		a int
	) PARTITION BY RANGE ((42));
2026-09-10 01:57:29.039 UTC postmaster[69699] pg_regress/create_table ERROR:  cannot use constant expression as partition key
2026-09-10 01:57:29.039 UTC postmaster[69699] pg_regress/create_table STATEMENT:  CREATE TABLE partitioned (
		a int
	) PARTITION BY RANGE (const_func());
2026-09-10 01:57:29.039 UTC postmaster[69699] pg_regress/create_table ERROR:  unrecognized partitioning strategy "magic" at character 53
2026-09-10 01:57:29.039 UTC postmaster[69699] pg_regress/create_table STATEMENT:  CREATE TABLE partitioned (
	    a int
	) PARTITION BY MAGIC (a);
2026-09-10 01:57:29.040 UTC postmaster[69699] pg_regress/create_table ERROR:  column "b" named in partition key does not exist at character 57
2026-09-10 01:57:29.040 UTC postmaster[69699] pg_regress/create_table STATEMENT:  CREATE TABLE partitioned (
		a int
	) PARTITION BY RANGE (b);
2026-09-10 01:57:29.041 UTC postmaster[69699] pg_regress/create_table ERROR:  cannot use system column "xmin" in partition key at character 57
2026-09-10 01:57:29.041 UTC postmaster[69699] pg_regress/create_table STATEMENT:  CREATE TABLE partitioned (
		a int
	) PARTITION BY RANGE (xmin);
2026-09-10 01:57:29.042 UTC postmaster[69699] pg_regress/create_table ERROR:  partition key column 1 has pseudo-type record
2026-09-10 01:57:29.042 UTC postmaster[69699] pg_regress/create_table STATEMENT:  CREATE TABLE partitioned (
		a int,
		b int
	) PARTITION BY RANGE (((a, b)));
2026-09-10 01:57:29.042 UTC postmaster[69699] pg_regress/create_table ERROR:  partition key column 2 has pseudo-type unknown
2026-09-10 01:57:29.042 UTC postmaster[69699] pg_regress/create_table STATEMENT:  CREATE TABLE partitioned (
		a int,
		b int
	) PARTITION BY RANGE (a, ('unknown'));
2026-09-10 01:57:29.044 UTC postmaster[69699] pg_regress/create_table ERROR:  functions in partition key expression must be marked IMMUTABLE
2026-09-10 01:57:29.044 UTC postmaster[69699] pg_regress/create_table STATEMENT:  CREATE TABLE partitioned (
		a int
	) PARTITION BY RANGE (immut_func(a));
2026-09-10 01:57:29.045 UTC postmaster[69699] pg_regress/create_table ERROR:  data type point has no default operator class for access method "btree"
2026-09-10 01:57:29.045 UTC postmaster[69699] pg_regress/create_table HINT:  You must specify a btree operator class or define a default btree operator class for the data type.
2026-09-10 01:57:29.045 UTC postmaster[69699] pg_regress/create_table STATEMENT:  CREATE TABLE partitioned (
		a point
	) PARTITION BY LIST (a);
2026-09-10 01:57:29.046 UTC postmaster[69699] pg_regress/create_table ERROR:  operator class "point_ops" does not exist for access method "btree"
2026-09-10 01:57:29.046 UTC postmaster[69699] pg_regress/create_table STATEMENT:  CREATE TABLE partitioned (
		a point
	) PARTITION BY LIST (a point_ops);
2026-09-10 01:57:29.047 UTC postmaster[69699] pg_regress/create_table ERROR:  data type point has no default operator class for access method "btree"
2026-09-10 01:57:29.047 UTC postmaster[69699] pg_regress/create_table HINT:  You must specify a btree operator class or define a default btree operator class for the data type.
2026-09-10 01:57:29.047 UTC postmaster[69699] pg_regress/create_table STATEMENT:  CREATE TABLE partitioned (
		a point
	) PARTITION BY RANGE (a);
xtc: backend fiber exiting pid=(loop=22,local=1,gen=3) code=0
xtc: supervisor observed normal backend fiber DOWN pid=(loop=22,local=1,gen=3)
2026-09-10 01:57:29.047 UTC postmaster[69699] pg_regress/create_table ERROR:  operator class "point_ops" does not exist for access method "btree"
2026-09-10 01:57:29.047 UTC postmaster[69699] pg_regress/create_table STATEMENT:  CREATE TABLE partitioned (
		a point
	) PARTITION BY RANGE (a point_ops);
2026-09-10 01:57:29.048 UTC postmaster[69699] pg_regress/create_table ERROR:  cannot add NO INHERIT constraint to partitioned table "partitioned"
2026-09-10 01:57:29.048 UTC postmaster[69699] pg_regress/create_table STATEMENT:  CREATE TABLE partitioned (
		a int,
		CONSTRAINT check_a CHECK (a > 0) NO INHERIT
	) PARTITION BY RANGE (a);
2026-09-10 01:57:29.051 UTC postmaster[69699] pg_regress/create_table ERROR:  cannot drop function plusone(integer) because other objects depend on it
2026-09-10 01:57:29.051 UTC postmaster[69699] pg_regress/create_table DETAIL:  table partitioned depends on function plusone(integer)
2026-09-10 01:57:29.051 UTC postmaster[69699] pg_regress/create_table HINT:  Use DROP ... CASCADE to drop the dependent objects too.
2026-09-10 01:57:29.051 UTC postmaster[69699] pg_regress/create_table STATEMENT:  DROP FUNCTION plusone(int);
2026-09-10 01:57:29.053 UTC postmaster[69699] pg_regress/create_table ERROR:  cannot inherit from partitioned table "partitioned2"
2026-09-10 01:57:29.053 UTC postmaster[69699] pg_regress/create_table STATEMENT:  CREATE TABLE fail () INHERITS (partitioned2);
2026-09-10 01:57:29.082 UTC postmaster[69699] pg_regress/create_table ERROR:  no partition of relation "partitioned2" found for row
2026-09-10 01:57:29.082 UTC postmaster[69699] pg_regress/create_table DETAIL:  Partition key of the failing row contains ((a + 1), substr(b, 1, 5)) = (2, hello).
2026-09-10 01:57:29.082 UTC postmaster[69699] pg_regress/create_table STATEMENT:  INSERT INTO partitioned2 VALUES (1, 'hello');
2026-09-10 01:57:29.124 UTC postmaster[69699] pg_regress/create_table ERROR:  cannot drop column "a" because it is part of the partition key of relation "partitioned"
2026-09-10 01:57:29.124 UTC postmaster[69699] pg_regress/create_table STATEMENT:  alter table partitioned drop column a;
2026-09-10 01:57:29.124 UTC postmaster[69699] pg_regress/create_table ERROR:  cannot drop type intdom1 because other objects depend on it
2026-09-10 01:57:29.124 UTC postmaster[69699] pg_regress/create_table DETAIL:  table partitioned depends on type intdom1
2026-09-10 01:57:29.124 UTC postmaster[69699] pg_regress/create_table HINT:  Use DROP ... CASCADE to drop the dependent objects too.
2026-09-10 01:57:29.124 UTC postmaster[69699] pg_regress/create_table STATEMENT:  drop domain intdom1;
2026-09-10 01:57:29.125 UTC postmaster[69699] pg_regress/create_table ERROR:  relation "partitioned" does not exist at character 7
2026-09-10 01:57:29.125 UTC postmaster[69699] pg_regress/create_table STATEMENT:  table partitioned;
2026-09-10 01:57:29.127 UTC postmaster[69699] pg_regress/create_table ERROR:  cannot drop column "a" because it is part of the partition key of relation "partitioned"
2026-09-10 01:57:29.127 UTC postmaster[69699] pg_regress/create_table STATEMENT:  alter table partitioned drop column a;
2026-09-10 01:57:29.128 UTC postmaster[69699] pg_regress/create_table ERROR:  cannot drop type intdom1 because other objects depend on it
2026-09-10 01:57:29.128 UTC postmaster[69699] pg_regress/create_table DETAIL:  table partitioned depends on type intdom1
2026-09-10 01:57:29.128 UTC postmaster[69699] pg_regress/create_table HINT:  Use DROP ... CASCADE to drop the dependent objects too.
2026-09-10 01:57:29.128 UTC postmaster[69699] pg_regress/create_table STATEMENT:  drop domain intdom1;
2026-09-10 01:57:29.129 UTC postmaster[69699] pg_regress/create_table ERROR:  relation "partitioned" does not exist at character 7
2026-09-10 01:57:29.129 UTC postmaster[69699] pg_regress/create_table STATEMENT:  table partitioned;
2026-09-10 01:57:29.146 UTC postmaster[69699] pg_regress/create_table ERROR:  cannot use column reference in partition bound expression at character 75
2026-09-10 01:57:29.146 UTC postmaster[69699] pg_regress/create_table STATEMENT:  CREATE TABLE part_bogus_expr_fail PARTITION OF list_parted FOR VALUES IN (somename);
2026-09-10 01:57:29.147 UTC postmaster[69699] pg_regress/create_table ERROR:  cannot use column reference in partition bound expression at character 75
2026-09-10 01:57:29.147 UTC postmaster[69699] pg_regress/create_table STATEMENT:  CREATE TABLE part_bogus_expr_fail PARTITION OF list_parted FOR VALUES IN (somename.somename);
2026-09-10 01:57:29.148 UTC postmaster[69699] pg_regress/create_table ERROR:  cannot use column reference in partition bound expression at character 75
2026-09-10 01:57:29.148 UTC postmaster[69699] pg_regress/create_table STATEMENT:  CREATE TABLE part_bogus_expr_fail PARTITION OF list_parted FOR VALUES IN (a);
2026-09-10 01:57:29.149 UTC postmaster[69699] pg_regress/create_table ERROR:  cannot use column reference in partition bound expression at character 79
2026-09-10 01:57:29.149 UTC postmaster[69699] pg_regress/create_table STATEMENT:  CREATE TABLE part_bogus_expr_fail PARTITION OF list_parted FOR VALUES IN (sum(a));
2026-09-10 01:57:29.150 UTC postmaster[69699] pg_regress/create_table ERROR:  cannot use column reference in partition bound expression at character 79
2026-09-10 01:57:29.150 UTC postmaster[69699] pg_regress/create_table STATEMENT:  CREATE TABLE part_bogus_expr_fail PARTITION OF list_parted FOR VALUES IN (sum(somename));
2026-09-10 01:57:29.151 UTC postmaster[69699] pg_regress/create_table ERROR:  aggregate functions are not allowed in partition bound at character 75
2026-09-10 01:57:29.151 UTC postmaster[69699] pg_regress/create_table STATEMENT:  CREATE TABLE part_bogus_expr_fail PARTITION OF list_parted FOR VALUES IN (sum(1));
2026-09-10 01:57:29.152 UTC postmaster[69699] pg_regress/create_table ERROR:  cannot use subquery in partition bound at character 75
2026-09-10 01:57:29.152 UTC postmaster[69699] pg_regress/create_table STATEMENT:  CREATE TABLE part_bogus_expr_fail PARTITION OF list_parted FOR VALUES IN ((select 1));
2026-09-10 01:57:29.153 UTC postmaster[69699] pg_regress/create_table ERROR:  set-returning functions are not allowed in partition bound at character 75
2026-09-10 01:57:29.153 UTC postmaster[69699] pg_regress/create_table STATEMENT:  CREATE TABLE part_bogus_expr_fail PARTITION OF list_parted FOR VALUES IN (generate_series(4, 6));
2026-09-10 01:57:29.153 UTC postmaster[69699] pg_regress/create_table ERROR:  collations are not supported by type integer at character 81
2026-09-10 01:57:29.153 UTC postmaster[69699] pg_regress/create_table STATEMENT:  CREATE TABLE part_bogus_expr_fail PARTITION OF list_parted FOR VALUES IN ((1+1) collate "POSIX");
2026-09-10 01:57:29.154 UTC postmaster[69699] pg_regress/create_table ERROR:  syntax error at or near ")" at character 64
2026-09-10 01:57:29.154 UTC postmaster[69699] pg_regress/create_table STATEMENT:  CREATE TABLE fail_part PARTITION OF list_parted FOR VALUES IN ();
2026-09-10 01:57:29.154 UTC postmaster[69699] pg_regress/create_table ERROR:  invalid bound specification for a list partition at character 60
2026-09-10 01:57:29.154 UTC postmaster[69699] pg_regress/create_table STATEMENT:  CREATE TABLE fail_part PARTITION OF list_parted FOR VALUES FROM (1) TO (2);
2026-09-10 01:57:29.155 UTC postmaster[69699] pg_regress/create_table ERROR:  invalid bound specification for a list partition at character 60
2026-09-10 01:57:29.155 UTC postmaster[69699] pg_regress/create_table STATEMENT:  CREATE TABLE fail_part PARTITION OF list_parted FOR VALUES WITH (MODULUS 10, REMAINDER 1);
2026-09-10 01:57:29.157 UTC postmaster[69699] pg_regress/create_table ERROR:  partition "fail_default_part" conflicts with existing default partition "part_default" at character 57
2026-09-10 01:57:29.157 UTC postmaster[69699] pg_regress/create_table STATEMENT:  CREATE TABLE fail_default_part PARTITION OF list_parted DEFAULT;
2026-09-10 01:57:29.159 UTC postmaster[69699] pg_regress/create_table ERROR:  specified value cannot be cast to type boolean for column "a" at character 59
2026-09-10 01:57:29.159 UTC postmaster[69699] pg_regress/create_table STATEMENT:  CREATE TABLE bools_true PARTITION OF bools FOR VALUES IN (1);
2026-09-10 01:57:29.171 UTC postmaster[69699] pg_regress/create_table ERROR:  partition "bigintp_10_2" would overlap partition "bigintp_10" at character 63
2026-09-10 01:57:29.171 UTC postmaster[69699] pg_regress/create_table STATEMENT:  CREATE TABLE bigintp_10_2 PARTITION OF bigintp FOR VALUES IN ('10');
2026-09-10 01:57:29.174 UTC postmaster[69699] pg_regress/create_table ERROR:  cannot use column reference in partition bound expression at character 80
2026-09-10 01:57:29.174 UTC postmaster[69699] pg_regress/create_table STATEMENT:  CREATE TABLE part_bogus_expr_fail PARTITION OF range_parted
	  FOR VALUES FROM (somename) TO ('2019-01-01');
2026-09-10 01:57:29.175 UTC postmaster[69699] pg_regress/create_table ERROR:  cannot use column reference in partition bound expression at character 80
2026-09-10 01:57:29.175 UTC postmaster[69699] pg_regress/create_table STATEMENT:  CREATE TABLE part_bogus_expr_fail PARTITION OF range_parted
	  FOR VALUES FROM (somename.somename) TO ('2019-01-01');
2026-09-10 01:57:29.176 UTC postmaster[69699] pg_regress/create_table ERROR:  cannot use column reference in partition bound expression at character 80
2026-09-10 01:57:29.176 UTC postmaster[69699] pg_regress/create_table STATEMENT:  CREATE TABLE part_bogus_expr_fail PARTITION OF range_parted
	  FOR VALUES FROM (a) TO ('2019-01-01');
2026-09-10 01:57:29.177 UTC postmaster[69699] pg_regress/create_table ERROR:  cannot use column reference in partition bound expression at character 84
2026-09-10 01:57:29.177 UTC postmaster[69699] pg_regress/create_table STATEMENT:  CREATE TABLE part_bogus_expr_fail PARTITION OF range_parted
	  FOR VALUES FROM (max(a)) TO ('2019-01-01');
2026-09-10 01:57:29.178 UTC postmaster[69699] pg_regress/create_table ERROR:  cannot use column reference in partition bound expression at character 84
2026-09-10 01:57:29.178 UTC postmaster[69699] pg_regress/create_table STATEMENT:  CREATE TABLE part_bogus_expr_fail PARTITION OF range_parted
	  FOR VALUES FROM (max(somename)) TO ('2019-01-01');
2026-09-10 01:57:29.179 UTC postmaster[69699] pg_regress/create_table ERROR:  aggregate functions are not allowed in partition bound at character 80
2026-09-10 01:57:29.179 UTC postmaster[69699] pg_regress/create_table STATEMENT:  CREATE TABLE part_bogus_expr_fail PARTITION OF range_parted
	  FOR VALUES FROM (max('2019-02-01'::date)) TO ('2019-01-01');
2026-09-10 01:57:29.180 UTC postmaster[69699] pg_regress/create_table ERROR:  cannot use subquery in partition bound at character 80
2026-09-10 01:57:29.180 UTC postmaster[69699] pg_regress/create_table STATEMENT:  CREATE TABLE part_bogus_expr_fail PARTITION OF range_parted
	  FOR VALUES FROM ((select 1)) TO ('2019-01-01');
2026-09-10 01:57:29.181 UTC postmaster[69699] pg_regress/create_table ERROR:  set-returning functions are not allowed in partition bound at character 80
2026-09-10 01:57:29.181 UTC postmaster[69699] pg_regress/create_table STATEMENT:  CREATE TABLE part_bogus_expr_fail PARTITION OF range_parted
	  FOR VALUES FROM (generate_series(1, 3)) TO ('2019-01-01');
2026-09-10 01:57:29.182 UTC postmaster[69699] pg_regress/create_table ERROR:  invalid bound specification for a range partition at character 61
2026-09-10 01:57:29.182 UTC postmaster[69699] pg_regress/create_table STATEMENT:  CREATE TABLE fail_part PARTITION OF range_parted FOR VALUES IN ('a');
2026-09-10 01:57:29.183 UTC postmaster[69699] pg_regress/create_table ERROR:  invalid bound specification for a range partition at character 61
2026-09-10 01:57:29.183 UTC postmaster[69699] pg_regress/create_table STATEMENT:  CREATE TABLE fail_part PARTITION OF range_parted FOR VALUES WITH (MODULUS 10, REMAINDER 1);
2026-09-10 01:57:29.184 UTC postmaster[69699] pg_regress/create_table ERROR:  FROM must specify exactly one value per partitioning column
2026-09-10 01:57:29.184 UTC postmaster[69699] pg_regress/create_table STATEMENT:  CREATE TABLE fail_part PARTITION OF range_parted FOR VALUES FROM ('a', 1) TO ('z');
2026-09-10 01:57:29.184 UTC postmaster[69699] pg_regress/create_table ERROR:  TO must specify exactly one value per partitioning column
2026-09-10 01:57:29.184 UTC postmaster[69699] pg_regress/create_table STATEMENT:  CREATE TABLE fail_part PARTITION OF range_parted FOR VALUES FROM ('a') TO ('z', 1);
2026-09-10 01:57:29.185 UTC postmaster[69699] pg_regress/create_table ERROR:  cannot specify NULL in range bound
2026-09-10 01:57:29.185 UTC postmaster[69699] pg_regress/create_table STATEMENT:  CREATE TABLE fail_part PARTITION OF range_parted FOR VALUES FROM (null) TO (maxvalue);
2026-09-10 01:57:29.186 UTC postmaster[69699] pg_regress/create_table ERROR:  invalid bound specification for a range partition at character 61
2026-09-10 01:57:29.186 UTC postmaster[69699] pg_regress/create_table STATEMENT:  CREATE TABLE fail_part PARTITION OF range_parted FOR VALUES WITH (MODULUS 10, REMAINDER 1);
2026-09-10 01:57:29.193 UTC postmaster[69699] pg_regress/create_table ERROR:  every hash partition modulus must be a factor of the next larger modulus
2026-09-10 01:57:29.193 UTC postmaster[69699] pg_regress/create_table DETAIL:  The new modulus 25 is not divisible by 10, the modulus of existing partition "hpart_4".
2026-09-10 01:57:29.193 UTC postmaster[69699] pg_regress/create_table STATEMENT:  CREATE TABLE fail_part PARTITION OF hash_parted FOR VALUES WITH (MODULUS 25, REMAINDER 3);
2026-09-10 01:57:29.194 UTC postmaster[69699] pg_regress/create_table ERROR:  every hash partition modulus must be a factor of the next larger modulus
2026-09-10 01:57:29.194 UTC postmaster[69699] pg_regress/create_table DETAIL:  The new modulus 150 is not a factor of 200, the modulus of existing partition "hpart_3".
2026-09-10 01:57:29.194 UTC postmaster[69699] pg_regress/create_table STATEMENT:  CREATE TABLE fail_part PARTITION OF hash_parted FOR VALUES WITH (MODULUS 150, REMAINDER 3);
2026-09-10 01:57:29.195 UTC postmaster[69699] pg_regress/create_table ERROR:  partition "fail_part" would overlap partition "hpart_4" at character 60
2026-09-10 01:57:29.195 UTC postmaster[69699] pg_regress/create_table STATEMENT:  CREATE TABLE fail_part PARTITION OF hash_parted FOR VALUES WITH (MODULUS 100, REMAINDER 3);
2026-09-10 01:57:29.196 UTC postmaster[69699] pg_regress/create_table ERROR:  invalid bound specification for a hash partition at character 60
2026-09-10 01:57:29.196 UTC postmaster[69699] pg_regress/create_table STATEMENT:  CREATE TABLE fail_part PARTITION OF hash_parted FOR VALUES FROM ('a', 1) TO ('z');
2026-09-10 01:57:29.197 UTC postmaster[69699] pg_regress/create_table ERROR:  invalid bound specification for a hash partition at character 60
2026-09-10 01:57:29.197 UTC postmaster[69699] pg_regress/create_table STATEMENT:  CREATE TABLE fail_part PARTITION OF hash_parted FOR VALUES IN (1000);
2026-09-10 01:57:29.198 UTC postmaster[69699] pg_regress/create_table ERROR:  a hash-partitioned table may not have a default partition
2026-09-10 01:57:29.198 UTC postmaster[69699] pg_regress/create_table STATEMENT:  CREATE TABLE fail_default_part PARTITION OF hash_parted DEFAULT;
2026-09-10 01:57:29.200 UTC postmaster[69699] pg_regress/create_table ERROR:  "unparted" is not partitioned
2026-09-10 01:57:29.200 UTC postmaster[69699] pg_regress/create_table STATEMENT:  CREATE TABLE fail_part PARTITION OF unparted FOR VALUES IN ('a');
2026-09-10 01:57:29.201 UTC postmaster[69699] pg_regress/create_table ERROR:  "unparted" is not partitioned
2026-09-10 01:57:29.201 UTC postmaster[69699] pg_regress/create_table STATEMENT:  CREATE TABLE fail_part PARTITION OF unparted FOR VALUES WITH (MODULUS 2, REMAINDER 1);
2026-09-10 01:57:29.203 UTC postmaster[69699] pg_regress/create_table ERROR:  cannot create a permanent relation as partition of temporary relation "temp_parted"
2026-09-10 01:57:29.203 UTC postmaster[69699] pg_regress/create_table STATEMENT:  CREATE TABLE fail_part PARTITION OF temp_parted FOR VALUES IN ('a');
2026-09-10 01:57:29.213 UTC postmaster[69699] pg_regress/create_table ERROR:  partition "fail_part" would overlap partition "part_null_z" at character 65
2026-09-10 01:57:29.213 UTC postmaster[69699] pg_regress/create_table STATEMENT:  CREATE TABLE fail_part PARTITION OF list_parted2 FOR VALUES IN (null);
2026-09-10 01:57:29.214 UTC postmaster[69699] pg_regress/create_table ERROR:  partition "fail_part" would overlap partition "part_ab" at character 65
2026-09-10 01:57:29.214 UTC postmaster[69699] pg_regress/create_table STATEMENT:  CREATE TABLE fail_part PARTITION OF list_parted2 FOR VALUES IN ('b', 'c');
2026-09-10 01:57:29.215 UTC postmaster[69699] pg_regress/create_table ERROR:  updated partition constraint for default partition "list_parted2_def" would be violated by some row
2026-09-10 01:57:29.215 UTC postmaster[69699] pg_regress/create_table STATEMENT:  CREATE TABLE fail_part PARTITION OF list_parted2 FOR VALUES IN ('W', 'X', 'Y');
2026-09-10 01:57:29.217 UTC postmaster[69699] pg_regress/create_table ERROR:  empty range bound specified for partition "fail_part" at character 68
2026-09-10 01:57:29.217 UTC postmaster[69699] pg_regress/create_table DETAIL:  Specified lower bound (1) is greater than or equal to upper bound (0).
2026-09-10 01:57:29.217 UTC postmaster[69699] pg_regress/create_table STATEMENT:  CREATE TABLE fail_part PARTITION OF range_parted2 FOR VALUES FROM (1) TO (0);
2026-09-10 01:57:29.218 UTC postmaster[69699] pg_regress/create_table ERROR:  empty range bound specified for partition "fail_part" at character 68
2026-09-10 01:57:29.218 UTC postmaster[69699] pg_regress/create_table DETAIL:  Specified lower bound (1) is greater than or equal to upper bound (1).
2026-09-10 01:57:29.218 UTC postmaster[69699] pg_regress/create_table STATEMENT:  CREATE TABLE fail_part PARTITION OF range_parted2 FOR VALUES FROM (1) TO (1);
2026-09-10 01:57:29.220 UTC postmaster[69699] pg_regress/create_table ERROR:  partition "fail_part" would overlap partition "part0" at character 68
2026-09-10 01:57:29.220 UTC postmaster[69699] pg_regress/create_table STATEMENT:  CREATE TABLE fail_part PARTITION OF range_parted2 FOR VALUES FROM (minvalue) TO (2);
2026-09-10 01:57:29.222 UTC postmaster[69699] pg_regress/create_table ERROR:  partition "fail_part" would overlap partition "part0" at character 68
2026-09-10 01:57:29.222 UTC postmaster[69699] pg_regress/create_table STATEMENT:  CREATE TABLE fail_part PARTITION OF range_parted2 FOR VALUES FROM (-1) TO (1);
2026-09-10 01:57:29.223 UTC postmaster[69699] pg_regress/create_table ERROR:  partition "fail_part" would overlap partition "part1" at character 68
2026-09-10 01:57:29.223 UTC postmaster[69699] pg_regress/create_table STATEMENT:  CREATE TABLE fail_part PARTITION OF range_parted2 FOR VALUES FROM (9) TO (maxvalue);
2026-09-10 01:57:29.226 UTC postmaster[69699] pg_regress/create_table ERROR:  partition "fail_part" would overlap partition "part2" at character 76
2026-09-10 01:57:29.226 UTC postmaster[69699] pg_regress/create_table STATEMENT:  CREATE TABLE fail_part PARTITION OF range_parted2 FOR VALUES FROM (10) TO (30);
2026-09-10 01:57:29.227 UTC postmaster[69699] pg_regress/create_table ERROR:  partition "fail_part" would overlap partition "part2" at character 76
2026-09-10 01:57:29.227 UTC postmaster[69699] pg_regress/create_table STATEMENT:  CREATE TABLE fail_part PARTITION OF range_parted2 FOR VALUES FROM (10) TO (50);
2026-09-10 01:57:29.229 UTC postmaster[69699] pg_regress/create_table ERROR:  partition "fail_default_part" conflicts with existing default partition "range2_default" at character 59
2026-09-10 01:57:29.229 UTC postmaster[69699] pg_regress/create_table STATEMENT:  CREATE TABLE fail_default_part PARTITION OF range_parted2 DEFAULT;
2026-09-10 01:57:29.231 UTC postmaster[69699] pg_regress/create_table ERROR:  updated partition constraint for default partition "range2_default" would be violated by some row
2026-09-10 01:57:29.231 UTC postmaster[69699] pg_regress/create_table STATEMENT:  CREATE TABLE fail_part PARTITION OF range_parted2 FOR VALUES FROM (80) TO (90);
2026-09-10 01:57:29.236 UTC postmaster[69699] pg_regress/create_table ERROR:  partition "fail_part" would overlap partition "part00" at character 68
2026-09-10 01:57:29.236 UTC postmaster[69699] pg_regress/create_table STATEMENT:  CREATE TABLE fail_part PARTITION OF range_parted3 FOR VALUES FROM (0, minvalue) TO (0, 1);
2026-09-10 01:57:29.240 UTC postmaster[69699] pg_regress/create_table ERROR:  partition "fail_part" would overlap partition "part12" at character 71
2026-09-10 01:57:29.240 UTC postmaster[69699] pg_regress/create_table STATEMENT:  CREATE TABLE fail_part PARTITION OF range_parted3 FOR VALUES FROM (1, 10) TO (1, 20);
2026-09-10 01:57:29.243 UTC postmaster[69699] pg_regress/create_table ERROR:  partition "fail_part" would overlap partition "part10" at character 68
2026-09-10 01:57:29.243 UTC postmaster[69699] pg_regress/create_table STATEMENT:  CREATE TABLE fail_part PARTITION OF range_parted3 FOR VALUES FROM (1, minvalue) TO (1, maxvalue);
2026-09-10 01:57:29.254 UTC postmaster[69699] pg_regress/create_table ERROR:  partition "fail_part" would overlap partition "h2part_4" at character 61
2026-09-10 01:57:29.254 UTC postmaster[69699] pg_regress/create_table STATEMENT:  CREATE TABLE fail_part PARTITION OF hash_parted2 FOR VALUES WITH (MODULUS 2, REMAINDER 1);
2026-09-10 01:57:29.255 UTC postmaster[69699] pg_regress/create_table ERROR:  modulus for hash partition must be an integer value greater than zero
2026-09-10 01:57:29.255 UTC postmaster[69699] pg_regress/create_table STATEMENT:  CREATE TABLE fail_part PARTITION OF hash_parted2 FOR VALUES WITH (MODULUS 0, REMAINDER 1);
2026-09-10 01:57:29.256 UTC postmaster[69699] pg_regress/create_table ERROR:  remainder for hash partition must be less than modulus
2026-09-10 01:57:29.256 UTC postmaster[69699] pg_regress/create_table STATEMENT:  CREATE TABLE fail_part PARTITION OF hash_parted2 FOR VALUES WITH (MODULUS 8, REMAINDER 8);
2026-09-10 01:57:29.261 UTC postmaster[69699] pg_regress/create_table ERROR:  column "b" specified more than once
2026-09-10 01:57:29.261 UTC postmaster[69699] pg_regress/create_table STATEMENT:  CREATE TABLE part_b PARTITION OF parted (
		b NOT NULL,
		b DEFAULT 1,
		b CHECK (b >= 0),
		CONSTRAINT check_a CHECK (length(a) > 0)
	) FOR VALUES IN ('b');
2026-09-10 01:57:29.267 UTC postmaster[69699] pg_regress/create_table ERROR:  cannot drop inherited constraint "check_a" of relation "part_b"
2026-09-10 01:57:29.267 UTC postmaster[69699] pg_regress/create_table STATEMENT:  ALTER TABLE part_b DROP CONSTRAINT check_a;
2026-09-10 01:57:29.267 UTC postmaster[69699] pg_regress/create_table ERROR:  cannot drop inherited constraint "check_b" of relation "part_b"
2026-09-10 01:57:29.267 UTC postmaster[69699] pg_regress/create_table STATEMENT:  ALTER TABLE part_b DROP CONSTRAINT check_b;
2026-09-10 01:57:29.271 UTC postmaster[69699] pg_regress/create_table ERROR:  column "c" named in partition key does not exist at character 98
2026-09-10 01:57:29.271 UTC postmaster[69699] pg_regress/create_table STATEMENT:  CREATE TABLE fail_part_col_not_found PARTITION OF parted FOR VALUES IN ('c') PARTITION BY RANGE (c);
2026-09-10 01:57:29.279 UTC postmaster[69699] pg_regress/create_table ERROR:  null value in column "b" of relation "parted_notnull_inh_test1" violates not-null constraint
2026-09-10 01:57:29.279 UTC postmaster[69699] pg_regress/create_table DETAIL:  Failing row contains (1, null).
2026-09-10 01:57:29.279 UTC postmaster[69699] pg_regress/create_table STATEMENT:  insert into parted_notnull_inh_test (b) values (null);
2026-09-10 01:57:29.484 UTC postmaster[69699] pg_regress/create_table ERROR:  cannot specify storage parameters for a partitioned table
2026-09-10 01:57:29.484 UTC postmaster[69699] pg_regress/create_table HINT:  Specify storage parameters for its leaf partitions instead.
2026-09-10 01:57:29.484 UTC postmaster[69699] pg_regress/create_table STATEMENT:  CREATE TABLE parted_col_comment (a int, b text) PARTITION BY LIST (a) WITH (fillfactor=100);
2026-09-10 01:57:29.520 UTC postmaster[69699] pg_regress/create_table ERROR:  cannot create a permanent relation as partition of temporary relation "temp_parted"
2026-09-10 01:57:29.520 UTC postmaster[69699] pg_regress/create_table STATEMENT:  create table perm_part partition of temp_parted default;
2026-09-10 01:57:29.520 UTC postmaster[69699] pg_regress/create_table ERROR:  cannot create a temporary relation as partition of permanent relation "perm_parted"
2026-09-10 01:57:29.520 UTC postmaster[69699] pg_regress/create_table STATEMENT:  create temp table temp_part partition of perm_parted default;
2026-09-10 01:57:29.527 UTC postmaster[69699] pg_regress/create_table ERROR:  cannot CREATE TABLE .. PARTITION OF "tab_part_create" because it is being used by active queries in this session
2026-09-10 01:57:29.527 UTC postmaster[69699] pg_regress/create_table CONTEXT:  SQL statement "create table tab_part_create_1 partition of tab_part_create for values in (1)"
	PL/pgSQL function func_part_create() line 3 at EXECUTE
2026-09-10 01:57:29.527 UTC postmaster[69699] pg_regress/create_table STATEMENT:  insert into tab_part_create values (1);
2026-09-10 01:57:29.542 UTC postmaster[69699] pg_regress/create_table ERROR:  updated partition constraint for default partition "defcheck_def" would be violated by some row
2026-09-10 01:57:29.542 UTC postmaster[69699] pg_regress/create_table STATEMENT:  create table defcheck_0 partition of defcheck for values in (0);
xtc: backend fiber exiting pid=(loop=20,local=1,gen=3) code=0
xtc: supervisor observed normal backend fiber DOWN pid=(loop=20,local=1,gen=3)
2026-09-10 01:57:29.601 UTC postmaster[69699] LOG:  xtc: client backend launched as xtc fiber (child_slot=8)
xtc: spawned backend fiber pid=(loop=23,local=1,gen=3) migratable=1
2026-09-10 01:57:29.602 UTC postmaster[69699] LOG:  xtc: client backend launched as xtc fiber (child_slot=20)
2026-09-10 01:57:29.602 UTC postmaster[69699] LOG:  xtc: client backend launched as xtc fiber (child_slot=6)
xtc: spawned backend fiber pid=(loop=24,local=1,gen=3) migratable=1
xtc: spawned backend fiber pid=(loop=25,local=1,gen=3) migratable=1
2026-09-10 01:57:29.602 UTC postmaster[69699] LOG:  xtc: client backend launched as xtc fiber (child_slot=3)
xtc: spawned backend fiber pid=(loop=26,local=1,gen=3) migratable=1
2026-09-10 01:57:29.602 UTC postmaster[69699] LOG:  xtc: client backend launched as xtc fiber (child_slot=17)
xtc: spawned backend fiber pid=(loop=27,local=1,gen=3) migratable=1
2026-09-10 01:57:29.626 UTC postmaster[69699] pg_regress/create_index ERROR:  syntax error at or near "ON" at character 28
2026-09-10 01:57:29.626 UTC postmaster[69699] pg_regress/create_index STATEMENT:  CREATE INDEX IF NOT EXISTS ON onek USING btree(unique1 int4_ops);
2026-09-10 01:57:29.647 UTC postmaster[69699] pg_regress/index_including ERROR:  could not create unique index "tbl_include_unique2_idx_unique"
2026-09-10 01:57:29.647 UTC postmaster[69699] pg_regress/index_including DETAIL:  Key (c1, c2)=(1, 2) is duplicated.
2026-09-10 01:57:29.647 UTC postmaster[69699] pg_regress/index_including STATEMENT:  CREATE UNIQUE INDEX tbl_include_unique2_idx_unique ON tbl_include_unique2 using btree (c1, c2) INCLUDE (c3, c4);
2026-09-10 01:57:29.648 UTC postmaster[69699] pg_regress/index_including ERROR:  could not create unique index "tbl_include_unique2_c1_c2_c3_c4_key"
2026-09-10 01:57:29.648 UTC postmaster[69699] pg_regress/index_including DETAIL:  Key (c1, c2)=(1, 2) is duplicated.
2026-09-10 01:57:29.648 UTC postmaster[69699] pg_regress/index_including STATEMENT:  ALTER TABLE tbl_include_unique2 add UNIQUE (c1, c2) INCLUDE (c3, c4);
2026-09-10 01:57:29.661 UTC postmaster[69699] pg_regress/index_including ERROR:  could not create unique index "tbl_include_box_pk_pkey"
2026-09-10 01:57:29.661 UTC postmaster[69699] pg_regress/index_including DETAIL:  Key (c1, c2)=(1, 2) is duplicated.
2026-09-10 01:57:29.661 UTC postmaster[69699] pg_regress/index_including STATEMENT:  ALTER TABLE tbl_include_box_pk add PRIMARY KEY (c1, c2) INCLUDE (c3, c4);
2026-09-10 01:57:29.667 UTC postmaster[69699] pg_regress/index_including ERROR:  duplicate key value violates unique constraint "covering"
2026-09-10 01:57:29.667 UTC postmaster[69699] pg_regress/index_including DETAIL:  Key (c1, c2)=(1, 2) already exists.
2026-09-10 01:57:29.667 UTC postmaster[69699] pg_regress/index_including STATEMENT:  INSERT INTO tbl SELECT 1, 2, 3*x, box('4,4,4,4') FROM generate_series(1,10) AS x;
2026-09-10 01:57:29.670 UTC postmaster[69699] pg_regress/create_view ERROR:  relation "noview" does not exist
2026-09-10 01:57:29.670 UTC postmaster[69699] pg_regress/create_view STATEMENT:  COMMENT ON VIEW noview IS 'no view';
2026-09-10 01:57:29.673 UTC postmaster[69699] pg_regress/index_including ERROR:  duplicate key value violates unique constraint "covering"
2026-09-10 01:57:29.673 UTC postmaster[69699] pg_regress/index_including DETAIL:  Key (c1, c2)=(1, 2) already exists.
2026-09-10 01:57:29.673 UTC postmaster[69699] pg_regress/index_including STATEMENT:  INSERT INTO tbl SELECT 1, 2, 3*x, box('4,4,4,4') FROM generate_series(1,10) AS x;
2026-09-10 01:57:29.673 UTC postmaster[69699] pg_regress/index_including ERROR:  null value in column "c2" of relation "tbl" violates not-null constraint
2026-09-10 01:57:29.673 UTC postmaster[69699] pg_regress/index_including DETAIL:  Failing row contains (1, null, 3, (4,4),(4,4)).
2026-09-10 01:57:29.673 UTC postmaster[69699] pg_regress/index_including STATEMENT:  INSERT INTO tbl SELECT 1, NULL, 3*x, box('4,4,4,4') FROM generate_series(1,10) AS x;
2026-09-10 01:57:29.682 UTC postmaster[69699] pg_regress/create_view ERROR:  cannot drop constraint view_base_table_pkey on table view_base_table because other objects depend on it
2026-09-10 01:57:29.682 UTC postmaster[69699] pg_regress/create_view DETAIL:  view key_dependent_view depends on constraint view_base_table_pkey on table view_base_table
2026-09-10 01:57:29.682 UTC postmaster[69699] pg_regress/create_view HINT:  Use DROP ... CASCADE to drop the dependent objects too.
2026-09-10 01:57:29.682 UTC postmaster[69699] pg_regress/create_view STATEMENT:  ALTER TABLE view_base_table DROP CONSTRAINT view_base_table_pkey;
2026-09-10 01:57:29.691 UTC postmaster[69699] pg_regress/create_view ERROR:  cannot drop columns from view
2026-09-10 01:57:29.691 UTC postmaster[69699] pg_regress/create_view STATEMENT:  CREATE OR REPLACE VIEW viewtest AS
		SELECT a FROM viewtest_tbl WHERE a <> 20;
2026-09-10 01:57:29.691 UTC postmaster[69699] pg_regress/create_view ERROR:  cannot change name of view column "a" to "?column?"
2026-09-10 01:57:29.691 UTC postmaster[69699] pg_regress/create_view HINT:  Use ALTER VIEW ... RENAME COLUMN ... to change name of view column instead.
2026-09-10 01:57:29.691 UTC postmaster[69699] pg_regress/create_view STATEMENT:  CREATE OR REPLACE VIEW viewtest AS
		SELECT 1, * FROM viewtest_tbl;
2026-09-10 01:57:29.691 UTC postmaster[69699] pg_regress/create_view ERROR:  cannot change data type of view column "b" from integer to numeric
2026-09-10 01:57:29.691 UTC postmaster[69699] pg_regress/create_view STATEMENT:  CREATE OR REPLACE VIEW viewtest AS
		SELECT a, b::numeric, c, d FROM viewtest_tbl;
2026-09-10 01:57:29.692 UTC postmaster[69699] pg_regress/create_view ERROR:  cannot change data type of view column "c" from numeric(10,1) to numeric(10,2)
2026-09-10 01:57:29.692 UTC postmaster[69699] pg_regress/create_view STATEMENT:  CREATE OR REPLACE VIEW viewtest AS
		SELECT a, b, c::numeric(10,2), d FROM viewtest_tbl;
2026-09-10 01:57:29.692 UTC postmaster[69699] pg_regress/create_view ERROR:  cannot change collation of view column "d" from "C" to "POSIX"
2026-09-10 01:57:29.692 UTC postmaster[69699] pg_regress/create_view STATEMENT:  CREATE OR REPLACE VIEW viewtest AS
		SELECT a, b, c, d COLLATE "POSIX" FROM viewtest_tbl;
2026-09-10 01:57:29.704 UTC postmaster[69699] pg_regress/create_view ERROR:  cannot create temporary relation in non-temporary schema
2026-09-10 01:57:29.704 UTC postmaster[69699] pg_regress/create_view STATEMENT:  CREATE VIEW temp_view_test.v3_temp AS SELECT * FROM temp_table;
2026-09-10 01:57:29.705 UTC postmaster[69699] pg_regress/create_view ERROR:  cannot create temporary relation in non-temporary schema at character 53
2026-09-10 01:57:29.705 UTC postmaster[69699] pg_regress/create_view STATEMENT:  CREATE SCHEMA test_view_schema
	    CREATE TEMP VIEW testview AS SELECT 1;
2026-09-10 01:57:29.705 UTC postmaster[69699] pg_regress/index_including ERROR:  duplicate key value violates unique constraint "tbl_c1_c2_c3_c4_key"
2026-09-10 01:57:29.705 UTC postmaster[69699] pg_regress/index_including DETAIL:  Key (c1, c2)=(1, 2) already exists.
2026-09-10 01:57:29.705 UTC postmaster[69699] pg_regress/index_including STATEMENT:  INSERT INTO tbl SELECT 1, 2, 3*x, box('4,4,4,4') FROM generate_series(1,10) AS x;
2026-09-10 01:57:29.711 UTC postmaster[69699] pg_regress/index_including ERROR:  duplicate key value violates unique constraint "tbl_pkey"
2026-09-10 01:57:29.711 UTC postmaster[69699] pg_regress/index_including DETAIL:  Key (c1, c2)=(1, 2) already exists.
2026-09-10 01:57:29.711 UTC postmaster[69699] pg_regress/index_including STATEMENT:  INSERT INTO tbl SELECT 1, 2, 3*x, box('4,4,4,4') FROM generate_series(1,10) AS x;
2026-09-10 01:57:29.711 UTC postmaster[69699] pg_regress/index_including ERROR:  null value in column "c2" of relation "tbl" violates not-null constraint
2026-09-10 01:57:29.711 UTC postmaster[69699] pg_regress/index_including DETAIL:  Failing row contains (1, null, 3, (4,4),(4,4)).
2026-09-10 01:57:29.711 UTC postmaster[69699] pg_regress/index_including STATEMENT:  INSERT INTO tbl SELECT 1, NULL, 3*x, box('4,4,4,4') FROM generate_series(1,10) AS x;
2026-09-10 01:57:29.730 UTC postmaster[69699] pg_regress/index_including ERROR:  conflicting key value violates exclusion constraint "tbl_c1_c3_c4_excl"
2026-09-10 01:57:29.730 UTC postmaster[69699] pg_regress/index_including DETAIL:  Key (c1)=(1) conflicts with existing key (c1)=(1).
2026-09-10 01:57:29.730 UTC postmaster[69699] pg_regress/index_including STATEMENT:  INSERT INTO tbl SELECT 1, 2, 3*x, box('4,4,4,4') FROM generate_series(1,10) AS x;
2026-09-10 01:57:29.777 UTC postmaster[69699] pg_regress/create_view ERROR:  invalid value for boolean option "security_barrier": 100
2026-09-10 01:57:29.777 UTC postmaster[69699] pg_regress/create_view STATEMENT:  CREATE VIEW mysecview5 WITH (security_barrier=100)	-- Error
	       AS SELECT * FROM tbl1 WHERE a > 100;
2026-09-10 01:57:29.777 UTC postmaster[69699] pg_regress/create_view ERROR:  unrecognized parameter "invalid_option"
2026-09-10 01:57:29.777 UTC postmaster[69699] pg_regress/create_view STATEMENT:  CREATE VIEW mysecview6 WITH (invalid_option)		-- Error
	       AS SELECT * FROM tbl1 WHERE a < 100;
2026-09-10 01:57:29.780 UTC postmaster[69699] pg_regress/create_view ERROR:  invalid value for boolean option "security_invoker": 100
2026-09-10 01:57:29.780 UTC postmaster[69699] pg_regress/create_view STATEMENT:  CREATE VIEW mysecview10 WITH (security_invoker=100)	-- Error
	       AS SELECT * FROM tbl1 WHERE a <> 100;
2026-09-10 01:57:29.993 UTC postmaster[69699] pg_regress/create_index ERROR:  relation "six_wrong" does not exist
2026-09-10 01:57:29.993 UTC postmaster[69699] pg_regress/create_index STATEMENT:  COMMENT ON INDEX six_wrong IS 'bad index';
2026-09-10 01:57:30.009 UTC postmaster[69699] pg_regress/index_including ERROR:  cannot alter statistics on non-expression column "c1" of index "tbl_idx"
2026-09-10 01:57:30.009 UTC postmaster[69699] pg_regress/index_including HINT:  Alter statistics on table column instead.
2026-09-10 01:57:30.009 UTC postmaster[69699] pg_regress/index_including STATEMENT:  ALTER INDEX tbl_idx ALTER COLUMN 1 SET STATISTICS 1000;
2026-09-10 01:57:30.009 UTC postmaster[69699] pg_regress/index_including ERROR:  cannot alter statistics on included column "c2" of index "tbl_idx"
2026-09-10 01:57:30.009 UTC postmaster[69699] pg_regress/index_including STATEMENT:  ALTER INDEX tbl_idx ALTER COLUMN 3 SET STATISTICS 1000;
2026-09-10 01:57:30.009 UTC postmaster[69699] pg_regress/index_including ERROR:  column number 4 of relation "tbl_idx" does not exist
2026-09-10 01:57:30.009 UTC postmaster[69699] pg_regress/index_including STATEMENT:  ALTER INDEX tbl_idx ALTER COLUMN 4 SET STATISTICS 1000;
2026-09-10 01:57:30.035 UTC postmaster[69699] pg_regress/index_including LOG:  process 69699 still waiting for ShareLock on virtual transaction 75/30 after 0.006 ms
2026-09-10 01:57:30.035 UTC postmaster[69699] pg_regress/index_including DETAIL:  Process holding the lock: 69699. Wait queue: 69699.
2026-09-10 01:57:30.035 UTC postmaster[69699] pg_regress/index_including CONTEXT:  waiting for ShareLock on virtual transaction 75/30
2026-09-10 01:57:30.035 UTC postmaster[69699] pg_regress/index_including STATEMENT:  CREATE UNIQUE INDEX CONCURRENTLY on tbl (c1, c2) INCLUDE (c3, c4);
2026-09-10 01:57:30.039 UTC postmaster[69699] pg_regress/index_including LOG:  process 69699 acquired ShareLock on virtual transaction 75/30 after 3.927 ms
2026-09-10 01:57:30.039 UTC postmaster[69699] pg_regress/index_including CONTEXT:  waiting for ShareLock on virtual transaction 75/30
2026-09-10 01:57:30.039 UTC postmaster[69699] pg_regress/index_including STATEMENT:  CREATE UNIQUE INDEX CONCURRENTLY on tbl (c1, c2) INCLUDE (c3, c4);
2026-09-10 01:57:30.088 UTC postmaster[69699] pg_regress/index_including LOG:  process 69699 acquired ShareLock on virtual transaction 76/6 after 49.630 ms
2026-09-10 01:57:30.088 UTC postmaster[69699] pg_regress/index_including CONTEXT:  waiting for ShareLock on virtual transaction 76/6
2026-09-10 01:57:30.088 UTC postmaster[69699] pg_regress/index_including STATEMENT:  CREATE UNIQUE INDEX CONCURRENTLY on tbl (c1, c2) INCLUDE (c3, c4);
2026-09-10 01:57:30.355 UTC postmaster[69699] pg_regress/index_including LOG:  process 69699 acquired ShareLock on virtual transaction 79/13 after 266.466 ms
2026-09-10 01:57:30.355 UTC postmaster[69699] pg_regress/index_including CONTEXT:  waiting for ShareLock on virtual transaction 79/13
2026-09-10 01:57:30.355 UTC postmaster[69699] pg_regress/index_including STATEMENT:  CREATE UNIQUE INDEX CONCURRENTLY on tbl (c1, c2) INCLUDE (c3, c4);
2026-09-10 01:57:30.373 UTC postmaster[69699] pg_regress/index_including ERROR:  relation "tbl_c1_c2_c3_c4_key" does not exist
2026-09-10 01:57:30.373 UTC postmaster[69699] pg_regress/index_including STATEMENT:  REINDEX INDEX tbl_c1_c2_c3_c4_key;
2026-09-10 01:57:30.374 UTC postmaster[69699] pg_regress/index_including_gist LOG:  process 69699 acquired ShareLock on virtual transaction 76/29 after 8.758 ms
2026-09-10 01:57:30.374 UTC postmaster[69699] pg_regress/index_including_gist CONTEXT:  waiting for ShareLock on virtual transaction 76/29
2026-09-10 01:57:30.374 UTC postmaster[69699] pg_regress/index_including_gist STATEMENT:  CREATE INDEX CONCURRENTLY tbl_gist_idx ON tbl_gist using gist (c4) INCLUDE (c1,c2,c3);
2026-09-10 01:57:30.382 UTC postmaster[69699] pg_regress/index_including ERROR:  access method "brin" does not support included columns
2026-09-10 01:57:30.382 UTC postmaster[69699] pg_regress/index_including STATEMENT:  CREATE INDEX on tbl USING brin(c1, c2) INCLUDE (c3, c4);
2026-09-10 01:57:30.387 UTC postmaster[69699] pg_regress/index_including ERROR:  access method "gin" does not support included columns
2026-09-10 01:57:30.387 UTC postmaster[69699] pg_regress/index_including STATEMENT:  CREATE INDEX on tbl USING gin(c1, c2) INCLUDE (c3, c4);
2026-09-10 01:57:30.388 UTC postmaster[69699] pg_regress/index_including ERROR:  access method "hash" does not support included columns
2026-09-10 01:57:30.388 UTC postmaster[69699] pg_regress/index_including STATEMENT:  CREATE INDEX on tbl USING hash(c1, c2) INCLUDE (c3, c4);
2026-09-10 01:57:30.415 UTC postmaster[69699] pg_regress/index_including ERROR:  duplicate key value violates unique constraint "tbl_idx_unique"
2026-09-10 01:57:30.415 UTC postmaster[69699] pg_regress/index_including DETAIL:  Key (c1, c2)=(1, 2) already exists.
2026-09-10 01:57:30.415 UTC postmaster[69699] pg_regress/index_including STATEMENT:  UPDATE tbl SET c2 = 2 WHERE c1 = 1;
2026-09-10 01:57:30.438 UTC postmaster[69699] pg_regress/create_view ERROR:  cannot drop column f3 of table tt14t because other objects depend on it
2026-09-10 01:57:30.438 UTC postmaster[69699] pg_regress/create_view DETAIL:  view tt14v depends on column f3 of table tt14t
2026-09-10 01:57:30.438 UTC postmaster[69699] pg_regress/create_view HINT:  Use DROP ... CASCADE to drop the dependent objects too.
2026-09-10 01:57:30.438 UTC postmaster[69699] pg_regress/create_view STATEMENT:  alter table tt14t drop column f3;
2026-09-10 01:57:30.461 UTC postmaster[69699] pg_regress/create_view ERROR:  attribute 3 of type record has been dropped
2026-09-10 01:57:30.461 UTC postmaster[69699] pg_regress/create_view STATEMENT:  select * from tt14v;
2026-09-10 01:57:30.462 UTC postmaster[69699] pg_regress/index_including ERROR:  expressions are not supported in included columns at character 35
2026-09-10 01:57:30.462 UTC postmaster[69699] pg_regress/index_including STATEMENT:  CREATE INDEX ON tbl (c1) INCLUDE ((c2 + c3));
2026-09-10 01:57:30.463 UTC postmaster[69699] pg_regress/create_view ERROR:  cannot alter type of a column used by a view or rule
2026-09-10 01:57:30.463 UTC postmaster[69699] pg_regress/create_view DETAIL:  rule _RETURN on view tt14v depends on column "f4".
2026-09-10 01:57:30.463 UTC postmaster[69699] pg_regress/create_view STATEMENT:  alter table tt14t alter column f4 type integer using f4::integer;
2026-09-10 01:57:30.463 UTC postmaster[69699] pg_regress/index_including ERROR:  expressions are not supported in included columns at character 35
2026-09-10 01:57:30.463 UTC postmaster[69699] pg_regress/index_including STATEMENT:  CREATE INDEX ON tbl (c1) INCLUDE ((c2));
xtc: backend fiber exiting pid=(loop=26,local=1,gen=3) code=0
xtc: supervisor observed normal backend fiber DOWN pid=(loop=26,local=1,gen=3)
2026-09-10 01:57:30.471 UTC postmaster[69699] pg_regress/create_view ERROR:  attribute 4 of type record has wrong type
2026-09-10 01:57:30.471 UTC postmaster[69699] pg_regress/create_view DETAIL:  Table has type integer, but query expects text.
2026-09-10 01:57:30.471 UTC postmaster[69699] pg_regress/create_view STATEMENT:  select * from tt14v;
2026-09-10 01:57:30.482 UTC postmaster[69699] pg_regress/index_including_gist ERROR:  conflicting key value violates exclusion constraint "tbl_gist_c4_c1_c2_c3_excl"
2026-09-10 01:57:30.482 UTC postmaster[69699] pg_regress/index_including_gist DETAIL:  Key (c4)=((4,5),(2,3)) conflicts with existing key (c4)=((2,3),(1,2)).
2026-09-10 01:57:30.482 UTC postmaster[69699] pg_regress/index_including_gist STATEMENT:  INSERT INTO tbl_gist SELECT x, 2*x, 3*x, box(point(x,x+1),point(2*x,2*x+1)) FROM generate_series(1,10) AS x;
2026-09-10 01:57:30.495 UTC postmaster[69699] pg_regress/create_view ERROR:  operator does not exist: text = text[] at character 20
2026-09-10 01:57:30.495 UTC postmaster[69699] pg_regress/create_view DETAIL:  No operator of that name accepts the given argument types.
2026-09-10 01:57:30.495 UTC postmaster[69699] pg_regress/create_view HINT:  You might need to add explicit type casts.
2026-09-10 01:57:30.495 UTC postmaster[69699] pg_regress/create_view STATEMENT:  select 'foo'::text = any((select array['abc','def','foo']::text[]));
xtc: backend fiber exiting pid=(loop=27,local=1,gen=3) code=0
2026-09-10 01:57:30.523 UTC postmaster[69699] pg_regress/create_view ERROR:  access to non-system view "tt27v" is restricted
2026-09-10 01:57:30.523 UTC postmaster[69699] pg_regress/create_view STATEMENT:  select a from tt27v where a > 0;
2026-09-10 01:57:30.523 UTC postmaster[69699] pg_regress/create_view ERROR:  access to non-system view "tt27v" is restricted
2026-09-10 01:57:30.523 UTC postmaster[69699] pg_regress/create_view STATEMENT:  insert into tt27v values (1);
xtc: supervisor observed normal backend fiber DOWN pid=(loop=27,local=1,gen=3)
xtc: backend fiber exiting pid=(loop=25,local=1,gen=3) code=0
xtc: supervisor observed normal backend fiber DOWN pid=(loop=25,local=1,gen=3)
2026-09-10 01:57:30.599 UTC postmaster[69699] pg_regress/create_index ERROR:  duplicate key value violates unique constraint "unique_idx2"
2026-09-10 01:57:30.599 UTC postmaster[69699] pg_regress/create_index DETAIL:  Key (i)=(null) already exists.
2026-09-10 01:57:30.599 UTC postmaster[69699] pg_regress/create_index STATEMENT:  INSERT INTO unique_tbl (t) VALUES ('seven');
2026-09-10 01:57:30.603 UTC postmaster[69699] pg_regress/create_index ERROR:  could not create unique index "unique_idx4"
2026-09-10 01:57:30.603 UTC postmaster[69699] pg_regress/create_index DETAIL:  Key (i)=(null) is duplicated.
2026-09-10 01:57:30.603 UTC postmaster[69699] pg_regress/create_index STATEMENT:  CREATE UNIQUE INDEX unique_idx4 ON unique_tbl (i) NULLS NOT DISTINCT;
2026-09-10 01:57:30.635 UTC postmaster[69699] pg_regress/create_index ERROR:  duplicate key value violates unique constraint "func_index_index"
2026-09-10 01:57:30.635 UTC postmaster[69699] pg_regress/create_index DETAIL:  Key (textcat(f1, f2))=(ABCDEF) already exists.
2026-09-10 01:57:30.635 UTC postmaster[69699] pg_regress/create_index STATEMENT:  INSERT INTO func_index_heap VALUES('ABCD', 'EF');
2026-09-10 01:57:30.656 UTC postmaster[69699] pg_regress/create_index ERROR:  duplicate key value violates unique constraint "func_index_index"
2026-09-10 01:57:30.656 UTC postmaster[69699] pg_regress/create_index DETAIL:  Key ((f1 || f2))=(ABCDEF) already exists.
2026-09-10 01:57:30.656 UTC postmaster[69699] pg_regress/create_index STATEMENT:  INSERT INTO func_index_heap VALUES('ABCD', 'EF');
2026-09-10 01:57:30.657 UTC postmaster[69699] pg_regress/create_index ERROR:  column "f1_f21" has pseudo-type record
2026-09-10 01:57:30.657 UTC postmaster[69699] pg_regress/create_index STATEMENT:  create index on func_index_heap ((f1 || f2), (row(f1, f2)));
2026-09-10 01:57:30.682 UTC postmaster[69699] pg_regress/create_index ERROR:  duplicate key value violates unique constraint "covering_index_index"
2026-09-10 01:57:30.682 UTC postmaster[69699] pg_regress/create_index DETAIL:  Key (f1, f2)=(1, 2) already exists.
2026-09-10 01:57:30.682 UTC postmaster[69699] pg_regress/create_index STATEMENT:  INSERT INTO covering_index_heap VALUES(1,2,'BBB');
2026-09-10 01:57:30.691 UTC postmaster[69699] pg_regress/create_index LOG:  process 69699 still waiting for ShareLock on virtual transaction 76/98 after 0.007 ms
2026-09-10 01:57:30.691 UTC postmaster[69699] pg_regress/create_index DETAIL:  Process holding the lock: 69699. Wait queue: 69699.
2026-09-10 01:57:30.691 UTC postmaster[69699] pg_regress/create_index CONTEXT:  waiting for ShareLock on virtual transaction 76/98
2026-09-10 01:57:30.691 UTC postmaster[69699] pg_regress/create_index STATEMENT:  CREATE INDEX CONCURRENTLY concur_index1 ON concur_heap(f2,f1);
xtc: backend fiber exiting pid=(loop=24,local=1,gen=3) code=0
xtc: supervisor observed normal backend fiber DOWN pid=(loop=24,local=1,gen=3)
2026-09-10 01:57:31.692 UTC postmaster[69699] pg_regress/create_index LOG:  process 69699 acquired ShareLock on virtual transaction 76/98 after 1000.241 ms
2026-09-10 01:57:31.692 UTC postmaster[69699] pg_regress/create_index CONTEXT:  waiting for ShareLock on virtual transaction 76/98
2026-09-10 01:57:31.692 UTC postmaster[69699] pg_regress/create_index STATEMENT:  CREATE INDEX CONCURRENTLY concur_index1 ON concur_heap(f2,f1);
2026-09-10 01:57:31.696 UTC postmaster[69699] pg_regress/create_index ERROR:  duplicate key value violates unique constraint "concur_index2"
2026-09-10 01:57:31.696 UTC postmaster[69699] pg_regress/create_index DETAIL:  Key (f1)=(b) already exists.
2026-09-10 01:57:31.696 UTC postmaster[69699] pg_regress/create_index STATEMENT:  INSERT INTO concur_heap VALUES ('b','x');
2026-09-10 01:57:31.697 UTC postmaster[69699] pg_regress/create_index ERROR:  could not create unique index "concur_index3"
2026-09-10 01:57:31.697 UTC postmaster[69699] pg_regress/create_index DETAIL:  Key (f2)=(b) is duplicated.
2026-09-10 01:57:31.697 UTC postmaster[69699] pg_regress/create_index STATEMENT:  CREATE UNIQUE INDEX CONCURRENTLY concur_index3 ON concur_heap(f2);
2026-09-10 01:57:31.703 UTC postmaster[69699] pg_regress/create_index ERROR:  CREATE INDEX CONCURRENTLY cannot run inside a transaction block
2026-09-10 01:57:31.703 UTC postmaster[69699] pg_regress/create_index STATEMENT:  CREATE INDEX CONCURRENTLY concur_index7 ON concur_heap(f1);
2026-09-10 01:57:31.721 UTC postmaster[69699] pg_regress/create_index ERROR:  could not create unique index "concur_index3"
2026-09-10 01:57:31.721 UTC postmaster[69699] pg_regress/create_index DETAIL:  Key (f2)=(b) is duplicated.
2026-09-10 01:57:31.721 UTC postmaster[69699] pg_regress/create_index STATEMENT:  REINDEX TABLE concur_heap;
2026-09-10 01:57:31.767 UTC postmaster[69699] pg_regress/create_index ERROR:  CREATE INDEX CONCURRENTLY cannot run inside a transaction block
2026-09-10 01:57:31.767 UTC postmaster[69699] pg_regress/create_index STATEMENT:  CREATE INDEX CONCURRENTLY concur_temp_ind ON concur_temp(f1);
2026-09-10 01:57:31.776 UTC postmaster[69699] pg_regress/create_index ERROR:  DROP INDEX CONCURRENTLY does not support dropping multiple objects
2026-09-10 01:57:31.776 UTC postmaster[69699] pg_regress/create_index STATEMENT:  DROP INDEX CONCURRENTLY "concur_index2", "concur_index3";
2026-09-10 01:57:31.777 UTC postmaster[69699] pg_regress/create_index ERROR:  DROP INDEX CONCURRENTLY cannot run inside a transaction block
2026-09-10 01:57:31.777 UTC postmaster[69699] pg_regress/create_index STATEMENT:  DROP INDEX CONCURRENTLY "concur_index5";
2026-09-10 01:57:31.832 UTC postmaster[69699] pg_regress/create_index ERROR:  cannot drop index cwi_replaced_pkey because constraint cwi_replaced_pkey on table cwi_test requires it
2026-09-10 01:57:31.832 UTC postmaster[69699] pg_regress/create_index HINT:  You can drop constraint cwi_replaced_pkey on table cwi_test instead.
2026-09-10 01:57:31.832 UTC postmaster[69699] pg_regress/create_index STATEMENT:  DROP INDEX cwi_replaced_pkey;
2026-09-10 01:57:31.834 UTC postmaster[69699] pg_regress/create_index ERROR:  index "cwi_uniq3_idx" column number 1 does not have default sorting behavior at character 26
2026-09-10 01:57:31.834 UTC postmaster[69699] pg_regress/create_index DETAIL:  Cannot create a primary key or unique constraint using such an index.
2026-09-10 01:57:31.834 UTC postmaster[69699] pg_regress/create_index STATEMENT:  ALTER TABLE cwi_test ADD UNIQUE USING INDEX cwi_uniq3_idx;
2026-09-10 01:57:31.836 UTC postmaster[69699] pg_regress/create_index ERROR:  index "cwi_uniq4_idx" column number 1 does not have default sorting behavior at character 26
2026-09-10 01:57:31.836 UTC postmaster[69699] pg_regress/create_index DETAIL:  Cannot create a primary key or unique constraint using such an index.
2026-09-10 01:57:31.836 UTC postmaster[69699] pg_regress/create_index STATEMENT:  ALTER TABLE cwi_test ADD UNIQUE USING INDEX cwi_uniq4_idx;
2026-09-10 01:57:31.840 UTC postmaster[69699] pg_regress/create_index ERROR:  ALTER TABLE / ADD CONSTRAINT USING INDEX is not supported on partitioned tables
2026-09-10 01:57:31.840 UTC postmaster[69699] pg_regress/create_index STATEMENT:  alter table cwi_test add primary key using index cwi_test_a_idx ;
2026-09-10 01:57:31.844 UTC postmaster[69699] pg_regress/create_index ERROR:  primary keys cannot use NULLS NOT DISTINCT indexes
2026-09-10 01:57:31.844 UTC postmaster[69699] pg_regress/create_index STATEMENT:  ALTER TABLE cwi_test ADD PRIMARY KEY USING INDEX cwi_a_nnd;
2026-09-10 01:57:31.847 UTC postmaster[69699] pg_regress/create_index ERROR:  index creation on system columns is not supported
2026-09-10 01:57:31.847 UTC postmaster[69699] pg_regress/create_index STATEMENT:  CREATE INDEX ON syscol_table (ctid);
2026-09-10 01:57:31.847 UTC postmaster[69699] pg_regress/create_index ERROR:  index creation on system columns is not supported
2026-09-10 01:57:31.847 UTC postmaster[69699] pg_regress/create_index STATEMENT:  CREATE INDEX ON syscol_table ((ctid >= '(1000,0)'));
2026-09-10 01:57:31.848 UTC postmaster[69699] pg_regress/create_index ERROR:  index creation on system columns is not supported
2026-09-10 01:57:31.848 UTC postmaster[69699] pg_regress/create_index STATEMENT:  CREATE INDEX ON syscol_table (a) WHERE ctid >= '(1000,0)';
2026-09-10 01:57:32.097 UTC postmaster[69699] pg_regress/create_index ERROR:  concurrent index creation for exclusion constraints is not supported
2026-09-10 01:57:32.097 UTC postmaster[69699] pg_regress/create_index STATEMENT:  REINDEX INDEX CONCURRENTLY  concur_reindex_tab3_c2_excl;
2026-09-10 01:57:32.097 UTC postmaster[69699] pg_regress/create_index WARNING:  cannot reindex exclusion constraint index "public.concur_reindex_tab3_c2_excl" concurrently, skipping
2026-09-10 01:57:32.100 UTC postmaster[69699] pg_regress/create_index ERROR:  conflicting key value violates exclusion constraint "concur_reindex_tab3_c2_excl"
2026-09-10 01:57:32.100 UTC postmaster[69699] pg_regress/create_index DETAIL:  Key (c2)=([2,5)) conflicts with existing key (c2)=([1,3)).
2026-09-10 01:57:32.100 UTC postmaster[69699] pg_regress/create_index STATEMENT:  INSERT INTO concur_reindex_tab3 VALUES  (4, '[2,4]');
TRAP: failed Assert("ThreadedRelOptionsMutexDepth > 0"), File: "reloptions.c", Line: 663, PID: 69699
postgres: ec2-user regression [local] (ExceptionalCondition+0x9e)[0xdb8dc3]
postgres: ec2-user regression [local] [0x4e1b4f]
postgres: ec2-user regression [local] [0x4e2cb2]
postgres: ec2-user regression [local] [0x4e2eac]
postgres: ec2-user regression [local] (add_local_int_reloption+0x49)[0x4e2f77]
postgres: ec2-user regression [local] (gtsvector_options+0x5e)[0xd4a43d]
postgres: ec2-user regression [local] (FunctionCall1Coll+0x81)[0xdcdf61]
postgres: ec2-user regression [local] (index_opclass_options+0x15d)[0x568912]
postgres: ec2-user regression [local] (RelationGetIndexAttOptions+0x12b)[0xda6148]
postgres: ec2-user regression [local] (RelationInitIndexAccessInfo+0x56b)[0xd9c95f]
postgres: ec2-user regression [local] [0xd9bb34]
postgres: ec2-user regression [local] [0xd9ef57]
postgres: ec2-user regression [local] [0xd9f5ce]
postgres: ec2-user regression [local] (RelationCacheInvalidateEntry+0xee)[0xd9f883]
postgres: ec2-user regression [local] (LocalExecuteInvalidationMessage+0x11f)[0xd8b195]
postgres: ec2-user regression [local] [0xd8a1ed]
postgres: ec2-user regression [local] (CommandEndInvalidationMessages+0xad)[0xd8d119]
postgres: ec2-user regression [local] [0x5d2777]
postgres: ec2-user regression [local] (CommandCounterIncrement+0x2ba)[0x5d1939]
postgres: ec2-user regression [local] (index_create+0x12b2)[0x6379de]
postgres: ec2-user regression [local] (DefineIndex+0x1ac2)[0x75b65d]
postgres: ec2-user regression [local] [0xbaa18a]
postgres: ec2-user regression [local] (standard_ProcessUtility+0xe95)[0xba91b7]
postgres: ec2-user regression [local] (ProcessUtility+0x10e)[0xba831b]
postgres: ec2-user regression [local] [0xba6835]
postgres: ec2-user regression [local] [0xba6b69]
postgres: ec2-user regression [local] (PortalRun+0x3ba)[0xba5ecb]
postgres: ec2-user regression [local] [0xb965a4]
postgres: ec2-user regression [local] [0xb9ddb3]
postgres: ec2-user regression [local] (PgSessionRunProtocolSchedulerUntilBoundary+0x17d)[0xba264b]
postgres: ec2-user regression [local] [0xba26f8]
postgres: ec2-user regression [local] (PostgresRunSession+0xf3)[0xba3366]
postgres: ec2-user regression [local] [0xb8ea88]
postgres: ec2-user regression [local] [0xa41602]
postgres: ec2-user regression [local] [0xa41471]
postgres: ec2-user regression [local] [0xa5650c]
postgres: ec2-user regression [local] [0xea9f0c]
postgres: ec2-user regression [local] [0xea359f]
/lib64/libc.so.6(+0x54ba0)[0x7f746c254ba0]
